draw_date,draw_date_text,year_be,first_prize,first_prize_digits,last3_numbers,last2_number,near_first_prize,special_first_prize_raw,prize2_numbers,prize3_numbers,prize4_numbers,prize5_numbers,has_detail_section,source_url,source_file
2006-12-30,ผลสลากกินแบ่งรัฐบาล งวดวันที่ 30 ธันวาคม 2549,2549,778584,6,164|403|811|971,07,778585|778583,รางวัลที่ 1 พิเศษ กลุ่มที่ 1 รางวัลละ 30 ล้านบาท ชุดที่ 28 หมายเลข 778584 กลุ่มที่ 2 รางวัลละ 16 ล้านบาท ชุดที่ 60 หมายเลข 778584,133134|468424|509756|515202|640052,039111|243210|672933|783856|883417|106962|572025|747619|788562|949422,002133|127527|356486|683160|867786|032265|157152|386925|689045|872541|044600|169222|396818|690297|896727|075557|187299|418273|738817|915911|095795|198514|434194|758710|929384|109439|213242|538756|770442|945876|110810|222038|606060|789377|947445|112031|264843|608167|829263|965430|126449|305297|613879|853486|981194|127436|310318|667721|864513|982009,004495|228417|398164|570848|737731|034106|230865|398995|584444|742541|049904|242039|409554|590319|748829|067124|242762|412334|592632|758763|069215|250155|432868|596595|772166|070092|288678|448126|627814|778816|100878|306411|463860|628798|781353|102543|313144|476405|642846|783383|129948|314042|496238|650510|804541|132951|321908|512379|653801|811450|139652|323772|512864|657303|814987|148659|332255|517389|658195|857430|158191|334385|524471|659826|858640|169092|360469|524612|672627|880979|178870|361908|526897|681301|896677|189115|369027|551450|702980|903983|191825|371207|554668|703296|921115|201127|386380|555292|704141|925084|203872|388597|564731|723828|956939|224131|389859|566015|731281|971877,True,https://myhora.com/lottery/result-30-12-2549.aspx,2006-12-30-BE2549.html
2006-12-16,ผลสลากกินแบ่งรัฐบาล งวดวันที่ 16 ธันวาคม 2549,2549,147977,6,197|439|647|694,45,147978|147976,รางวัลที่ 1 พิเศษ กลุ่มที่ 1 รางวัลละ 30 ล้านบาท ชุดที่ 28 หมายเลข 147977 กลุ่มที่ 2 รางวัลละ 16 ล้านบาท ชุดที่ 66 หมายเลข 147977,105757|353186|462842|623974|824724,052730|408524|466204|654192|702226|310391|463489|517390|671141|952333,003131|247660|410759|644415|880525|010500|255442|415964|648223|898055|040145|282971|451574|657760|904387|050135|292370|459729|659114|912962|121584|293462|469120|669134|917253|153682|341995|493374|671574|918280|170065|352345|520559|688570|953858|187753|355839|548131|723779|994379|205666|358315|562060|726648|995457|211655|384938|579925|756912|996392,018283|231177|438387|646757|795290|027618|235230|443336|665628|804994|030625|235863|461909|667264|805979|033487|241029|481562|671761|821412|077550|249951|486096|671853|824124|082337|260082|489356|677902|837002|085498|262003|492135|687839|839662|093516|279329|503769|689674|853425|097381|282602|519986|694264|868258|104679|287072|522649|699301|872350|108071|322277|540017|727989|879955|154539|328917|540330|730301|884148|157234|354355|549201|737208|886886|164691|365849|549471|739554|901544|185744|369210|558132|741933|903053|189894|375452|561944|762714|911730|198033|385401|571847|767548|913309|205521|403835|591315|767669|928840|229225|428882|614529|782266|937977|230456|430792|617312|794113|999653,True,https://myhora.com/lottery/result-16-12-2549.aspx,2006-12-16-BE2549.html
2006-12-01,ผลสลากกินแบ่งรัฐบาล งวดวันที่ 1 ธันวาคม 2549,2549,270052,6,091|236|462|621,12,270053|270051,รางวัลที่ 1 พิเศษ กลุ่มที่ 1 รางวัลละ 30 ล้านบาท ชุดที่ 17 หมายเลข 270052 กลุ่มที่ 2 รางวัลละ 16 ล้านบาท ชุดที่ 54 หมายเลข 270052,324883|427170|458197|481260|866114,016710|082810|592585|856205|984955|029857|510759|672789|957886|985261,010407|242128|363419|535796|720673|018099|249372|366936|568949|747439|018696|251722|371402|589200|789843|061287|264184|372225|592627|840225|089423|269748|379471|613906|900355|100559|282263|400442|627409|903711|159220|287218|413116|665362|917537|166060|324780|436587|686443|963615|178070|336520|438675|696620|971447|200112|348986|534696|709858|981207,004015|157088|383117|577536|760961|004028|162341|406904|581162|769350|009205|164666|418401|593950|779585|010397|208945|429887|601717|782644|014716|218432|432545|622017|792878|033673|235242|439004|633414|805393|048318|252365|455529|633447|834917|050192|255110|477085|661857|864966|052110|256360|479833|680316|884065|078624|257231|484780|686434|894131|080835|260022|487424|698017|926259|095791|269536|503592|707772|933660|100347|298096|506002|722609|940391|104235|314259|520478|726215|946330|111088|330762|544438|730916|968605|112079|339791|549267|742396|982081|132069|350478|552439|749051|986051|139548|374989|560625|754602|987172|146762|380507|563394|755621|991461|149218|381196|566081|760208|997723,True,https://myhora.com/lottery/result-01-12-2549.aspx,2006-12-01-BE2549.html
2006-11-16,ผลสลากกินแบ่งรัฐบาล งวดวันที่ 16 พฤศจิกายน 2549,2549,562856,6,307|347|508|680,94,562857|562855,รางวัลที่ 1 พิเศษ กลุ่มที่ 1 รางวัลละ 30 ล้านบาท ชุดที่ 05 หมายเลข 562856 กลุ่มที่ 2 รางวัลละ 16 ล้านบาท ชุดที่ 57 หมายเลข 562856,485253|579475|620846|971028|982688,142760|231701|474190|701842|859767|227490|354704|486760|807083|945718,008674|172971|371806|543603|792344|034917|180213|378382|582674|821243|040739|205577|391783|589055|821309|046150|241620|400953|612820|823739|062083|263324|408901|652058|829478|091772|289922|460130|711295|893861|109166|300314|470128|750608|921753|117833|334940|487158|757823|924704|135939|351721|513080|759214|935821|147196|356516|526522|790463|948581,011799|190438|325424|569442|757300|044530|193863|340429|572804|766119|074134|193865|348659|586399|771348|081952|210386|349855|588415|788377|084037|221285|350065|588534|834554|091853|227455|358852|599474|838351|100847|232264|385655|602079|839819|105140|239012|390179|602198|846594|115476|249194|390798|634807|850465|124636|257974|394344|644445|870198|139918|259113|395037|648536|885768|144709|287144|402937|652500|907878|149029|288614|429552|652713|908058|149170|290668|459615|653322|913339|150212|302593|528966|664505|922234|151138|306222|533486|672863|931002|170807|306336|538508|678994|949650|172082|308536|538998|684103|951249|182720|313028|552057|696445|972702|184207|316437|553144|745519|986650,True,https://myhora.com/lottery/result-16-11-2549.aspx,2006-11-16-BE2549.html
2006-11-01,ผลสลากกินแบ่งรัฐบาล งวดวันที่ 1 พฤศจิกายน 2549,2549,910957,6,137|647|739|905,29,910958|910956,รางวัลที่ 1 พิเศษ กลุ่มที่ 1 รางวัลละ 30 ล้านบาท ชุดที่ 21 หมายเลข 910957 กลุ่มที่ 2 รางวัลละ 16 ล้านบาท ชุดที่ 63 หมายเลข 910957,263770|373640|648300|757766|878847,225567|384329|432386|613572|835682|333871|425631|537758|627430|875281,021254|337729|446296|649556|860646|024728|342105|448808|656699|862939|051154|348358|455002|693456|917209|135377|369383|481127|734592|930590|177751|373325|481269|742423|956794|226503|375422|545675|769676|964844|256253|387306|555948|831949|984302|271092|402013|622532|832270|986162|278074|405908|631066|844183|986450|320078|409926|647479|858020|995811,018924|236449|402335|622834|833923|031401|248822|411251|630155|838905|037120|265190|412180|642526|850065|048111|267143|420727|678435|863253|057765|290654|428937|709107|867184|079680|294208|439640|718738|870106|082356|301042|447855|720200|870679|100459|303169|462953|724849|872657|114270|311402|469107|737322|873013|146492|315397|475565|740176|873522|155386|318168|491143|745691|882783|170676|318693|495388|751116|883768|176698|328649|496616|778655|893883|177671|352116|513173|782468|928625|179258|353188|543118|783927|934958|184531|353503|555148|790203|937584|187702|359507|566343|795483|953155|197175|359849|572975|811903|972919|208607|375891|600382|830468|973374|215301|392761|611471|833181|988285,True,https://myhora.com/lottery/result-01-11-2549.aspx,2006-11-01-BE2549.html
2006-10-16,ผลสลากกินแบ่งรัฐบาล งวดวันที่ 16 ตุลาคม 2549,2549,264825,6,092|358|832|903,58,264826|264824,รางวัลที่ 1 พิเศษ กลุ่มที่ 1 รางวัลละ 30 ล้านบาท ชุดที่ 21 หมายเลข 264825 กลุ่มที่ 2 รางวัลละ 16 ล้านบาท ชุดที่ 63 หมายเลข 264825,013817|279249|302646|755282|772299,046826|104325|201102|363641|623220|100272|158718|357973|569366|816234,005424|247796|508825|695212|887100|017848|279653|510563|724942|919434|072810|303256|575137|724975|928287|106474|317522|625411|725234|929426|114269|350231|654280|731541|933497|129075|396320|673068|791151|961899|140284|442658|684174|813001|977273|157304|468771|684417|828027|988369|234219|473927|685792|835465|995603|234686|507904|690573|839517|998032,002288|167536|353225|567065|829000|003884|198260|359594|576853|836018|045179|216747|379879|579168|844247|048392|229997|385810|635359|849591|057910|232172|388271|644447|852084|062019|234811|389885|647855|858953|066351|245363|397924|649179|863298|076714|247698|412074|650475|864341|083554|249600|463872|664216|868205|084640|249643|468330|682195|871670|089494|253714|483997|696483|919124|093236|254002|487841|711246|922806|099388|256008|489502|723350|933975|105825|261318|505844|754821|935260|111489|271237|515753|755859|957673|113481|274761|532735|755997|961884|132229|292534|537771|759037|964963|138901|298141|538424|767636|967446|159833|341360|549487|773572|982897|166348|344899|564387|778977|989291,True,https://myhora.com/lottery/result-16-10-2549.aspx,2006-10-16-BE2549.html
2006-10-01,ผลสลากกินแบ่งรัฐบาล งวดวันที่ 1 ตุลาคม 2549,2549,952335,6,007|804|879|951,92,952336|952334,รางวัลที่ 1 พิเศษ กลุ่มที่ 1 รางวัลละ 30 ล้านบาท ชุดที่ 23 หมายเลข 952335 กลุ่มที่ 2 รางวัลละ 16 ล้านบาท ชุดที่ 52 หมายเลข 952335,125025|283540|761608|854204|866017,060918|260855|430769|551925|868224|063575|357190|517721|856575|881012,015375|260912|390465|607709|798153|063399|280827|441412|609674|801605|078119|296726|443985|697084|835839|083147|323065|458171|700759|868689|094283|330369|465812|730393|881066|113431|340625|497012|755702|885764|121900|347886|523874|767619|908707|152874|360678|533677|772586|927803|203335|366051|594727|772881|953728|238249|390124|606075|777868|993678,004398|287716|452218|592066|832274|017613|290269|453337|610279|837310|018242|304320|453392|612138|841289|050778|307081|459550|626107|849148|066713|317934|460637|648139|863051|072061|348280|471383|666262|870675|081855|352714|476573|678806|873380|089994|354404|479091|689891|884831|100448|354863|480524|697165|898999|120076|361773|497283|707877|910570|124462|364827|502203|715960|911050|139809|380355|514222|719898|916445|147057|385078|543653|728053|931088|169669|392105|543838|740976|935961|184474|424696|544093|742998|941818|245305|428115|565084|759578|945233|245419|434605|571900|769709|947073|249728|440590|577675|794386|964061|266631|447199|582261|811426|965251|267481|447744|591650|830435|971842,True,https://myhora.com/lottery/result-01-10-2549.aspx,2006-10-01-BE2549.html
2006-09-16,ผลสลากกินแบ่งรัฐบาล งวดวันที่ 16 กันยายน 2549,2549,217948,6,121|290|864|916,41,217949|217947,รางวัลที่ 1 พิเศษ กลุ่มที่ 1 รางวัลละ 30 ล้านบาท ชุดที่ 06 หมายเลข 217948 กลุ่มที่ 2 รางวัลละ 16 ล้านบาท ชุดที่ 65 หมายเลข 217948,104218|538129|814043|929921|977467,044651|055844|527714|627570|843515|047012|480798|627297|642874|940422,048826|261517|385852|582736|787137|051936|265361|388402|611003|821036|102564|266614|406132|652939|833222|141156|269162|412191|664514|841851|172528|270938|455716|667339|883285|180206|291974|470160|673236|889829|195215|299500|488754|730202|919355|200002|316210|524101|731594|937028|216721|361057|569602|758404|939917|238628|369634|581635|783085|960606,043770|143564|378243|521883|736167|045668|144481|382704|558436|736805|046438|158834|386282|559081|739434|049208|179456|387612|577093|739789|071071|188360|393135|580394|740986|072253|196844|406122|590928|758388|077261|199621|420141|591640|792152|081251|208694|438870|597774|793429|085807|251552|440286|602033|805797|086037|263487|440838|609276|820950|087446|266219|445400|632180|832036|089236|271329|445600|637321|863823|091521|280762|461592|638538|869199|096568|316676|461872|645779|888482|108884|321656|465760|666416|895665|112364|325818|476065|675125|924541|120375|330127|484196|696851|950666|129247|366186|486997|720657|978770|134020|367465|498124|724291|986544|137991|377605|498327|728557|991370,True,https://myhora.com/lottery/result-16-09-2549.aspx,2006-09-16-BE2549.html
2006-09-01,ผลสลากกินแบ่งรัฐบาล งวดวันที่ 1 กันยายน 2549,2549,381761,6,093|600|626|693,44,381762|381760,รางวัลที่ 1 พิเศษ กลุ่มที่ 1 รางวัลละ 30 ล้านบาท ชุดที่ 14 หมายเลข 381761 กลุ่มที่ 2 รางวัลละ 16 ล้านบาท ชุดที่ 60 หมายเลข 381761,054367|259647|521270|843029|933064,167007|325483|599427|776027|922123|240060|330775|640882|791146|958391,016070|259953|467072|699006|880686|032067|281817|482371|717585|884761|072328|288917|502015|722561|897454|102662|296573|553265|755320|915085|115938|308558|588784|771602|915345|139062|324631|623811|771782|937006|151616|358403|631507|787160|941043|166354|378862|642343|841094|950063|249028|429598|649066|841214|951863|256431|430197|661767|860553|986643,012855|220130|352659|511894|738179|014111|223883|354642|520821|793134|030690|223956|356714|524589|806013|034013|231987|362229|543191|808340|056626|234743|364016|547322|853093|076724|236106|365654|563934|862964|093497|251108|367774|568252|870582|102877|261999|367848|574998|871197|108561|262388|370061|603471|873147|110878|291190|387878|604683|876065|112674|291853|391843|607865|915114|140981|293649|414321|611686|920234|150957|294987|432807|619228|924754|152474|300200|436773|631718|947946|171064|303804|455712|651932|949877|180715|305347|456673|664501|959173|186053|324105|465365|693973|970491|189451|331873|469043|703422|971062|202134|339671|470673|708417|982020|206793|352217|479439|715385|999075,True,https://myhora.com/lottery/result-01-09-2549.aspx,2006-09-01-BE2549.html
2006-08-16,ผลสลากกินแบ่งรัฐบาล งวดวันที่ 16 สิงหาคม 2549,2549,977486,6,103|221|230|305,91,977487|977485,รางวัลที่ 1 พิเศษ กลุ่มที่ 1 รางวัลละ 30 ล้านบาท ชุดที่ 25 หมายเลข 977486 กลุ่มที่ 2 รางวัลละ 16 ล้านบาท ชุดที่ 52 หมายเลข 977486,144321|758966|833862|985518|993079,149779|477655|570235|787564|958382|175958|489361|775865|885638|962378,007025|151143|474629|565307|817027|020881|155771|475456|605610|859283|052233|184225|481338|623117|875725|062753|261386|494718|648646|904782|074941|288005|524645|661014|915302|078307|314185|528467|693088|926431|082169|362322|531758|710670|926543|085775|363841|531956|796678|932227|090904|387791|543219|805726|953505|132383|408842|543523|812155|974211,003962|226994|388534|562078|795117|031910|229316|396051|573731|797471|038907|236894|400596|601907|817212|041131|243425|413947|603445|818896|052336|253520|427848|657018|822459|056808|274131|431205|670364|848930|071767|280423|435904|688502|849095|093977|282788|460802|689473|855239|097217|283369|461233|691414|878143|117677|284737|463613|700448|879582|131385|293015|484400|705923|884679|133634|306036|496187|715859|900666|156569|324971|514067|717769|906600|158941|333874|517637|720517|908327|174730|343980|518822|733851|948849|176001|346284|528695|738870|960011|176246|373311|532125|750302|972360|185179|373427|533503|775907|992529|202456|375379|538095|783143|996374|215404|381143|538509|787468|999673,True,https://myhora.com/lottery/result-16-08-2549.aspx,2006-08-16-BE2549.html
2006-08-01,ผลสลากกินแบ่งรัฐบาล งวดวันที่ 1 สิงหาคม 2549,2549,238654,6,005|487|817|847,88,238655|238653,รางวัลที่ 1 พิเศษ กลุ่มที่ 1 รางวัลละ 30 ล้านบาท ชุดที่ 14 หมายเลข 238654 กลุ่มที่ 2 รางวัลละ 16 ล้านบาท ชุดที่ 54 หมายเลข 238654,131420|144510|492344|854719|854929,173744|311019|461033|769597|947678|273717|320772|750894|930598|965405,021219|233925|527610|668744|862245|087713|247357|547690|674406|875213|095517|287852|570761|685814|877500|139709|422631|578358|690889|892449|160034|425702|580808|740497|894321|168297|429559|610847|763527|909831|171520|452773|618201|801762|948230|200530|484762|618861|804356|958115|204594|496653|644016|813123|970904|217953|509655|661242|825439|973330,001758|136279|339250|560138|797709|008475|136888|356975|568863|798040|018902|160772|367736|586257|808441|033424|169406|368437|601401|816088|033728|170549|397815|614408|816535|035297|201810|436994|640233|825872|042962|210247|437505|651763|830448|043270|224814|453300|660471|836990|066334|226758|453563|669102|840041|073455|228695|462930|673592|840618|077387|235308|463359|678967|844401|080641|253699|463731|696364|852362|093168|256301|473171|697343|896421|096677|257936|485383|712239|898752|099879|263467|496615|727555|903120|105182|264727|496932|751887|913507|107961|268798|507724|756034|974267|111308|281248|508646|757879|975465|111462|289960|545285|768891|990443|122412|327710|552524|792339|995599,True,https://myhora.com/lottery/result-01-08-2549.aspx,2006-08-01-BE2549.html
2006-07-16,ผลสลากกินแบ่งรัฐบาล งวดวันที่ 16 กรกฎาคม 2549,2549,512434,6,098|432|518|989,48,512435|512433,รางวัลที่ 1 พิเศษ กลุ่มที่ 1 รางวัลละ 30 ล้านบาท ชุดที่ 13 หมายเลข 512434 กลุ่มที่ 2 รางวัลละ 16 ล้านบาท ชุดที่ 65 หมายเลข 512434,004802|282436|522504|630981|744768,024146|181916|517700|685931|725044|153731|184217|549461|694808|987861,032203|221594|467132|752623|849899|037167|241141|497507|759383|854530|067476|245854|505372|780367|868238|085593|248433|515075|802003|879864|086441|273865|560252|805973|908692|121614|287504|566958|812517|909978|126025|333106|636326|816976|933764|141056|412729|705271|817647|972714|189182|419457|707585|823685|977547|205428|438329|750422|832374|987385,001282|291270|462301|592573|748545|001971|305452|476358|599347|765653|034485|321336|478999|607796|775085|035186|325153|486126|626050|776244|041680|347742|511404|634086|854431|087650|353564|513455|637859|862833|118459|363597|515487|644139|863838|135090|367960|515860|645933|864659|136837|373975|537934|655067|865271|154586|397726|541103|672164|904053|161218|398327|541163|686159|916380|166006|404168|550120|697752|920225|169185|413252|552850|704085|926746|180108|428948|553343|704900|952110|186773|433638|564402|706811|952174|220994|452734|572566|711090|967031|231692|455641|574494|712576|975802|239174|455696|575800|714670|985698|243128|457241|582044|742370|987538|285356|462091|589063|746820|989768,True,https://myhora.com/lottery/result-16-07-2549.aspx,2006-07-16-BE2549.html
2006-07-01,ผลสลากกินแบ่งรัฐบาล งวดวันที่ 1 กรกฎาคม 2549,2549,952890,6,017|126|183|839,65,952891|952889,รางวัลที่ 1 พิเศษ กลุ่มที่ 1 รางวัลละ 30 ล้านบาท ชุดที่ 25 หมายเลข 952890 กลุ่มที่ 2 รางวัลละ 16 ล้านบาท ชุดที่ 57 หมายเลข 952890,119710|363605|659962|675830|741173,048808|268693|623247|729851|907130|120093|542625|677247|866763|976757,058659|222400|490684|601013|856005|071994|276050|494517|633281|857212|084172|297043|500946|659649|860991|094611|349250|504543|675442|863432|106163|363685|512653|711644|908502|116744|407781|515628|718035|927200|138431|419584|516307|753869|940937|170574|458009|541628|763454|950994|172314|471174|587155|790736|965102|211945|488380|593650|852766|996218,002416|205987|479036|661752|823156|018171|212527|521617|670228|828359|025793|226196|523448|679812|849479|027939|227775|534594|686028|851793|061941|242804|548369|690558|858503|067464|247490|548801|695199|866133|083533|258706|559157|698414|871271|089094|264576|560264|704265|875055|090123|316051|587661|711448|890108|108774|346978|594571|711834|894067|143859|347738|596665|719237|950223|146865|352666|611042|723264|950701|148558|361943|611982|728257|969527|162849|382568|613085|733364|970907|163502|397295|617424|737532|977870|168272|416914|637654|754244|981293|173141|417417|641162|772652|988800|184188|425711|642651|777535|993214|188081|426828|645808|783629|995312|195030|441929|661643|822450|998147,True,https://myhora.com/lottery/result-01-07-2549.aspx,2006-07-01-BE2549.html
2006-06-16,ผลสลากกินแบ่งรัฐบาล งวดวันที่ 16 มิถุนายน 2549,2549,100935,6,250|381|410|595,17,100936|100934,รางวัลที่ 1 พิเศษ กลุ่มที่ 1 รางวัลละ 30 ล้านบาท ชุดที่ 27 หมายเลข 100935 กลุ่มที่ 2 รางวัลละ 16 ล้านบาท ชุดที่ 59 หมายเลข 100935,019023|109336|298558|406788|553082,075418|320086|412178|717988|980290|170520|361499|557876|803231|980649,036869|274964|466095|660366|894939|061408|297826|468335|668641|899590|064798|346282|471936|683178|907038|092053|373374|474396|702537|908301|191696|375849|503873|722549|912614|222957|404035|512791|735273|912900|226916|414968|513125|745975|913395|229469|432970|515591|834215|931212|252052|435721|627845|845099|989227|260975|444258|653621|868785|989677,004345|198624|359404|632014|771676|007590|200790|391017|635194|771967|020467|212079|396326|639510|780061|030092|214120|412244|643545|816245|041239|219473|413657|661320|841662|043255|227698|431036|664891|859657|045240|234189|446720|668824|870387|070255|239855|447773|670887|874324|070688|254042|474620|671075|877364|076563|255828|474663|676852|909602|078502|278679|482684|677002|922225|094195|280725|488221|694403|924673|099818|305001|498210|706628|926497|121205|314403|498948|717234|929690|140343|319486|527515|717354|943229|142681|319997|532409|739675|958052|155402|335046|583925|740569|958786|156212|337426|594916|744815|968141|164895|338803|604137|750045|977547|187237|345254|605138|770940|981491,True,https://myhora.com/lottery/result-16-06-2549.aspx,2006-06-16-BE2549.html
2006-06-01,ผลสลากกินแบ่งรัฐบาล งวดวันที่ 1 มิถุนายน 2549,2549,810850,6,149|382|526|664,99,810851|810849,รางวัลที่ 1 พิเศษ กลุ่มที่ 1 รางวัลละ 30 ล้านบาท ชุดที่ 27 หมายเลข 810850 กลุ่มที่ 2 รางวัลละ 16 ล้านบาท ชุดที่ 55 หมายเลข 810850,268996|306630|385611|602326|939723,052971|171303|269026|512429|533862|163164|242004|333999|521602|709405,027550|295107|474188|718883|854487|039955|304667|523262|720408|862670|079262|308251|532263|733877|870038|079610|362851|538430|751571|878216|103307|365828|578669|798315|916149|122315|407256|597393|801995|923597|139114|415721|608029|804897|927241|155114|452332|617069|830618|930355|211411|453290|660967|846038|942304|262534|465937|670334|852078|985207,012371|224182|369019|607814|801308|019964|225097|408903|617497|834555|033968|231530|412332|617516|837697|037599|233695|417430|623535|874025|058002|235493|426682|649722|875710|065088|252840|443751|652842|879451|090544|258820|450423|668830|889325|099244|259160|469476|672773|894544|108417|265610|483158|692453|925541|125302|279226|492138|692469|927770|145258|286614|522178|694402|933034|156602|287439|535884|701074|933539|180098|296665|556112|703289|934695|183297|297860|566213|732560|940236|187005|299107|568704|738961|942832|196409|324737|588097|762755|946179|210491|328617|590424|768396|948844|215019|330303|602552|771543|951460|220640|360463|604790|799023|968137|221054|367925|606328|800707|989446,True,https://myhora.com/lottery/result-01-06-2549.aspx,2006-06-01-BE2549.html
2006-05-16,ผลสลากกินแบ่งรัฐบาล งวดวันที่ 16 พฤษภาคม 2549,2549,100344,6,386|463|696|811,71,100345|100343,รางวัลที่ 1 พิเศษ กลุ่มที่ 1 รางวัลละ 30 ล้านบาท ชุดที่ 29 หมายเลข 100344 กลุ่มที่ 2 รางวัลละ 16 ล้านบาท ชุดที่ 57 หมายเลข 100344,362554|453015|607382|944696|962548,151759|542360|623811|660225|797903|277338|592675|643769|782588|828479,034613|176111|343849|562750|810033|061646|184345|356182|635002|849871|084941|207110|371207|655344|859600|087896|219831|372182|663740|893052|089880|232897|415277|681127|905172|094856|245431|425456|683134|914764|096527|309500|476772|703749|945624|100017|309668|523254|738674|949587|112998|332756|531423|741492|957859|126061|342072|547036|757943|986550,017664|213465|507644|661307|841882|029275|215711|512322|684016|851852|034961|236412|529202|688013|856159|068553|243446|529571|694534|868827|072191|270886|532496|697032|879366|091032|278856|534910|697481|885415|108416|322647|540441|720088|891282|112221|331315|547849|736884|905431|116642|367639|578447|748596|926097|118088|371602|579018|750881|928506|132011|385040|580376|754096|934748|133759|389806|583792|772995|941484|148385|402565|606273|782792|963186|153976|431269|625796|784155|965975|156631|449943|626683|788720|973794|160414|451796|630419|789360|977524|171737|470031|640604|816710|986341|178901|493354|640677|820839|990715|195972|496562|655996|827991|993436|204461|498496|656080|829855|999203,True,https://myhora.com/lottery/result-16-05-2549.aspx,2006-05-16-BE2549.html
2006-05-02,ผลสลากกินแบ่งรัฐบาล งวดวันที่ 2 พฤษภาคม 2549,2549,024554,6,006|082|117|438,27,024555|024553,รางวัลที่ 1 พิเศษ กลุ่มที่ 1 รางวัลละ 30 ล้านบาท ชุดที่ 30 หมายเลข 024554 กลุ่มที่ 2 รางวัลละ 16 ล้านบาท ชุดที่ 57 หมายเลข 024554,276802|355352|432671|783804|979511,052360|305998|440454|599424|772919|125266|411621|592487|713603|891652,000636|131695|398124|745523|902792|016297|161328|503380|770500|909742|025449|183666|504405|789828|912041|070663|191138|525716|791732|935163|072918|201007|527746|802502|938280|091782|215223|527985|817974|941781|092803|268300|532850|841879|944903|105682|308094|604214|848546|968648|124950|323119|635053|884443|989957|127824|338523|732948|891467|997205,010795|170147|454576|627683|813809|015797|223437|469828|636154|819260|026822|239521|473809|637631|825777|027144|240319|479134|642224|839730|032632|240545|481257|644897|844406|036251|246676|498768|658030|852325|049140|248018|499740|658628|861768|059968|269260|512623|662861|871198|069988|286945|521505|677949|877092|075995|306933|532084|691644|889339|090775|311763|532736|694864|890906|116029|314447|541420|698132|893790|118864|320092|548585|705818|894141|140508|321301|558111|706864|898129|142465|333829|570440|714120|898712|144507|379598|596027|745221|907814|144534|383213|599530|754288|918268|153684|394839|603265|758096|966677|155068|415250|619589|788446|968874|165919|418484|625811|811034|980935,True,https://myhora.com/lottery/result-02-05-2549.aspx,2006-05-02-BE2549.html
2006-04-16,ผลสลากกินแบ่งรัฐบาล งวดวันที่ 16 เมษายน 2549,2549,038564,6,210|442|769|877,49,038565|038563,รางวัลที่ 1 พิเศษ กลุ่มที่ 1 รางวัลละ 30 ล้านบาท ชุดที่ 29 หมายเลข 038564 กลุ่มที่ 2 รางวัลละ 16 ล้านบาท ชุดที่ 63 หมายเลข 038564,116345|200431|275512|373103|957592,001793|212625|354669|718193|895730|205662|328166|677838|859758|940172,000109|297561|482815|589948|825206|004948|303553|485536|616304|841350|097804|333958|492356|616831|846979|122462|352136|495049|632693|848963|141517|354795|518838|634687|867420|180272|360622|541552|664630|902882|247126|368983|550988|743939|916018|280076|391886|579643|753031|937170|289948|459398|589023|753579|940107|291665|469096|589882|801981|982998,034767|158846|382724|596199|834343|037753|159448|383910|628303|835210|048885|161168|409984|631315|858243|054675|174376|412879|635020|861863|059850|182552|426724|642558|864239|062439|197548|428686|643204|875712|066382|224811|440709|643409|878502|070680|246459|471731|650373|881208|086699|248628|477235|661187|889226|087540|261891|524110|671726|890089|091080|270466|525415|681904|893135|112478|297884|538277|729798|900220|116617|301988|551713|730480|906061|118212|305438|560506|757907|910848|128138|326231|566827|776716|911698|129187|329238|568346|779586|925542|147556|346830|580694|789900|932834|148312|351697|583314|808910|953767|150444|359933|586802|809413|955457|153701|373805|587607|809778|978979,True,https://myhora.com/lottery/result-16-04-2549.aspx,2006-04-16-BE2549.html
2006-04-01,ผลสลากกินแบ่งรัฐบาล งวดวันที่ 1 เมษายน 2549,2549,738365,6,064|301|522|955,95,738366|738364,รางวัลที่ 1 พิเศษ กลุ่มที่ 1 รางวัลละ 30 ล้านบาท ชุดที่ 11 หมายเลข 738365 กลุ่มที่ 2 รางวัลละ 16 ล้านบาท ชุดที่ 65 หมายเลข 738365,142338|235609|304000|506199|856615,052073|457673|622542|894721|978571|133290|513400|845022|969453|980475,004737|266306|461864|568888|769225|011229|277230|484730|572439|772374|042805|354807|507535|585919|791563|068499|370950|517467|620544|822045|117232|375410|518786|680691|832806|137240|383655|529570|687991|866949|193765|393051|530660|705730|913309|206036|396153|543231|724215|950216|211652|430442|553965|756592|957650|221107|454335|564064|765179|999288,000132|229693|408483|658840|793147|007621|230918|440364|668165|813579|019860|238362|463663|669784|816481|045250|268953|490368|679985|872980|061037|270956|501959|680228|876256|085781|285164|509974|687501|887369|100852|298875|556605|689257|890928|105862|304663|563108|712660|891233|134677|312851|567921|718008|892926|139273|314897|580374|732932|894595|160685|339619|581805|739891|896697|162175|340278|583762|741085|906521|173735|362200|593863|758469|914335|178292|376184|611429|764856|919825|182792|386270|617652|786080|953869|184431|386597|626080|787076|956481|186836|394587|642277|787551|956933|191458|402053|652616|787701|957957|207532|406450|657171|787961|997397|226808|408036|657212|792186|999498,True,https://myhora.com/lottery/result-01-04-2549.aspx,2006-04-01-BE2549.html
2006-03-16,ผลสลากกินแบ่งรัฐบาล งวดวันที่ 16 มีนาคม 2549,2549,936177,6,185|205|320|486,30,936178|936176,รางวัลที่ 1 พิเศษ กลุ่มที่ 1 รางวัลละ 30 ล้านบาท ชุดที่ 04 หมายเลข 936177 กลุ่มที่ 2 รางวัลละ 16 ล้านบาท ชุดที่ 63 หมายเลข 936177,205582|435251|619721|776441|908103,139646|196928|492098|627290|888900|186845|201454|515196|875399|950603,009678|194082|420646|649811|858496|034939|210973|465693|701784|871389|035831|215469|471763|715537|900001|088533|223012|477965|727486|906959|092315|237995|479727|758153|925767|126035|243891|482987|775688|928740|150411|258285|517910|780941|933092|160993|319815|571739|795301|969493|187154|336512|591405|821562|976012|188397|385747|640370|849832|982804,001514|213443|452887|644121|826854|005216|256445|471096|646573|837031|034881|262020|472039|653488|838333|086197|262939|472627|662068|856764|100052|269293|481124|678315|863675|109453|297628|496469|681649|881351|115075|302105|498631|708158|888017|115334|305201|502477|712495|923506|117253|315330|512461|726094|930921|122055|317971|542588|736965|932746|138170|322352|549976|744916|935020|148251|336549|553042|747864|946899|169560|378477|553942|754973|953321|179020|385302|556817|761407|959129|179998|388359|559571|781845|963586|188422|399391|565971|783530|988501|192723|400837|573791|793087|988674|199992|420313|592542|817104|990477|201456|428212|600432|822785|990828|207647|440311|621862|824761|999541,True,https://myhora.com/lottery/result-16-03-2549.aspx,2006-03-16-BE2549.html
2006-03-01,ผลสลากกินแบ่งรัฐบาล งวดวันที่ 1 มีนาคม 2549,2549,582473,6,108|586|801|914,43,582474|582472,รางวัลที่ 1 พิเศษ กลุ่มที่ 1 รางวัลละ 30 ล้านบาท ชุดที่ 28 หมายเลข 582473 กลุ่มที่ 2 รางวัลละ 16 ล้านบาท ชุดที่ 60 หมายเลข 582473,004324|006344|012119|459879|691512,030239|350897|502924|662756|785091|139218|481203|610582|738324|871089,004518|193194|398241|703671|802891|021144|209799|403185|722513|809699|036005|239228|441030|733292|819075|049333|257009|460908|747656|820070|053464|289386|474241|759506|825745|055356|293151|483260|764731|890497|088529|295300|519481|775717|900994|120993|312786|582519|780664|952960|127987|348555|692169|783390|975400|180207|368064|702448|801492|997491,004732|197006|348671|553675|726879|013544|197585|348918|557945|730989|038840|202234|375434|567378|731874|043344|207904|384158|573364|789465|046772|215498|386584|577127|795823|071333|219315|395652|592588|818992|076609|244180|431098|592908|854186|090693|249812|456091|594147|864449|099517|269013|462464|594972|865120|103092|274830|464089|610858|900946|105977|281174|465463|611275|904783|123893|287575|466263|637812|911580|143842|293758|473801|648765|928492|158852|300601|494012|649944|939422|159597|302080|505057|688500|959549|161320|302469|506575|691743|968065|166582|312170|520384|702785|972982|170262|312250|534349|705980|973626|183091|314866|546821|706814|974450|190763|343227|548850|718525|975711,True,https://myhora.com/lottery/result-01-03-2549.aspx,2006-03-01-BE2549.html
2006-02-16,ผลสลากกินแบ่งรัฐบาล งวดวันที่ 16 กุมภาพันธ์ 2549,2549,317009,6,135|240|280|784,66,317010|317008,รางวัลที่ 1 พิเศษ กลุ่มที่ 1 รางวัลละ 30 ล้านบาท ชุดที่ 17 หมายเลข 317009 กลุ่มที่ 2 รางวัลละ 16 ล้านบาท ชุดที่ 60 หมายเลข 317009,044299|163286|165767|337158|982152,201308|293926|479842|589661|694496|252502|295355|553177|655757|846747,013411|251340|396274|746081|887079|022977|294456|413420|758521|892516|037037|304622|446938|758949|902323|095404|351473|450497|772227|906420|100285|357263|483227|790460|907872|175285|359439|605003|800921|933150|187710|360424|658735|851374|935253|195044|364207|682021|857597|939923|217761|366154|688968|859435|946640|222096|368306|689391|886575|992157,016603|226936|460437|652527|819398|024620|249852|483474|658071|827028|037449|251172|492928|660409|832407|048034|282319|497606|661987|847127|054843|286438|500101|663202|850701|059444|315893|507112|665909|867347|079778|329942|510018|669113|869196|087239|336118|525652|679346|873349|093356|345749|549262|683290|886121|094485|354445|549651|690154|898519|098245|357684|552822|697818|900623|101698|358118|554345|704272|920296|101882|363956|558471|733975|925503|125292|382532|565420|743598|928651|128913|399860|565445|767139|930619|130677|400488|569460|772707|971070|180179|400832|587459|779778|979778|192303|406394|619280|793191|983536|210403|437299|636440|806130|987401|213717|454967|637154|817793|990942,True,https://myhora.com/lottery/result-16-02-2549.aspx,2006-02-16-BE2549.html
2006-02-01,ผลสลากกินแบ่งรัฐบาล งวดวันที่ 1 กุมภาพันธ์ 2549,2549,412729,6,149|384|720|915,87,412730|412728,รางวัลที่ 1 พิเศษ กลุ่มที่ 1 รางวัลละ 30 ล้านบาท ชุดที่ 06 หมายเลข 412729 กลุ่มที่ 2 รางวัลละ 16 ล้านบาท ชุดที่ 56 หมายเลข 412729,170727|360314|510814|708423|796931,044321|184260|191830|696413|879687|119249|187068|461446|866650|935199,035620|215245|424664|549627|757241|041287|264851|425029|564640|792431|052430|269683|450402|579005|839118|068762|286728|466698|583800|839396|099078|317941|468393|614959|907965|121590|369767|481992|624012|926366|134529|405129|506432|638834|931600|145817|408410|524962|697747|974062|190226|423027|538378|701133|974337|211163|424575|545322|731178|999608,006701|195135|379152|641334|805650|019026|200080|389892|643395|821383|037023|200726|394219|657863|837536|043379|207921|403846|672315|837998|052573|222385|417482|677996|840373|083234|244725|424039|680930|852006|088401|246980|430870|682829|870318|095723|252754|432758|686804|872831|100349|253365|444568|696623|873793|110393|269335|456939|697639|879915|120256|270700|474423|717130|889082|123316|273053|478073|730617|892554|138986|288851|526824|730641|893486|143010|291926|541047|754745|900296|145618|303315|543836|758407|905105|165728|310181|546956|761212|953043|172435|319118|570836|769150|968539|176440|342117|606935|783533|970548|177612|354870|626732|784349|971988|185949|355164|637289|786509|973051,True,https://myhora.com/lottery/result-01-02-2549.aspx,2006-02-01-BE2549.html
2006-01-16,ผลสลากกินแบ่งรัฐบาล งวดวันที่ 16 มกราคม 2549,2549,432747,6,200|222|789|965,79,432748|432746,รางวัลที่ 1 พิเศษ กลุ่มที่ 1 รางวัลละ 30 ล้านบาท ชุดที่ 08 หมายเลข 432747 กลุ่มที่ 2 รางวัลละ 16 ล้านบาท ชุดที่ 61 หมายเลข 432747,017098|286775|504033|711891|770597,026533|154038|477542|561065|927387|148337|408930|536001|609707|993953,022430|207975|417912|587106|778520|048578|227182|445653|625933|780589|094601|229125|446504|650436|785140|096277|240272|472785|664216|799621|105854|259775|512526|669945|809307|132671|279524|516091|719911|844669|134044|296388|526534|737446|881865|138104|307856|540813|737499|891207|155421|335911|563382|769799|948901|168434|353379|578749|772307|978484,015636|241211|427906|588334|773421|021411|241250|452849|605081|779836|032823|249337|459991|608148|791314|035648|249381|469828|608798|801081|041662|249568|479756|635490|804355|050142|263944|484142|636744|808174|093055|266344|493346|644419|814267|096196|271566|495257|655180|820777|101412|273210|496530|661921|835571|104533|285397|502028|665935|876744|130481|287631|502124|677149|877242|136080|297111|503642|677880|894375|136834|297287|511271|697069|900633|149063|323612|512936|703917|920491|153464|340505|521148|708885|931209|183838|361742|523639|712607|937687|188449|390570|540949|718785|938443|202261|403832|554809|734193|954504|206196|411268|576676|752983|965520|239033|412379|581793|754377|986910,True,https://myhora.com/lottery/result-16-01-2549.aspx,2006-01-16-BE2549.html
2005-12-30,ผลสลากกินแบ่งรัฐบาล งวดวันที่ 30 ธันวาคม 2548,2548,492955,6,066|150|308|742,94,492956|492954,รางวัลที่ 1 พิเศษ กลุ่มที่ 1 รางวัลละ 30 ล้านบาท ชุดที่ 29 หมายเลข 492955 กลุ่มที่ 2 รางวัลละ 16 ล้านบาท ชุดที่ 60 หมายเลข 492955,101394|148217|275358|310470|961622,090528|233980|571294|757679|970949|103424|346785|712442|860601|972093,010902|161257|316545|477544|806903|032892|167339|320451|546749|820627|070795|189038|335227|559991|856834|093329|214757|338511|603564|881385|107872|234046|398887|636030|903640|134670|243308|436648|668069|925122|135159|244087|444185|684220|928874|140401|258471|452889|695032|939141|141671|261669|464349|736650|957396|151179|285073|465481|792484|966782,003457|285323|460021|606767|766021|003537|287236|464776|609661|766733|005332|295552|465066|632403|786801|025785|314184|476393|635590|793054|027555|316473|482449|635684|799706|042254|363233|495420|635758|827667|044854|385275|502858|650061|832303|056981|388898|511065|650757|848281|080286|390904|514201|658908|858875|135559|398175|516600|686794|861834|145972|410673|517422|688290|873105|151303|427880|519773|691123|880571|161412|428529|520359|692248|882495|164938|436234|522348|703294|899806|207026|436310|530615|711225|901791|210627|437746|553414|713246|907027|215325|443707|565636|717553|922559|227783|448023|593071|733239|924393|251542|456619|593564|755338|944994|261115|458708|606250|761377|993767,True,https://myhora.com/lottery/result-30-12-2548.aspx,2005-12-30-BE2548.html
2005-12-16,ผลสลากกินแบ่งรัฐบาล งวดวันที่ 16 ธันวาคม 2548,2548,449565,6,162|802|958|994,86,449566|449564,รางวัลที่ 1 พิเศษ กลุ่มที่ 1 รางวัลละ 30 ล้านบาท ชุดที่ 18 หมายเลข 449565 กลุ่มที่ 2 รางวัลละ 16 ล้านบาท ชุดที่ 55 หมายเลข 449565,224614|481796|500172|526170|694993,250286|323214|501735|705796|775392|260975|427564|521872|765923|990741,005182|211657|376058|634685|829822|014876|221432|377817|650033|879805|054716|235682|389092|658457|917949|079100|237491|391869|697616|924643|113717|245386|430739|712338|925712|123221|255404|504844|724438|933643|132503|301604|520914|774616|963724|137027|304618|542939|790203|989606|163050|306404|585350|795688|991281|180967|321570|614887|827773|995602,002932|197905|363431|525250|803955|020967|204134|373263|563282|817617|036040|205091|373696|573081|823632|037281|205136|384109|574287|834434|037742|219474|389024|590010|845443|047544|220105|394349|592477|853163|066975|230520|395691|592761|859603|076834|232162|397473|620553|868610|093974|238968|401446|624777|887080|099803|240743|415232|631746|893371|122721|246322|423820|637105|903870|126141|267664|425665|656855|928192|147547|284476|428824|661468|929921|162506|284648|430560|670140|932144|167779|286216|446913|674741|966094|180357|306214|462595|675356|969682|182625|310790|462892|681066|970406|186295|326100|489664|687226|974706|195706|353823|491189|689765|982021|196826|355386|516064|716179|989482,True,https://myhora.com/lottery/result-16-12-2548.aspx,2005-12-16-BE2548.html
2005-12-01,ผลสลากกินแบ่งรัฐบาล งวดวันที่ 1 ธันวาคม 2548,2548,388551,6,027|072|764|770,17,388552|388550,รางวัลที่ 1 พิเศษ กลุ่มที่ 1 รางวัลละ 30 ล้านบาท ชุดที่ 21 หมายเลข 388551 กลุ่มที่ 2 รางวัลละ 16 ล้านบาท ชุดที่ 55 หมายเลข 388551,308047|332676|560906|689488|779423,047436|318303|387951|641128|811490|309008|370039|622757|773643|816230,005081|108384|332161|579466|886424|036189|124171|338911|595336|887915|041310|134923|370384|650232|893852|051822|136446|412951|676474|902245|054314|149001|428356|703627|926005|073934|217233|440535|752123|947846|074126|237757|519001|764546|963323|087126|242470|529654|776831|977252|087293|259108|550036|856023|983372|098496|285285|575712|872527|989571,010085|165761|386626|537363|795990|010470|169010|392194|549360|806749|018449|182098|399007|559232|808926|022211|184867|400052|588094|831278|044333|193864|412172|609309|832390|046163|202214|421246|614106|842792|051528|233156|423677|615540|859988|061813|256095|427705|640983|877274|084434|259030|433071|643912|896526|087694|260710|437723|645956|897766|088849|262077|470000|648478|901914|101078|283264|470922|696386|932071|116467|289627|478857|717160|933525|117711|350287|479037|730768|946197|123987|352061|500832|731134|956172|125166|376113|505907|753438|957732|141206|378405|511341|754396|961084|145016|380230|515710|761320|964940|156116|385069|520202|770411|989220|156468|385275|528246|771019|996485,True,https://myhora.com/lottery/result-01-12-2548.aspx,2005-12-01-BE2548.html
2005-11-16,ผลสลากกินแบ่งรัฐบาล งวดวันที่ 16 พฤศจิกายน 2548,2548,742518,6,137|502|741|887,80,742519|742517,รางวัลที่ 1 พิเศษ กลุ่มที่ 1 รางวัลละ 30 ล้านบาท ชุดที่ 20 หมายเลข 742518 กลุ่มที่ 2 รางวัลละ 16 ล้านบาท ชุดที่ 63 หมายเลข 742518,259312|638725|703194|889224|942793,080221|203800|239709|678101|910571|147234|216708|646874|741469|911889,069803|297062|545083|746898|848787|091045|329112|550540|749884|849380|124039|356595|582014|771574|869887|126135|363387|607898|795744|877693|132935|373442|608327|799363|898540|173904|383022|619025|800871|913107|174426|392952|669594|801549|934548|191542|469623|712565|814383|937226|208605|477027|731770|822638|950287|253527|528138|746677|831143|964030,005172|223658|414572|616444|775509|017676|236928|442176|630352|777288|023762|245077|453987|633024|781104|036982|254013|456286|648508|784727|040912|255379|478523|652286|794989|063848|257047|485509|657330|801056|083764|263197|496779|663195|804356|084465|276499|511359|675688|841530|102442|294317|513725|678518|846474|126376|298124|516544|682754|862000|152789|301033|520798|695871|884138|154220|303276|525138|697232|899683|169692|344346|527137|711729|906750|178447|360775|538280|716302|908328|181047|370787|551722|726527|918355|189922|400392|561611|726625|936190|192080|401354|568867|739872|937445|199313|403633|570794|747284|940007|199812|407349|589407|763596|944816|203073|409940|612570|764795|951779,True,https://myhora.com/lottery/result-16-11-2548.aspx,2005-11-16-BE2548.html
2005-11-01,ผลสลากกินแบ่งรัฐบาล งวดวันที่ 1 พฤศจิกายน 2548,2548,970577,6,009|171|216|375,98,970578|970576,รางวัลที่ 1 พิเศษ กลุ่มที่ 1 รางวัลละ 30 ล้านบาท ชุดที่ 29 หมายเลข 970577 กลุ่มที่ 2 รางวัลละ 16 ล้านบาท ชุดที่ 52 หมายเลข 970577,174491|286427|390905|640507|844231,159952|256589|454371|541280|893954|174655|421527|493550|630471|986420,032496|224927|416899|622776|810169|036003|243694|421877|625471|821445|037994|280058|440384|627351|827408|047219|313400|450595|663904|867861|083029|319114|485480|677651|938641|091851|328017|488636|704095|940189|116677|339695|519205|716540|953075|205989|357848|553744|742031|961449|214833|385508|573059|773732|986391|218936|395680|598491|774228|993631,011174|258710|410224|625481|832245|014722|278962|415899|646562|843447|039641|281523|430714|655277|861786|057337|284856|442546|657068|882118|080913|285883|452062|677053|889891|081844|301896|487516|685638|892574|094239|318338|490011|686984|907994|113870|319266|504054|702052|916400|128125|320323|510545|711595|917117|136802|326783|518956|713039|920426|144573|346732|524227|725122|923965|163374|349479|527663|753032|939452|164411|351651|536039|753398|940727|168753|361204|546113|758144|943811|169648|369641|550633|763998|945729|185725|374999|571231|775873|951613|204656|380587|578611|797909|961359|212818|393842|581387|805808|975676|231085|404393|586267|812855|976915|257844|408213|593687|818031|994831,True,https://myhora.com/lottery/result-01-11-2548.aspx,2005-11-01-BE2548.html
2005-10-16,ผลสลากกินแบ่งรัฐบาล งวดวันที่ 16 ตุลาคม 2548,2548,041072,6,269|346|410|913,71,041073|041071,รางวัลที่ 1 พิเศษ กลุ่มที่ 1 รางวัลละ 30 ล้านบาท ชุดที่ 23 หมายเลข 041072 กลุ่มที่ 2 รางวัลละ 16 ล้านบาท ชุดที่ 53 หมายเลข 041072,174220|443840|513571|625619|925492,091182|581992|657967|705207|765688|213400|595047|687084|744003|879159,049848|295606|480373|684042|886678|054770|326435|487683|694009|918060|158022|339609|570975|717390|945885|162976|356341|579242|725346|953249|169282|369096|581746|748834|953279|186008|402753|582119|821686|953308|235478|404313|627523|825516|955688|235762|425387|635074|833808|976946|274151|476540|660247|835134|991211|290933|476923|672019|847104|999046,001905|199029|376095|547338|792251|002964|206547|381245|553115|806330|014703|214859|409369|553351|816925|027155|233121|420560|559870|819867|054537|258339|427254|580180|828229|074291|259202|439134|603252|834210|075035|279421|443078|614371|847960|083143|283416|446805|655327|848740|088403|290605|468900|659439|858236|103670|315026|469485|673787|880730|105114|318638|474815|679132|884902|133193|319945|475156|695827|885726|138318|322382|486627|703134|910274|140024|328871|490178|710723|916250|143677|337298|500834|715944|937533|159247|347525|502941|739542|953147|173141|355561|519506|753359|973517|177580|361758|521537|767299|977974|187314|369421|522330|777895|979904|192586|373183|526117|786505|991454,True,https://myhora.com/lottery/result-16-10-2548.aspx,2005-10-16-BE2548.html
2005-10-01,ผลสลากกินแบ่งรัฐบาล งวดวันที่ 1 ตุลาคม 2548,2548,766482,6,275|551|766|792,24,766483|766481,รางวัลที่ 1 พิเศษ กลุ่มที่ 1 รางวัลละ 30 ล้านบาท ชุดที่ 11 หมายเลข 766482 กลุ่มที่ 2 รางวัลละ 16 ล้านบาท ชุดที่ 66 หมายเลข 766482,341260|541274|773890|862200|877464,115752|485537|515348|788595|935974|263526|495803|527048|844598|981822,066868|230601|442338|596703|744912|067036|257231|449255|616320|782618|114109|264190|461684|619484|846008|127035|272451|494539|638005|883645|163594|311292|511911|648240|897866|178093|338774|518281|652139|898375|184808|358373|549787|661172|901865|201372|364097|569304|704691|930671|213085|380718|583367|715814|939347|218098|402669|586877|744377|953634,010352|190364|395238|615233|796822|036075|198777|399453|616364|799603|036954|201094|427516|623895|832798|041122|205213|434171|640162|838491|042763|218517|436572|642987|838942|043233|218625|437741|660551|860115|059595|233518|442338|672036|869373|062696|277052|453022|672392|872653|065307|302893|454485|673792|894537|066532|311176|460976|675327|905320|068352|329843|464892|686736|909003|071927|338288|468647|688223|933986|074201|340166|498977|693820|938676|093216|351080|520185|754507|941969|111188|353737|533243|762636|949383|123930|380553|537386|780378|958418|132708|389250|543915|786898|962300|141885|391489|547931|788858|963841|166477|392329|599758|793774|964872|174875|392499|612636|795730|974969,True,https://myhora.com/lottery/result-01-10-2548.aspx,2005-10-01-BE2548.html
2005-09-16,ผลสลากกินแบ่งรัฐบาล งวดวันที่ 16 กันยายน 2548,2548,214768,6,057|124|282|498,10,214769|214767,รางวัลที่ 1 พิเศษ กลุ่มที่ 1 รางวัลละ 30 ล้านบาท ชุดที่ 21 หมายเลข 214768 กลุ่มที่ 2 รางวัลละ 16 ล้านบาท ชุดที่ 65 หมายเลข 214768,227685|420763|461558|534059|922850,205477|305807|644932|690773|880684|283088|484576|661571|828619|883556,000570|272194|498784|716813|846482|005456|293645|564633|722471|861401|041506|298218|568455|736911|864371|042642|300598|586427|748793|870246|162474|310285|609960|788898|883385|202976|312450|624130|811265|897714|217346|386172|631034|815851|929367|225170|427285|679093|818425|993427|239075|449413|690610|821847|995713|257923|472040|706884|842701|997269,005612|226655|433149|638850|832469|008241|251587|443737|642073|832990|017290|263065|486213|642540|845494|024634|271183|492841|686514|847565|037215|287645|493537|687525|851047|059866|299381|516172|689856|859088|066173|305702|524581|694070|866962|072373|308350|526107|694368|867553|090777|312198|529415|702708|877579|110001|316237|538746|712439|883973|110404|329264|546764|747218|918060|114401|348531|549651|755633|918417|118139|355123|556617|766293|953184|126982|356925|591229|768708|955951|141428|360381|595178|777102|958912|150495|388570|604096|794092|963217|180673|390949|633389|798776|966463|185906|398349|635378|819624|970390|205270|409623|635916|829624|980689|217907|423934|638584|830681|981767,True,https://myhora.com/lottery/result-16-09-2548.aspx,2005-09-16-BE2548.html
2005-09-01,ผลสลากกินแบ่งรัฐบาล งวดวันที่ 1 กันยายน 2548,2548,316933,6,047|123|338|969,17,316934|316932,รางวัลที่ 1 พิเศษ กลุ่มที่ 1 รางวัลละ 30 ล้านบาท ชุดที่ 27 หมายเลข 316933 กลุ่มที่ 2 รางวัลละ 16 ล้านบาท ชุดที่ 55 หมายเลข 316933,256081|413264|821791|831911|972552,026667|081036|414922|537737|634435|080238|306537|515536|575269|908444,004282|146277|330611|565329|849825|008150|163926|358905|595708|859370|010862|165906|387389|628925|864315|014921|190767|402046|642460|880121|020990|207262|408686|688549|887978|049498|207861|438679|749257|927992|058413|225726|465838|751847|931342|066886|230435|490860|811503|946054|113022|238630|500857|837557|959636|146254|242958|501729|849360|975219,011009|152797|487985|682343|814817|029794|176918|489947|690079|817290|032559|191697|492507|699364|824270|042819|212690|504876|704252|834596|043076|249575|520101|705568|854206|043368|250115|521603|705906|855517|052480|251674|522615|716960|859390|053388|271426|523308|721584|862937|055489|280031|525523|723932|874131|075902|298298|539529|735037|887446|079982|323432|584805|736879|894787|083446|324371|585455|755649|907666|084144|353024|601684|759978|913825|089849|362431|617018|769668|927154|091468|377927|620494|784767|934969|120704|400596|656526|789676|945497|128513|406344|657053|794569|949363|134500|415090|660384|796549|953197|141045|456892|661451|796950|953690|150568|471494|662272|806821|982231,True,https://myhora.com/lottery/result-01-09-2548.aspx,2005-09-01-BE2548.html
2005-08-16,ผลสลากกินแบ่งรัฐบาล งวดวันที่ 16 สิงหาคม 2548,2548,475560,6,103|272|844|915,68,475561|475559,รางวัลที่ 1 พิเศษ กลุ่มที่ 1 รางวัลละ 30 ล้านบาท ชุดที่ 19 หมายเลข 475560 กลุ่มที่ 2 รางวัลละ 16 ล้านบาท ชุดที่ 54 หมายเลข 475560,247231|475742|561626|808425|821040,012550|264227|360988|409566|799741|200156|346298|373989|439082|932274,020913|270614|467038|664878|858616|031002|286397|502217|680338|873232|050256|312384|515455|703285|877781|060270|315893|516490|721299|904257|102119|358667|530869|722125|909164|133977|359645|541879|730455|914460|143264|388281|548320|742758|934773|168784|395909|557883|797936|947661|223497|430719|592074|801635|953138|258514|454901|602284|813335|961311,001933|218495|386126|527034|782841|015048|218911|389745|534234|795245|024697|222366|397129|535968|804958|027304|225371|412826|537527|828935|034547|252210|415591|601979|841015|042138|259955|417294|604340|845277|049200|263982|420749|611766|862882|054240|269936|433110|626340|873721|062716|278704|443256|635060|904534|085740|296342|454303|652406|910167|086776|303049|456496|652451|925661|093440|317554|463523|658433|931260|105123|323160|479062|658481|935161|128505|331292|484926|668368|942350|156148|338938|492756|671642|959473|173925|349353|493389|729750|963912|196788|352116|495378|734311|965945|197446|368805|499981|746145|983350|206353|371337|509940|764137|983635|218198|374098|516356|777625|998811,True,https://myhora.com/lottery/result-16-08-2548.aspx,2005-08-16-BE2548.html
2005-08-01,ผลสลากกินแบ่งรัฐบาล งวดวันที่ 1 สิงหาคม 2548,2548,961633,6,055|152|272|386,26,961634|961632,รางวัลที่ 1 พิเศษ กลุ่มที่ 1 รางวัลละ 30 ล้านบาท ชุดที่ 12 หมายเลข 961633 กลุ่มที่ 2 รางวัลละ 16 ล้านบาท ชุดที่ 56 หมายเลข 961633,000418|190936|395142|637937|650770,035629|147596|388237|637019|769280|066458|257783|521479|763336|773362,131457|198239|443027|584290|761482|148026|217707|471837|627749|767067|148301|242676|496508|645918|805354|157280|250958|504299|654840|809920|174174|255870|514167|664295|837730|183654|356226|531672|691454|844738|190232|375989|545772|727706|859497|191522|415204|556889|728212|914802|194322|425542|560140|734148|935653|196780|434879|574214|748106|944505,026623|198303|480184|635105|798777|029953|205898|489307|636866|802544|030137|207592|495406|638834|812138|045238|226394|499644|655674|823282|059109|233650|502433|660828|824987|070961|253202|505273|667028|846415|071380|267568|506816|669145|855696|074778|270302|511638|692281|861826|084446|273211|526534|694556|861986|087695|275655|547707|695770|865598|099600|343964|548013|699518|875143|106764|351150|570430|714834|879633|108128|353874|577993|715789|896322|118803|393241|585728|732148|900955|126273|401115|595104|742296|914169|135373|404856|595132|744455|931651|160541|407369|597818|748209|951095|161680|464597|616019|776936|966111|189533|465975|617232|790978|966787|193032|476114|617564|794950|971260,True,https://myhora.com/lottery/result-01-08-2548.aspx,2005-08-01-BE2548.html
2005-07-16,ผลสลากกินแบ่งรัฐบาล งวดวันที่ 16 กรกฎาคม 2548,2548,477452,6,150|460|642|757,13,477453|477451,รางวัลที่ 1 พิเศษ กลุ่มที่ 1 รางวัลละ 30 ล้านบาท ชุดที่ 14 หมายเลข 477452 กลุ่มที่ 2 รางวัลละ 16 ล้านบาท ชุดที่ 59 หมายเลข 477452,157939|218571|527963|738086|968562,003266|210653|396031|667738|778323|084631|222006|587357|689370|964901,009236|331826|509350|651544|902515|019750|351048|556379|685851|905095|091510|357847|559524|689225|916763|098506|382915|579036|690994|928846|159287|403066|597554|711397|941352|205034|441671|607824|738079|966495|272559|465769|610270|769177|971395|278268|478425|618760|769469|975176|311236|484533|629600|842727|976170|327319|507285|639039|890921|996968,018452|162759|352881|523849|771365|020063|169026|362467|530466|789155|022857|169358|368606|537427|812076|023665|175099|368662|559000|841528|026048|179008|372959|575165|860206|027707|191274|386865|618783|860524|034130|202075|389716|621666|864590|035896|202812|389872|622811|869518|039426|203898|415500|627543|874550|039474|213585|424083|658410|877949|042615|224216|424770|693819|884647|090274|258948|427011|709491|897071|102321|265622|435012|711351|921131|114767|273113|471599|718587|927738|119812|279333|474660|736625|931744|127502|281053|488176|738154|932761|145246|286321|489930|750163|949969|150473|286360|496256|751542|977935|151592|288954|499057|754326|982766|161397|291250|503327|770200|986298,True,https://myhora.com/lottery/result-16-07-2548.aspx,2005-07-16-BE2548.html
2005-07-01,ผลสลากกินแบ่งรัฐบาล งวดวันที่ 1 กรกฎาคม 2548,2548,009554,6,244|427|641|798,87,009555|009553,รางวัลที่ 1 พิเศษ กลุ่มที่ 1 รางวัลละ 30 ล้านบาท ชุดที่ 11 หมายเลข 009554 กลุ่มที่ 2 รางวัลละ 16 ล้านบาท ชุดที่ 51 หมายเลข 009554,051345|506756|780383|813043|848368,044931|111080|443155|684100|751157|068940|422729|471837|724658|766581,001467|169627|405029|499389|763636|009458|221793|409757|511278|766468|010973|238575|417992|529123|770620|034016|289454|430706|565657|771421|114094|293648|442546|590744|812362|118193|295254|453555|592775|833679|129830|296607|454903|599491|841786|158067|307239|473696|630787|886777|159294|314049|479553|657354|920588|163307|365540|495185|714766|979588,009962|166984|353015|547224|737927|010291|167880|356792|547696|783203|013845|177775|357409|554153|795186|016283|180209|363872|556535|804378|029757|190695|364976|564460|810377|045777|200842|421474|570859|812430|046914|212196|428750|597502|825518|059906|212949|428791|609189|847499|085612|217852|451577|613360|857078|089277|227491|461376|622228|897873|096036|230290|463080|634008|918027|096233|232013|467224|648832|932172|101926|276126|473452|654247|942633|113891|286940|489278|673719|945106|119587|287282|490023|685605|961168|137011|304739|493736|688246|964649|137265|314304|520926|692224|965272|153449|322998|527671|694831|979348|154578|337740|531307|709240|994444|161868|349887|546130|718735|995279,True,https://myhora.com/lottery/result-01-07-2548.aspx,2005-07-01-BE2548.html
2005-06-16,ผลสลากกินแบ่งรัฐบาล งวดวันที่ 16 มิถุนายน 2548,2548,793070,6,021|074|605|806,44,793071|793069,รางวัลที่ 1 พิเศษ กลุ่มที่ 1 รางวัลละ 30 ล้านบาท ชุดที่ 21 หมายเลข 793070 กลุ่มที่ 2 รางวัลละ 16 ล้านบาท ชุดที่ 56 หมายเลข 793070,042216|116754|150223|186364|473903,046906|377852|547397|689478|722041|097242|535372|552984|709243|998894,000789|190371|326258|590254|748420|042153|203776|387721|593453|764727|058832|204927|392249|609566|767945|079274|240929|420105|652243|852812|082155|251703|438989|652751|893451|088572|265270|442491|664852|910845|112480|269022|486659|681300|922738|114155|270800|499159|709829|975641|178012|277852|518704|713427|975736|183281|325084|584482|730441|998294,017840|242350|403014|559202|782380|018128|244569|409781|588813|786452|030166|249975|422402|591394|793825|033176|256556|436926|594040|803870|035571|258909|440525|595670|810255|042914|262986|448837|597217|825455|050856|271494|456603|625105|854574|062028|278489|463160|636536|876408|072048|287044|477173|641145|894018|085118|290246|482320|646757|895802|094962|300049|494022|650013|900886|099609|300472|497700|651439|937270|103233|327739|502935|658033|943543|110215|332844|503987|659668|944221|110542|334793|508107|697653|955645|149617|359050|509981|709772|967854|150791|369082|516440|720554|969905|196249|383105|522575|757676|989024|208470|398274|535250|760845|998681|240216|402451|546648|781089|999694,True,https://myhora.com/lottery/result-16-06-2548.aspx,2005-06-16-BE2548.html
2005-06-01,ผลสลากกินแบ่งรัฐบาล งวดวันที่ 1 มิถุนายน 2548,2548,176893,6,176|405|579|616,35,176894|176892,รางวัลที่ 1 พิเศษ กลุ่มที่ 1 รางวัลละ 30 ล้านบาท ชุดที่ 12 หมายเลข 176893 กลุ่มที่ 2 รางวัลละ 16 ล้านบาท ชุดที่ 61 หมายเลข 176893,012975|164261|368406|990234|993206,111376|273755|633104|774788|907967|169407|409427|748772|784529|924719,003358|325459|535359|734847|870498|008706|353228|544670|758457|877496|020356|357595|551895|773441|891049|155069|402639|586898|774137|917964|175124|413658|595048|799714|934383|227768|426366|609432|802367|936950|229494|447465|615372|817286|945582|282793|453350|664233|839165|954102|292035|484148|679315|840273|992240|318885|488035|711844|867351|993769,004094|207311|385237|584315|843495|006806|215023|385684|623426|851341|021815|222215|390537|647986|852554|025961|229277|420802|649500|877697|033736|248426|448460|652009|890388|037247|265940|474331|660654|891777|041406|280346|480171|666533|901893|046505|281996|493269|682320|902465|064534|297106|498950|689831|902550|069382|298683|506391|699485|908690|088504|299845|516861|701498|912158|096843|320367|524384|724479|935587|101184|333790|529397|733887|949433|101811|345240|539456|757029|949598|117654|348758|542554|771047|965047|126353|361569|552899|787595|965549|156001|372950|556612|802290|967031|183106|378886|559234|810452|985454|190121|381411|563872|814654|989260|205542|382839|582162|840021|997016,True,https://myhora.com/lottery/result-01-06-2548.aspx,2005-06-01-BE2548.html
2005-05-16,ผลสลากกินแบ่งรัฐบาล งวดวันที่ 16 พฤษภาคม 2548,2548,867134,6,376|465|648|693,97,867135|867133,รางวัลที่ 1 พิเศษ กลุ่มที่ 1 รางวัลละ 30 ล้านบาท ชุดที่ 05 หมายเลข 867134 กลุ่มที่ 2 รางวัลละ 16 ล้านบาท ชุดที่ 59 หมายเลข 867134,127082|220782|432042|612185|758666,125433|319323|617870|786931|855722|164311|555175|743526|813467|938698,005769|153931|308631|516720|783236|027198|162846|309656|541955|788491|033210|166420|405959|552228|873051|038485|172400|429210|559351|888324|046844|185262|438514|580247|892976|057587|215622|470976|593014|904084|088497|261044|478218|621217|919377|094729|270452|487793|636105|970187|112819|276883|499925|720179|974243|114202|279129|502101|725848|994412,010441|189543|397484|540844|839976|011895|192884|401669|542175|851337|020834|194077|403430|558710|853654|023981|212118|414982|567850|875396|027721|212218|419045|573711|881732|037929|240545|421246|595944|882025|041145|244203|422549|637413|885563|059939|246910|427041|667374|886801|061563|253026|444541|669917|893524|066683|277960|454708|673596|894716|072201|297942|466757|687968|902975|087230|304038|470542|692457|910912|110515|320794|475550|765518|923712|112254|320984|483767|766570|929901|138469|326004|500858|768919|939806|143836|346478|508800|779800|963504|147652|363005|528055|811200|965587|148867|363550|532494|825351|965709|151735|380088|532675|825937|968172|156267|395812|533675|830355|991492,True,https://myhora.com/lottery/result-16-05-2548.aspx,2005-05-16-BE2548.html
2005-05-02,ผลสลากกินแบ่งรัฐบาล งวดวันที่ 2 พฤษภาคม 2548,2548,772467,6,017|073|383|815,43,772468|772466,รางวัลที่ 1 พิเศษ กลุ่มที่ 1 รางวัลละ 30 ล้านบาท ชุดที่ 13 หมายเลข 772467 กลุ่มที่ 2 รางวัลละ 16 ล้านบาท ชุดที่ 56 หมายเลข 772467,302214|423334|735006|749337|912690,067129|207127|353654|641594|717738|156164|274202|388011|696849|977388,011928|165045|429862|607962|845665|045106|186328|459740|615475|887440|052322|208111|482157|626698|888373|107800|216655|497004|631720|892983|108497|258158|504967|658008|904607|109792|288700|506032|665098|946268|115422|368564|524282|687586|952676|117482|394907|527423|725218|952843|128664|399783|573887|730458|963262|156065|418863|600233|783097|977517,003004|220533|448812|642381|828448|033655|232897|466002|658179|829054|053254|241003|467687|668572|841403|056580|255649|486192|671573|843331|075053|281863|517736|674751|844667|078343|283965|547974|687562|851359|097956|293514|548132|695746|852064|113063|306163|549785|699614|852780|118808|333406|551961|705313|859621|122767|339947|553544|715494|866592|126296|339991|561350|725218|869691|126857|341086|566310|731087|902807|144649|377854|598047|741430|942010|145687|385232|598518|742062|945680|160584|388578|602927|742171|959782|171960|396826|606701|756238|982853|183104|416092|616891|778996|988967|201091|417155|618415|808289|994166|202142|425843|637698|815822|996099|218105|444753|638111|827170|997956,True,https://myhora.com/lottery/result-02-05-2548.aspx,2005-05-02-BE2548.html
2005-04-16,ผลสลากกินแบ่งรัฐบาล งวดวันที่ 16 เมษายน 2548,2548,119327,6,081|346|627|968,10,119328|119326,รางวัลที่ 1 พิเศษ กลุ่มที่ 1 รางวัลละ 30 ล้านบาท ชุดที่ 11 หมายเลข 119327 กลุ่มที่ 2 รางวัลละ 16 ล้านบาท ชุดที่ 57 หมายเลข 119327,194068|398383|480564|611358|941695,297321|394867|554318|769933|912968|342679|493058|633595|850623|925263,000302|217645|425678|674433|804366|009141|234915|444410|677270|818933|047579|260701|480442|683502|831995|065159|269890|525009|685214|838722|111562|273975|546777|688527|851638|115515|328753|553976|693752|912536|143225|358897|569798|718324|931923|156914|364955|620062|738791|943392|165046|375584|646735|755561|944688|171386|403266|648018|785809|946364,014338|179981|448665|590486|859996|025992|190939|451556|627065|873328|033901|201033|454283|665921|873460|041138|205847|456434|670637|877899|043711|207421|462266|691438|894693|049979|209502|466643|712298|898642|055610|241734|475992|716440|923721|056944|275386|478260|728469|925320|059877|301600|480780|739189|932667|061316|303362|484126|743922|937896|061964|306421|491295|760424|942912|070011|311189|498708|778271|955870|070602|314173|500427|778400|959239|120158|314499|530344|781496|964954|138885|326503|547495|821283|968957|142776|379345|549743|824536|969778|163818|407650|551380|826797|974648|165560|415547|562339|850631|979277|166229|438815|570195|855562|987363|173050|444940|576433|856293|988537,True,https://myhora.com/lottery/result-16-04-2548.aspx,2005-04-16-BE2548.html
2005-04-01,ผลสลากกินแบ่งรัฐบาล งวดวันที่ 1 เมษายน 2548,2548,815753,6,224|381|482|807,69,815754|815752,รางวัลที่ 1 พิเศษ กลุ่มที่ 1 รางวัลละ 30 ล้านบาท ชุดที่ 27 หมายเลข 815753 กลุ่มที่ 2 รางวัลละ 16 ล้านบาท ชุดที่ 56 หมายเลข 815753,060484|253660|568087|695148|768323,047367|153321|622653|763867|963259|052739|287076|629277|916891|987959,034786|302289|487714|580377|799196|036467|314996|499416|593754|817746|053067|329354|515295|602558|829645|098436|341368|540574|622616|850909|137427|362244|540579|695137|883095|157648|375255|541352|712397|900033|180453|430564|543060|728196|918605|271252|446298|544183|740957|934294|278961|449099|544390|759522|954023|285139|451078|565048|780055|980208,007956|178363|337243|583463|814729|009160|185089|342581|607337|832066|019493|186646|359079|607422|832382|025442|188201|373374|608904|845526|027521|196935|379805|609588|847721|043041|207121|392431|612923|852066|057461|207608|402599|616403|853769|060827|209107|416152|619416|871109|061081|235470|438679|645503|904139|077388|238338|440553|657911|914405|081526|250476|452426|689129|922742|087055|260137|481197|711436|927088|114327|278484|483900|719046|933139|115163|278970|495308|726281|933880|120227|292531|510142|761800|947249|120947|309100|531274|764464|978323|145252|317139|538688|772495|981000|162781|320843|545051|784821|994182|166251|323870|567629|789997|998808|167540|332081|580268|801394|999684,True,https://myhora.com/lottery/result-01-04-2548.aspx,2005-04-01-BE2548.html
2005-03-16,ผลสลากกินแบ่งรัฐบาล งวดวันที่ 16 มีนาคม 2548,2548,196345,6,073|394|601|783,03,196346|196344,รางวัลที่ 1 พิเศษ กลุ่มที่ 1 รางวัลละ 30 ล้านบาท ชุดที่ 10 หมายเลข 196345 กลุ่มที่ 2 รางวัลละ 16 ล้านบาท ชุดที่ 66 หมายเลข 196345,115734|469560|521048|881400|993689,096075|192929|311466|527393|650970|115941|263987|473705|589624|712807,005071|237505|513915|614733|792552|045690|298814|528720|624187|825790|076998|301092|539571|626817|828205|110064|312302|547820|691508|842499|116426|358411|564254|695221|844385|148465|468417|570607|703761|880441|149343|477295|575334|724858|912374|155638|481687|579458|765327|914953|184955|482595|605970|770756|941724|185087|500837|609932|791894|961839,008982|221939|432133|626018|776175|016390|223321|467733|628123|784699|023301|271198|471928|640351|792943|025410|272567|479886|641989|801544|028637|273939|480591|654626|811060|039302|284249|509553|672397|820787|047380|290341|513238|674347|832179|057156|296046|515061|680169|839816|074286|322261|523767|681508|849075|090511|335967|523975|682918|850075|107477|359184|533512|688008|875054|110381|368389|538514|691447|895745|128136|386580|545517|696463|899902|131299|412172|549058|711613|911703|133624|424028|558091|728588|920247|153876|426385|567064|739536|921848|155079|429895|571090|752528|932811|166445|430639|579991|766295|947081|179487|431016|603276|770589|961435|192728|431074|611289|771946|974516,True,https://myhora.com/lottery/result-16-03-2548.aspx,2005-03-16-BE2548.html
2005-03-01,ผลสลากกินแบ่งรัฐบาล งวดวันที่ 1 มีนาคม 2548,2548,800751,6,669|681|714|998,93,800752|800750,รางวัลที่ 1 พิเศษ กลุ่มที่ 1 รางวัลละ 30 ล้านบาท ชุดที่ 08 หมายเลข 800751 กลุ่มที่ 2 รางวัลละ 16 ล้านบาท ชุดที่ 58 หมายเลข 800751,110221|134086|413696|444266|783240,014324|220411|277772|486045|752590|085360|255627|289365|651441|859995,040305|325640|481969|663504|831412|052608|334572|483910|680888|852774|126186|353873|496426|695642|866019|148611|355365|496786|730531|866698|193725|392854|508355|733931|870139|195305|406237|540398|737823|891586|237550|430444|546470|753745|919870|246601|431202|574624|757585|947114|293191|451274|599983|780187|979461|311556|457643|625000|793645|986127,002067|223610|443686|646023|820222|006863|227836|454712|648079|826807|012393|261133|473756|654821|842221|020544|266263|478863|659587|846779|027165|297692|482700|662944|854029|033763|309126|488061|666100|860064|041350|320958|494993|674469|869016|067254|331295|498366|720428|872987|077360|331515|517585|724212|886873|078892|349721|543920|728115|891505|080953|359558|552073|730090|908274|092196|362988|558726|736043|913213|110026|363771|566265|740182|923205|126725|371301|574422|745447|924178|147320|403468|575076|748025|929483|147952|405518|581089|754890|937689|167819|414479|624261|772291|946392|173105|416395|632142|780218|986398|185608|437320|633035|806397|989069|217498|441364|641280|806472|998012,True,https://myhora.com/lottery/result-01-03-2548.aspx,2005-03-01-BE2548.html
2005-02-16,ผลสลากกินแบ่งรัฐบาล งวดวันที่ 16 กุมภาพันธ์ 2548,2548,816422,6,065|086|192|356,53,816423|816421,รางวัลที่ 1 พิเศษ กลุ่มที่ 1 รางวัลละ 30 ล้านบาท ชุดที่ 27 หมายเลข 816422 กลุ่มที่ 2 รางวัลละ 16 ล้านบาท ชุดที่ 52 หมายเลข 816422,003275|163938|168212|489963|937728,009058|143372|231748|746028|887924|129975|198870|515999|879704|889251,008494|206693|452167|607718|870254|023991|210629|458833|662244|891738|025821|225120|520090|688782|909063|026179|251246|534331|730755|910591|099752|257152|538027|767065|911899|108289|320272|548257|784154|937132|121133|381716|552582|790452|944032|126072|400697|552788|803386|947889|174911|420565|595819|846666|961467|196602|427487|605887|869969|969691,006136|164801|435655|604442|831068|022930|168184|443131|624753|834082|028555|170142|446616|626851|842843|032580|175453|453127|644170|848072|042031|180213|458478|655713|854659|076696|219085|469906|661558|854791|079423|232819|474397|665540|868135|095817|242315|476481|667059|876136|097001|244253|484298|691510|886364|098884|291567|485193|712849|888646|104008|323481|499756|739626|894043|105866|326995|502306|745375|899128|119197|331976|509289|770785|902023|144902|346885|511551|780253|906228|147031|364239|524523|781074|908633|148830|367038|541390|782832|919098|156669|382474|545254|782861|920547|158312|400423|559765|789933|929713|163137|423290|588816|798447|940305|163993|433728|600255|810202|996711,True,https://myhora.com/lottery/result-16-02-2548.aspx,2005-02-16-BE2548.html
2005-02-01,ผลสลากกินแบ่งรัฐบาล งวดวันที่ 1 กุมภาพันธ์ 2548,2548,540054,6,180|389|571|863,34,540055|540053,รางวัลที่ 1 พิเศษ กลุ่มที่ 1 รางวัลละ 30 ล้านบาท ชุดที่ 11 หมายเลข 540054 กลุ่มที่ 2 รางวัลละ 16 ล้านบาท ชุดที่ 61 หมายเลข 540054,262008|534121|570788|752994|786429,086341|238225|516702|679452|843884|175501|258073|574498|831351|929519,020141|216582|367495|583310|801567|070909|225290|377789|590030|821751|088029|235667|482376|612251|827805|099731|243148|496119|646116|840534|115092|252651|504888|710051|872427|123406|283825|505516|722209|927622|134079|283931|526778|736196|932292|158978|294632|533493|765308|953920|190393|298138|551840|776707|979970|194324|323936|578321|784125|990774,043983|220323|392342|587491|798087|045384|226562|397217|602971|828893|057193|231369|404635|612853|876705|059982|238859|416295|629470|886219|065471|240329|418266|642999|893041|068022|259341|419816|660339|899507|073358|282594|441434|678746|910914|096568|283983|449532|688834|927807|105765|298283|485915|699793|934475|111229|304416|491638|707607|938424|116172|324815|492609|710781|949600|145189|328106|511611|714629|960989|173877|334509|517900|732192|962083|175035|339055|532810|734855|964497|175543|352566|537965|744712|972866|177596|358597|549265|751469|978262|189773|365195|549585|757411|980010|204880|367037|563930|762013|985931|209259|374998|568197|783537|992449|212147|381594|576301|797314|992979,True,https://myhora.com/lottery/result-01-02-2548.aspx,2005-02-01-BE2548.html
2005-01-16,ผลสลากกินแบ่งรัฐบาล งวดวันที่ 16 มกราคม 2548,2548,335022,6,039|291|479|689,08,335023|335021,รางวัลที่ 1 พิเศษ กลุ่มที่ 1 รางวัลละ 30 ล้านบาท ชุดที่ 07 หมายเลข 335022 กลุ่มที่ 2 รางวัลละ 16 ล้านบาท ชุดที่ 60 หมายเลข 335022,046901|167293|304533|400931|528891,110479|200939|376318|631142|685088|133434|237510|450598|663106|863447,005160|138630|298278|560070|715359|006367|165731|306301|579382|717556|055143|174592|329383|589150|766943|074032|182082|332628|595389|798076|090911|194723|352903|609758|840651|093491|222708|356586|614030|846298|108053|236385|380791|631549|857720|111254|240265|395316|664925|879116|121652|245706|431788|685271|957734|136586|262551|517094|698246|974837,000056|196409|396431|566817|787151|016535|203274|404898|571828|797899|018795|207804|419899|584876|802655|028534|213853|428106|619283|829376|045955|219423|429864|621200|843560|071995|237056|439255|635884|848059|089000|237417|440431|657457|848475|096206|256177|451097|666258|849710|106747|262852|465768|668264|852793|111971|283752|468163|690590|856123|128175|293194|485207|696668|858184|128468|312864|485922|698836|873290|135077|315623|505333|701454|901000|144566|322391|509625|740179|901800|145760|342321|519108|750288|913536|150488|365765|537511|751348|923844|155421|365781|543207|759560|966197|157056|382092|548913|774966|984552|186882|392379|554020|779742|987168|194514|394899|564752|781690|990983,True,https://myhora.com/lottery/result-16-01-2548.aspx,2005-01-16-BE2548.html
2004-12-30,ผลสลากกินแบ่งรัฐบาล งวดวันที่ 30 ธันวาคม 2547,2547,168858,6,179|221|603|627,28,168859|168857,รางวัลที่ 1 พิเศษ กลุ่มที่ 1 รางวัลละ 30 ล้านบาท ชุดที่ 30 หมายเลข 168858 กลุ่มที่ 2 รางวัลละ 16 ล้านบาท ชุดที่ 54 หมายเลข 168858,135734|294978|416046|634463|818133,040194|234477|285112|346096|542788|045671|246339|336028|404424|677056,002280|179645|474041|547719|794505|028645|222666|476095|607562|808124|037166|233125|489795|630663|861081|083143|282788|500303|657341|876440|097765|300804|506810|658279|909957|105098|332252|509379|686796|920883|126674|354758|511089|692650|943596|153496|401378|519199|715247|946011|163366|422782|542575|725099|959814|173095|454909|545614|739128|969329,011233|170530|387512|686315|847536|016937|214271|394405|689977|851696|024021|217979|401799|692661|872096|026245|228887|410612|701470|885771|048536|253550|434529|706038|888439|049619|254314|435249|716270|890329|054728|277924|436019|718507|893878|061433|278348|463441|723579|897556|093104|280316|469412|729505|918546|098090|285462|472399|749696|926622|098796|285939|520573|758501|928581|099563|286346|545110|768522|928666|112449|304358|561174|775491|933250|136966|311522|567092|779676|944897|149306|332825|579616|781151|955885|153156|342524|596868|786507|957355|165629|349015|639354|799622|975964|168149|371992|647880|803490|976065|170170|372452|658915|806591|992265|170473|374064|683489|826687|995524,True,https://myhora.com/lottery/result-30-12-2547.aspx,2004-12-30-BE2547.html
2004-12-16,ผลสลากกินแบ่งรัฐบาล งวดวันที่ 16 ธันวาคม 2547,2547,479372,6,075|183|288|999,17,479373|479371,รางวัลที่ 1 พิเศษ กลุ่มที่ 1 รางวัลละ 30 ล้านบาท ชุดที่ 11 หมายเลข 479372 กลุ่มที่ 2 รางวัลละ 16 ล้านบาท ชุดที่ 63 หมายเลข 479372,129943|209279|441126|600719|924675,263300|409554|467459|576551|628955|304154|411383|471610|600152|973656,004969|209527|313329|592847|808050|007744|211181|377645|625558|844962|016582|224406|440046|627072|853487|017184|235640|446414|681084|864797|029755|249417|455998|725031|889743|041804|251837|459434|738077|910993|071474|265054|492141|752669|913250|092920|274173|504395|792140|920035|098964|308457|556465|800586|932136|169121|311394|566526|801335|974788,003927|234078|430634|579894|824893|009811|236608|437677|591686|839342|010150|239811|437683|595192|853284|052073|241389|438175|602709|865667|054608|242367|443132|624637|875768|082592|273047|448366|625191|894416|101482|274104|466209|648004|900439|121313|278682|469969|651426|912282|122265|292394|473241|651950|918068|143638|293084|475299|658335|927067|144444|299628|498353|682145|939880|145983|301242|504202|699094|960321|156254|306727|504218|702151|961556|160286|309376|504640|741696|965157|165040|317632|526645|759560|970402|180344|325744|528714|777390|980615|183143|330448|534325|780042|990100|185286|346043|537994|786173|992961|219405|348809|546575|811296|993683|221122|405251|568293|813868|994132,True,https://myhora.com/lottery/result-16-12-2547.aspx,2004-12-16-BE2547.html
2004-12-01,ผลสลากกินแบ่งรัฐบาล งวดวันที่ 1 ธันวาคม 2547,2547,504658,6,014|139|691|984,69,504659|504657,รางวัลที่ 1 พิเศษ กลุ่มที่ 1 รางวัลละ 30 ล้านบาท ชุดที่ 21 หมายเลข 504658 กลุ่มที่ 2 รางวัลละ 16 ล้านบาท ชุดที่ 63 หมายเลข 504658,104304|116883|127144|393071|604227,099234|275989|457635|832756|897712|142059|360943|723331|896808|970947,035331|241384|456011|578353|813720|051240|277681|459283|648874|835720|083512|285707|487799|659622|861883|122651|308245|500134|690402|873201|153620|309873|520513|707260|883546|162624|341093|531366|722520|892717|181764|408190|532859|728588|911240|189486|428705|538627|765094|944520|232461|437200|565386|765094|950212|240363|437546|577318|789570|983777,007676|294692|449376|614767|793673|011824|295183|456088|635296|805857|028510|313205|458358|652592|806486|032323|319661|461745|656123|817840|042199|333892|462602|656682|819251|051448|343230|470194|667028|839434|056367|350171|472585|668256|839540|064338|352826|475549|679943|872314|065710|359947|490808|683618|881319|084131|360148|491872|691392|888201|092277|370485|491876|692611|890120|102307|373744|523815|710551|906214|118781|378709|534883|716774|908361|141738|385498|560784|725552|915713|156157|389207|561076|748546|917172|176028|392318|566510|771781|924625|181694|409569|580177|772220|946953|226220|415079|609540|774041|954213|253316|425622|610693|775480|959807|262097|444788|610893|786614|975911,True,https://myhora.com/lottery/result-01-12-2547.aspx,2004-12-01-BE2547.html
2004-11-16,ผลสลากกินแบ่งรัฐบาล งวดวันที่ 16 พฤศจิกายน 2547,2547,754622,6,019|744|904|918,64,754623|754621,รางวัลที่ 1 พิเศษ กลุ่มที่ 1 รางวัลละ 30 ล้านบาท ชุดที่ 15 หมายเลข 754622 กลุ่มที่ 2 รางวัลละ 16 ล้านบาท ชุดที่ 57 หมายเลข 754622,194994|343883|487064|948589|963795,038916|183089|629413|790288|941556|067726|434454|698872|810487|958271,012371|232801|499259|615259|868097|048601|234492|506464|677497|871882|051626|247595|509863|688810|873951|067106|319435|517961|720108|881031|088760|370003|546502|737756|922997|184583|389324|577275|781085|946490|204720|414994|581951|840745|972531|205570|437772|586409|856760|980134|207506|445996|591396|858198|981680|220428|458751|612474|864356|982807,001318|261766|439329|593093|783948|023719|263505|441970|606394|816066|026927|290537|461425|611769|842522|029837|293505|461797|614001|843268|037198|297208|463198|619150|856501|039282|297631|465377|622145|857606|125858|301183|473175|639094|860723|128429|306467|476124|641359|872582|130981|349096|496073|669560|881823|138937|350434|504572|682310|884775|139570|353853|515014|685359|889481|171547|354526|524232|687396|891792|183110|363471|535628|693427|908866|187293|366839|552763|693576|910608|188511|367722|554884|703798|935560|200223|386364|556914|728850|944512|209906|389216|559016|738079|947295|220315|390326|572955|744228|953884|250307|396284|581520|745283|977341|259154|430606|586200|755363|993101,True,https://myhora.com/lottery/result-16-11-2547.aspx,2004-11-16-BE2547.html
2004-11-01,ผลสลากกินแบ่งรัฐบาล งวดวันที่ 1 พฤศจิกายน 2547,2547,185966,6,137|661|745|862,23,185967|185965,รางวัลที่ 1 พิเศษ กลุ่มที่ 1 รางวัลละ 30 ล้านบาท ชุดที่ 16 หมายเลข 185966 กลุ่มที่ 2 รางวัลละ 16 ล้านบาท ชุดที่ 59 หมายเลข 185966,035445|165946|316782|565225|574673,048299|376624|467475|622485|783114|339242|424790|530572|659633|810350,031093|147351|344525|583834|721951|038537|148452|374540|585544|753388|050702|229346|409629|601186|794788|065093|244520|410146|604249|812523|091467|268948|417104|627930|865738|106839|280827|467536|673522|897350|127893|299962|499986|682621|904496|138878|306859|551742|684024|918863|141706|327018|559102|690450|928259|143436|337130|580906|709765|932489,019349|195486|425526|624639|803549|034318|197425|431628|642813|814342|038305|213996|443696|652704|835316|038719|214612|449103|658062|839868|045854|229758|468642|660634|841998|053260|231156|489286|667103|857008|056404|242553|507857|692664|862575|123304|246390|508929|692941|913541|136012|260603|515992|693503|917477|138530|278665|538573|703359|924287|142013|308495|540015|714963|927367|146771|317396|549390|719721|929809|153190|333839|553372|721501|949438|153332|337187|558038|743806|957794|155791|337389|560279|753042|964601|163683|347490|563377|759641|965651|172792|349919|571219|791118|972709|184016|387074|585894|796166|983932|185359|401549|612829|801116|988726|191097|407850|618430|803491|992623,True,https://myhora.com/lottery/result-01-11-2547.aspx,2004-11-01-BE2547.html
2004-10-16,ผลสลากกินแบ่งรัฐบาล งวดวันที่ 16 ตุลาคม 2547,2547,355858,6,162|200|438|890,62,355859|355857,รางวัลที่ 1 พิเศษ กลุ่มที่ 1 รางวัลละ 30 ล้านบาท ชุดที่ 13 หมายเลข 355858 กลุ่มที่ 2 รางวัลละ 16 ล้านบาท ชุดที่ 63 หมายเลข 355858,467392|562531|799930|897777|910746,224423|440435|559703|644020|779336|268028|468395|633636|746010|952543,017096|148384|336102|525560|773888|063684|156485|350457|541160|831425|065266|173296|356342|548072|837400|068573|175272|409427|562994|858249|069635|188458|418892|626495|895742|090360|209818|454276|647638|901393|093581|212830|488366|671898|921612|134794|277304|488455|691194|962750|140056|306829|496900|692565|976845|144832|323507|506787|733798|997446,005095|180803|421230|663572|832684|008511|207028|421352|667958|837139|009900|237429|436090|681164|849706|012596|247984|442114|701317|856272|015463|283627|491994|701895|870801|025057|290040|503137|707358|872354|025963|298908|508599|712206|874852|027900|304181|508722|716062|875631|028960|320726|509110|722848|878890|038908|322389|515829|723294|904102|046325|330036|516103|725373|904989|075248|340419|527442|738416|913803|079441|349889|529151|772451|937170|082212|356182|542848|774340|943574|097869|364504|548799|776639|947753|103722|366245|575516|780674|952633|110126|379085|587604|784340|962444|142538|383560|620172|806828|971574|146800|394895|637043|811013|972900|146918|415980|657692|820087|986308,True,https://myhora.com/lottery/result-16-10-2547.aspx,2004-10-16-BE2547.html
2004-10-01,ผลสลากกินแบ่งรัฐบาล งวดวันที่ 1 ตุลาคม 2547,2547,110866,6,200|547|781|806,66,110867|110865,รางวัลที่ 1 พิเศษ กลุ่มที่ 1 รางวัลละ 30 ล้านบาท ชุดที่ 16 หมายเลข 110866 กลุ่มที่ 2 รางวัลละ 16 ล้านบาท ชุดที่ 65 หมายเลข 110866,020254|157049|224293|585656|661915,095727|351197|550665|756406|960943|338627|475006|744422|890814|986246,015095|222421|556670|730874|816149|034334|312210|563121|733010|841759|041066|318702|576168|734171|852481|070381|408062|577282|767663|881524|071889|445447|635016|776838|895113|110899|449662|636653|782022|905406|155275|452011|663979|783825|908858|178399|458738|688205|790276|941981|200835|497454|694020|812834|967270|214951|504141|708685|814078|988553,003335|240606|535721|714794|862461|019989|259114|544863|722441|865322|025258|265073|545357|724026|870702|026075|288324|553514|736098|874682|057101|308020|566700|744752|875977|068296|314580|570556|747694|878424|073913|317775|600528|751922|881013|090573|319020|624883|753956|885218|108554|331034|628709|764441|898917|117861|347727|638092|767199|908438|136940|394412|643573|772115|917305|140635|398029|667856|774175|918157|141189|399015|682060|781870|929369|145328|405472|685356|783122|947877|169640|421969|695431|792068|948414|172245|434365|695564|805213|961750|189020|449852|696247|810527|966755|213483|467850|697213|828201|969690|217094|505274|698114|831138|995156|230301|522844|708888|846376|999977,True,https://myhora.com/lottery/result-01-10-2547.aspx,2004-10-01-BE2547.html
2004-09-16,ผลสลากกินแบ่งรัฐบาล งวดวันที่ 16 กันยายน 2547,2547,923373,6,295|774|867|888,59,923374|923372,รางวัลที่ 1 พิเศษ กลุ่มที่ 1 รางวัลละ 30 ล้านบาท ชุดที่ 28 หมายเลข 923373 กลุ่มที่ 2 รางวัลละ 16 ล้านบาท ชุดที่ 62 หมายเลข 923373,160112|293781|373898|488623|852165,040988|178503|732825|772031|869596|054872|268868|767523|774862|992890,017896|159349|425602|638023|810196|028023|182247|455201|658102|865561|028644|185489|487612|658583|872471|046999|272920|496873|682387|918853|106709|319708|528825|684538|925259|110974|321605|534004|700456|944433|124673|325968|567452|737963|957982|140949|368972|579293|746363|958402|157637|394990|602747|767630|974636|158134|406418|624439|788988|980291,009275|152900|341054|575534|764241|013711|161742|345760|589731|782136|014521|169492|349991|595291|815773|025871|196228|377246|600050|818951|031259|203644|390031|610840|822548|034375|204480|410731|621097|867286|036061|211942|414077|638876|873168|038946|235408|434423|642321|878186|066508|255792|438223|643951|893242|067593|261362|459238|644205|907891|070938|265828|463089|651601|908048|092544|267097|463907|662513|910370|095377|275903|488717|670018|912312|121265|277535|508026|695883|912800|123186|291989|508114|700694|923095|127220|294309|510103|710703|930372|148872|299265|521143|736165|951174|150686|315377|558577|747765|956293|151754|336759|560912|753929|964089|152637|338136|572710|755302|966054,True,https://myhora.com/lottery/result-16-09-2547.aspx,2004-09-16-BE2547.html
2004-09-01,ผลสลากกินแบ่งรัฐบาล งวดวันที่ 1 กันยายน 2547,2547,096597,6,014|456|709|929,70,096596|096598,รางวัลที่ 1 พิเศษ กลุ่มที่ 1 รางวัลละ 30 ล้านบาท ชุดที่ 01 หมายเลข 096597 กลุ่มที่ 2 รางวัลละ 16 ล้านบาท ชุดที่ 52 หมายเลข 096597,094941|139534|452500|575912|654728,079882|324873|391467|455919|761502|184792|356408|406099|617519|921202,015952|177872|307491|544044|734277|024942|179432|346915|577269|790034|081744|182380|356144|586011|831595|120758|186921|404986|589511|845994|123065|208245|469094|619249|846083|128547|209043|472929|625500|856402|151774|244269|481512|652394|871403|157144|252569|493536|678517|935285|157389|261229|510127|684315|944095|173549|297987|519278|715401|961364,008051|228059|453984|616722|785455|010869|238211|465247|620877|807532|013652|253758|479219|623866|807907|041793|261855|489632|625402|819707|056556|262468|507446|626727|822156|100364|306032|511732|630538|822740|128075|337290|514913|637524|828354|132411|356672|523999|647147|864592|134973|363258|535736|656459|870225|140816|377236|540815|675847|870920|150266|378020|549494|681634|872110|150269|378682|569353|694504|878897|159968|385713|580048|701702|881471|171542|422108|580674|711627|896642|177992|423395|588888|726173|898939|187088|423826|595320|728587|946683|201730|436049|596306|740095|956097|204541|444336|598639|744125|971370|223908|447975|600644|747124|973831|226925|453100|611261|750884|991867,True,https://myhora.com/lottery/result-01-09-2547.aspx,2004-09-01-BE2547.html
2004-08-16,ผลสลากกินแบ่งรัฐบาล งวดวันที่ 16 สิงหาคม 2547,2547,335921,6,082|114|288|559,59,335922|335920,รางวัลที่ 1 พิเศษ กลุ่มที่ 1 รางวัลละ 30 ล้านบาท ชุดที่ 27 หมายเลข 335921 กลุ่มที่ 2 รางวัลละ 16 ล้านบาท ชุดที่ 60 หมายเลข 335921,174576|177366|470772|800815|832901,162378|240955|353027|479111|734784|211884|241136|398467|704777|861864,011249|112269|323521|512915|723504|015624|137792|330621|528188|735422|027553|181386|351834|549651|742703|035100|191067|358776|595460|810230|043174|201476|361927|611764|818410|047143|210258|401678|615668|868235|062496|216176|405879|617497|897906|082568|244697|413036|668760|901565|096775|248452|442165|672510|909440|105415|250394|467564|709046|973788,046166|247968|442948|647317|771310|050000|250581|462675|658128|791131|051310|265756|495316|659132|807085|073471|272331|518826|672774|816284|099421|274609|523909|674245|834455|108368|279511|525294|682733|839586|127833|298660|529634|686945|865265|135597|311089|531172|687391|866023|137902|326195|534846|689547|876224|160128|328713|594813|690751|893301|169436|331648|595678|703887|893830|176429|336550|610509|718813|900838|177808|344461|611648|722705|911001|180070|345542|614654|729906|931259|182904|351054|617997|732433|938181|187757|375678|621876|733044|938799|206192|396133|623705|749398|956493|210713|397266|627930|752651|969493|217484|407199|632529|757858|981518|232688|426005|634891|766494|997818,True,https://myhora.com/lottery/result-16-08-2547.aspx,2004-08-16-BE2547.html
2004-08-02,ผลสลากกินแบ่งรัฐบาล งวดวันที่ 2 สิงหาคม 2547,2547,868990,6,377|510|811|956,45,868991|868989,รางวัลที่ 1 พิเศษ กลุ่มที่ 1 รางวัลละ 30 ล้านบาท ชุดที่ 21 หมายเลข 868990 กลุ่มที่ 2 รางวัลละ 16 ล้านบาท ชุดที่ 66 หมายเลข 868990,215266|394998|840024|889501|924376,066263|088298|164174|485807|636935|071993|158145|247389|575905|705571,002133|165178|403121|598579|808886|039140|222715|417659|607697|812333|054420|244747|425608|623181|818777|058726|306211|430968|623754|834007|061893|313394|449490|633577|904951|071242|327276|468082|702561|910093|114983|330205|499004|704905|921519|129710|334585|500006|771413|923183|134114|384256|558385|773259|942989|141816|385204|564134|793096|979658,003875|165058|430514|642126|832010|009880|173292|437533|647081|845333|021490|175740|453396|653372|850820|023907|181140|457330|670379|852871|032311|196994|459761|672102|858823|037946|210407|464772|691600|866451|047460|211860|465162|693231|867724|078849|213507|475223|694356|874691|082959|253095|511898|695546|881942|090821|261803|542843|704514|895214|090875|287233|553512|707072|899194|104615|298527|560013|711082|923679|107484|304385|573271|726852|936077|109067|341342|586826|748552|964437|119197|343677|597754|758344|971343|126713|351125|608162|780826|972306|131207|379744|611160|790658|973474|137709|380078|618730|791077|975190|154762|410473|633277|802681|989948|156383|419118|633443|812555|990522,True,https://myhora.com/lottery/result-02-08-2547.aspx,2004-08-02-BE2547.html
2004-07-16,ผลสลากกินแบ่งรัฐบาล งวดวันที่ 16 กรกฎาคม 2547,2547,205588,6,154|461|696|726,25,205589|205587,รางวัลที่ 1 พิเศษ กลุ่มที่ 1 รางวัลละ 30 ล้านบาท ชุดที่ 02 หมายเลข 205588 กลุ่มที่ 2 รางวัลละ 16 ล้านบาท ชุดที่ 54 หมายเลข 205588,087381|094804|177718|746802|783404,105782|251882|497165|536823|605264|187546|393502|532852|569686|666287,018125|133194|323262|488988|772149|025328|134106|342663|497532|805596|088883|164444|364692|550926|806308|118518|170809|370981|586782|893871|122808|194974|372578|643128|893982|122995|224648|410147|693363|897762|124359|236377|419522|713838|922366|124413|292280|420343|739363|947405|127898|300238|457200|743700|959942|128356|311316|481404|755367|962748,014678|267097|435607|581646|804076|018847|271537|439916|583705|809589|021933|271709|441404|585271|810681|038740|291741|444299|595520|825746|060666|295958|455654|609609|845214|063819|312040|470756|617926|875158|063932|318053|471053|623848|884479|080061|319081|477607|645166|884646|102938|321446|485701|648663|888903|124463|323165|490086|654838|892453|134032|328732|497811|675809|893969|138106|331623|513575|685108|915945|160215|341713|517255|685365|922253|167555|354472|525071|687528|929531|209791|364906|532620|694741|939373|237015|374703|534064|708196|939675|242641|382209|541730|749979|940405|243392|393565|548961|767799|944374|250107|397803|557206|771179|977490|253154|432030|572692|778310|983016,True,https://myhora.com/lottery/result-16-07-2547.aspx,2004-07-16-BE2547.html
2004-07-01,ผลสลากกินแบ่งรัฐบาล งวดวันที่ 1 กรกฎาคม 2547,2547,312471,6,261|313|598|664,66,312472|312470,รางวัลที่ 1 พิเศษ กลุ่มที่ 1 รางวัลละ 30 ล้านบาท ชุดที่ 19 หมายเลข 312471 กลุ่มที่ 2 รางวัลละ 16 ล้านบาท ชุดที่ 63 หมายเลข 312471,036281|171781|459075|629035|936553,081426|276579|447231|786497|840193|084053|292462|633038|818586|877173,002290|152517|346996|535531|779413|030334|183728|428741|580422|783114|084369|205610|429254|588656|788022|117887|230842|436985|589948|803781|118307|245281|447876|591259|834241|125154|264935|468159|595044|852761|137701|287970|468689|616928|855564|140431|303100|500118|742545|872722|146353|305510|521702|750525|891545|149790|318908|535102|762323|937872,000476|200504|422996|572131|781763|016346|203246|432039|578078|781860|047644|225665|440332|583564|793993|048435|228911|442969|597071|801562|060827|241649|444649|612654|805653|065087|276646|451147|626419|815920|069277|277049|480873|641398|830123|078807|282873|482661|645122|856770|110278|293609|485484|652913|856941|113979|313152|491949|653494|870558|114479|330613|501266|654792|886521|120362|332924|507217|656033|893233|130156|368517|507706|674698|902032|133251|381038|512383|684472|926113|144727|387517|519061|692117|936710|155125|403142|528257|705954|941355|171840|404580|538893|724470|948113|174379|405782|555183|739338|954314|189916|408580|558761|780014|965236|197897|410399|571841|781406|982603,True,https://myhora.com/lottery/result-01-07-2547.aspx,2004-07-01-BE2547.html
2004-06-16,ผลสลากกินแบ่งรัฐบาล งวดวันที่ 16 มิถุนายน 2547,2547,208713,6,414|459|911|986,87,208714|208712,รางวัลที่ 1 พิเศษ กลุ่มที่ 1 รางวัลละ 30 ล้านบาท ชุดที่ 16 หมายเลข 208713 กลุ่มที่ 2 รางวัลละ 16 ล้านบาท ชุดที่ 66 หมายเลข 208713,102898|351642|585909|625991|912071,071054|600600|648695|706270|771885|263119|642259|659496|706718|917153,012911|221988|400572|571353|693221|013890|230772|403565|595836|726669|058854|257200|438943|601506|758037|073380|271862|440837|617002|813523|126313|280631|447447|622702|820188|153222|349057|493999|640713|826400|158812|373657|509031|642630|845211|190351|376259|530513|652381|873868|202754|379191|551911|673187|986340|213217|395892|568832|682095|989553,004101|140807|290393|591886|772237|004669|147097|334252|616706|773059|015731|162251|346958|623879|780873|023760|163272|358649|627039|783076|025229|166167|392690|646706|805143|029735|166549|416585|651691|839508|037912|167464|418204|652375|846934|050194|174241|455884|653743|848130|064920|175020|473688|653956|850344|074255|195840|474871|656287|869762|074566|217976|480823|671944|872664|085495|221386|530929|673388|885199|088669|223943|534409|680173|889953|090412|249232|539957|687853|890396|092313|261022|549982|737200|893666|099394|261029|552062|740202|922402|109733|261386|564951|751714|925717|110355|280922|572590|760475|925784|123538|287086|586470|765857|960495|129750|287740|587103|768513|985963,True,https://myhora.com/lottery/result-16-06-2547.aspx,2004-06-16-BE2547.html
2004-06-01,ผลสลากกินแบ่งรัฐบาล งวดวันที่ 1 มิถุนายน 2547,2547,614144,6,425|776|990|992,72,614145|614143,รางวัลที่ 1 พิเศษ กลุ่มที่ 1 รางวัลละ 0 ล้านบาท ชุดที่ 26 หมายเลข 614144 กลุ่มที่ 2 รางวัลละ 0 ล้านบาท ชุดที่ 57 หมายเลข 614144,171088|252620|278941|871765|950990,165677|403799|616398|662056|876201|211721|495150|624937|827305|923798,011542|248959|414415|588866|775584|011747|263046|414498|593420|782228|014178|286581|441557|624944|825629|019767|299045|479395|625828|830000|064362|333750|487707|652012|889804|086587|359310|495112|661040|912055|112304|391455|511407|690868|922203|112948|393357|539162|702640|938903|182220|396843|560706|707690|964013|225167|402521|583060|758227|975197,004327|216827|366435|543624|736063|004512|221544|366669|557086|741395|005470|222191|387032|567877|743196|032807|226169|414202|586459|778252|033931|233664|445871|599476|802790|039533|241732|452127|601497|805514|050364|257158|457933|605616|830474|063538|282496|458420|608998|861533|072697|289125|459623|617223|903240|078265|299532|462335|630589|917584|097251|300331|466320|652128|918970|120693|304526|468449|661163|921877|141181|312531|468999|663310|928136|147856|314922|471053|665786|948219|155612|318891|474336|682289|953107|159882|319366|491827|685112|969164|165032|327418|492059|688505|970404|180143|335742|510480|699118|986270|215157|355322|511235|717554|993645|216435|360991|532243|730677|994060,True,https://myhora.com/lottery/result-01-06-2547.aspx,2004-06-01-BE2547.html
2004-05-16,ผลสลากกินแบ่งรัฐบาล งวดวันที่ 16 พฤษภาคม 2547,2547,589207,6,253|492|526|992,13,589208|589206,,323237|440099|719657|800303|945027,043007|096906|192368|449175|692632|053351|149696|395190|683425|765602,024111|252035|419529|689931|824609|032184|263771|433026|715765|836462|037888|287640|454838|726614|886780|037900|309036|488434|752742|904072|077292|319893|499753|766059|918162|125326|330555|510138|788204|919274|127006|346024|523719|795945|924634|161253|352835|543467|811899|959039|173276|387431|645737|812557|973845|180357|387565|660962|823761|980665,015454|172807|365198|527162|748342|025840|191555|380718|558248|796077|026473|199212|383414|563620|803171|029558|202719|387457|586402|808710|033454|205990|391972|612053|818287|035760|207672|403087|625549|823789|042437|209489|411352|644090|839065|042500|238903|427839|646458|860526|045836|248540|429769|651716|863413|046129|269668|432114|655124|894423|051056|271129|451233|667664|903546|051611|276878|483229|670616|907764|053656|281993|487017|671495|916600|057508|302477|493755|684147|923186|070895|307911|497569|684222|952761|098202|328001|500869|690570|967042|112226|332126|510555|706856|972874|144540|333476|512121|720912|974524|148503|336183|517525|729480|986551|159205|354092|525753|742653|988940,True,https://myhora.com/lottery/result-16-05-2547.aspx,2004-05-16-BE2547.html
2004-05-02,ผลสลากกินแบ่งรัฐบาล งวดวันที่ 2 พฤษภาคม 2547,2547,653403,6,101|385|550|822,91,653404|653402,,176607|341779|375565|462156|949286,045378|200090|393392|706620|800305|151006|272658|582825|755362|801573,025376|201480|368624|555474|786061|036966|214220|370379|555859|805840|072417|249211|376352|610553|839465|102810|254765|395721|627461|858393|121174|272647|411655|669745|864018|125615|284188|419903|669798|885718|135408|313536|437097|669917|940208|146826|353051|464096|682830|969475|158168|360322|473778|728704|986022|180849|367772|504220|756227|998446,019980|208795|364166|518223|801629|021076|215836|372702|531638|808978|021125|221313|373782|532206|816079|022203|235077|391198|534842|831453|028081|244291|404904|535943|843543|034246|254729|409922|541436|847996|046065|272632|412500|551614|851172|062761|276708|415819|588300|857731|065386|283130|428347|629475|878575|066265|283304|432180|671965|883389|103660|288246|439426|691741|898111|105068|289725|448432|700484|899941|111235|300543|451402|702681|908864|142461|300856|457999|722490|914777|160275|303497|463288|723482|916875|160656|303521|465648|738871|937207|168299|335294|477898|747550|938733|195560|336897|502774|783749|944396|203413|342136|504114|796548|976982|206977|364011|510318|801260|988257,True,https://myhora.com/lottery/result-02-05-2547.aspx,2004-05-02-BE2547.html
2004-04-16,ผลสลากกินแบ่งรัฐบาล งวดวันที่ 16 เมษายน 2547,2547,705832,6,008|634|721|966,12,705833|705831,,377665|394342|633088|705808|983438,034539|256700|446435|524700|885229|057696|350525|489891|690760|965604,043134|236369|414798|612038|742746|050100|264978|464743|621666|797776|053048|293187|476274|639291|840751|085312|297671|517484|654376|859329|090583|301118|531890|659908|862280|144782|348493|532300|670625|918470|147719|370294|547405|674042|941868|165287|388796|548405|678900|948092|179761|401209|550726|725979|961558|235695|410825|598873|739479|998666,012732|190712|418852|688719|886058|021556|214939|424882|702443|896008|022246|215320|433650|702674|899768|033220|236980|449549|709380|910966|043669|244910|508847|722667|915654|045310|268624|513544|739392|919806|047051|276649|527044|740542|924139|052247|286160|530277|743735|929328|054971|290957|537232|745319|939740|056165|300096|545765|755814|941196|063234|303160|547952|764558|947253|092019|326263|552146|770021|952735|095312|340087|568342|799625|956839|102250|351499|575621|822331|961647|125258|361713|626772|822827|963280|148834|371466|629222|829420|963721|150371|392432|638811|833090|973898|150793|394091|655566|848077|991186|152537|401518|675303|855549|991379|173275|409570|685571|884338|996740,True,https://myhora.com/lottery/result-16-04-2547.aspx,2004-04-16-BE2547.html
2004-04-01,ผลสลากกินแบ่งรัฐบาล งวดวันที่ 1 เมษายน 2547,2547,196391,6,257|808|851|918,62,196392|196390,,085396|212446|759670|853923|881069,030658|140332|220559|448458|588134|034893|180077|290703|490728|940567,001885|134305|350247|535817|759219|016811|158953|353562|544200|808379|031180|169973|355607|562604|878773|081176|182070|426872|572336|908012|087260|243895|441602|668826|927641|098227|256439|441618|691556|933932|114167|265521|445567|710237|976362|114973|280068|466488|730794|982867|116164|314078|479408|740390|997513|127861|342176|489026|744404|997892,003301|157885|400473|602556|802532|020263|166452|403066|603903|803805|033690|170445|438313|623161|817104|037510|199153|444129|648439|817489|038869|222484|445192|665023|817871|040212|232208|460385|669913|834161|041742|246233|463803|690920|849709|051154|250409|484693|700434|855212|074447|251260|507086|707451|861495|080211|257972|518265|714321|899069|092226|266061|521201|714587|912422|092447|275102|553535|715486|915221|092747|310570|555114|735646|923120|103217|319347|561536|736400|959240|109089|320901|562907|737852|960435|124894|336916|566648|747841|965734|130702|352137|566799|752399|970625|137486|355203|579900|765133|976470|139879|359611|590520|790055|982831|150974|369196|594278|802104|984723,True,https://myhora.com/lottery/result-01-04-2547.aspx,2004-04-01-BE2547.html
2004-03-16,ผลสลากกินแบ่งรัฐบาล งวดวันที่ 16 มีนาคม 2547,2547,615366,6,094|478|779|830,69,615367|615365,,174855|207434|482978|510310|706046,167407|198432|416673|574725|634658|186100|262418|470835|628082|644793,013317|203912|430101|622508|795716|015129|204508|430624|656865|812451|023992|234828|450490|657921|814549|061184|236938|462128|658900|830076|066997|240794|465533|693452|834718|071046|272719|474612|693935|875391|098806|315539|535778|697592|900054|098962|384429|581321|713124|925453|121453|409287|581688|715370|956320|150527|412355|618782|745764|965045,000187|197629|382943|586021|832216|012530|198314|396182|588152|846870|026223|212862|400435|596354|848047|031855|219250|404764|611259|858948|036891|222658|408787|613331|861848|053964|247140|435391|616395|868830|058928|250149|437418|658277|874338|076745|250314|442368|679418|904504|084477|255409|461859|683937|923443|085001|271320|490381|709347|929704|104802|331622|494538|712819|932294|105424|337106|509903|731971|937370|109283|338562|538138|738144|938459|114043|339006|547138|747859|951763|115291|356406|548089|782938|955442|135869|357355|550707|793686|957350|142887|363162|559316|802359|957427|171875|364369|564824|808662|958416|174555|372560|576565|825196|968524|176444|375779|579617|826218|973782,True,https://myhora.com/lottery/result-16-03-2547.aspx,2004-03-16-BE2547.html
2004-03-01,ผลสลากกินแบ่งรัฐบาล งวดวันที่ 1 มีนาคม 2547,2547,697483,6,206|510|610|759,50,697484|697482,,019653|167084|241324|281944|516661,000847|085368|358733|370411|468429|055431|329501|365618|420411|614512,010051|156725|359226|508893|739662|018234|172673|367476|514364|802389|045287|184239|372307|547642|816121|080197|202813|375826|560925|827945|085301|213028|394079|582470|839161|118964|287228|409173|613300|857465|133726|314273|437932|626869|859890|137309|316666|484445|628405|865806|142441|346920|491100|647888|897351|155886|355388|498869|693677|906290,002720|185754|403088|600483|775055|029199|218833|408565|626413|779352|031153|227635|414086|629932|826168|031279|235204|421302|632776|828262|046914|250734|423423|640790|837029|049874|262136|424243|647704|849375|051051|267722|449323|668952|852884|062797|274397|450308|669908|869137|073170|283214|466440|677865|884411|092481|293105|479610|687767|918628|094806|304229|502573|696200|921738|113969|306788|504102|712910|937594|116979|315744|544248|716575|944397|132074|316830|552240|721503|944399|136196|320656|563151|727276|945152|142744|337503|567796|732867|962775|149188|350607|570419|752087|966356|155743|362680|572258|765125|975499|160425|371100|591127|768724|981809|172572|372667|596460|772937|990551,True,https://myhora.com/lottery/result-01-03-2547.aspx,2004-03-01-BE2547.html
2004-02-16,ผลสลากกินแบ่งรัฐบาล งวดวันที่ 16 กุมภาพันธ์ 2547,2547,698002,6,072|309|798|877,00,698003|698001,,065767|075231|516227|529831|721759,142481|399993|527777|780196|858291|233570|417569|608745|848592|919411,001341|231081|399530|606061|836353|002037|309005|399749|685081|871793|003067|316278|401069|706580|882817|108654|321875|428090|712072|894144|163358|326673|439708|717436|910248|165041|348960|452482|723834|934745|172765|349547|498331|752103|980978|179358|364197|564210|776970|984430|224851|371936|566077|800659|984984|229804|387068|571071|835616|999733,002458|219025|405786|608674|778725|005383|219954|431707|617674|797097|011531|244000|452551|638876|797541|018613|279695|453625|650855|797675|045692|295687|505649|659764|808214|081198|301982|505777|668670|824375|091590|302744|506562|669596|844996|097320|304255|529740|678920|845464|100091|312440|529917|688006|853051|118197|316819|531020|689514|853261|119609|320763|547748|696723|865780|134198|344483|549801|698380|871883|138431|359532|552540|703515|882134|147688|369805|583280|719434|890867|151322|370914|586024|728373|894563|165145|376467|587082|732022|912061|166925|377906|588939|732850|933096|187960|389434|591660|743138|952987|188507|392126|602875|767863|979251|192046|404888|604936|773118|998148,True,https://myhora.com/lottery/result-16-02-2547.aspx,2004-02-16-BE2547.html
2004-02-01,ผลสลากกินแบ่งรัฐบาล งวดวันที่ 1 กุมภาพันธ์ 2547,2547,216822,6,242|361|765|769,77,216823|216821,,363465|601167|694668|707265|942034,072771|155893|309692|435932|709846|139792|248924|399653|539803|829110,115432|357848|580098|737195|893513|126732|358347|605903|739156|895713|142914|379670|648930|746240|898735|176934|381430|649275|753593|899296|182702|395013|650207|782422|903841|182728|399342|667300|813827|918360|186457|424429|673458|858510|929412|213165|472132|675883|858877|974718|317442|532076|715608|880396|979445|341796|555700|722923|890208|987299,001399|220440|413113|587785|758420|009648|234243|417037|610838|769605|017578|235718|421180|615063|775150|018906|239455|441318|626710|780716|021573|241929|456217|643234|787509|023340|260623|469027|669724|814158|045979|264049|488008|669900|814163|058368|279055|491757|680434|822582|063666|279964|514873|682703|829371|064700|280124|528778|682936|830112|082066|292603|533393|683247|853592|086218|293100|537877|685635|855491|089277|293401|547928|690771|875050|093549|312254|552728|699439|875975|119251|316218|554238|710617|885534|141936|337347|557786|741087|911732|168399|344541|558847|747864|974486|175594|380149|574303|749758|975388|180837|385240|576448|754557|988876|181378|399545|585704|756462|996542,True,https://myhora.com/lottery/result-01-02-2547.aspx,2004-02-01-BE2547.html
2004-01-16,ผลสลากกินแบ่งรัฐบาล งวดวันที่ 16 มกราคม 2547,2547,731342,6,025|357|391|926,96,731343|731341,,011036|136262|156690|453606|607353,014767|072118|169970|444435|935113|068582|117698|174876|614543|967441,043020|236341|505237|676060|838310|044731|250680|518728|682083|855542|049854|290927|530576|717292|897461|094469|294328|588495|728079|897965|105528|377123|592863|735522|905706|147634|378238|594947|737519|920835|187911|394219|595428|760906|924525|190814|399108|613598|762867|935375|222176|406517|626833|764557|962471|235472|476774|632796|771877|997531,012509|231338|455998|651569|795979|030606|234380|458555|671205|810830|035888|240903|469535|679882|830691|041163|261651|471882|686776|831214|044821|264866|475404|698736|854071|089534|277933|494292|701251|855784|094174|286392|500735|705401|856217|101379|315784|528641|707701|879877|165896|330698|530322|723028|883778|171788|334628|531669|734118|886190|179949|349225|536053|743858|887358|185238|352232|548314|743870|895184|187124|355749|552160|748678|904679|198042|374151|563511|750293|911544|211892|388773|591754|752406|939185|217972|404906|597679|760626|940456|221821|412440|604666|771722|948407|222073|413982|606562|785761|970435|224813|438801|635589|790073|970794|229574|439508|648373|793127|985591,True,https://myhora.com/lottery/result-16-01-2547.aspx,2004-01-16-BE2547.html
2003-12-30,ผลสลากกินแบ่งรัฐบาล งวดวันที่ 30 ธันวาคม 2546,2546,739447,6,216|435|654|743,64,739448|739446,,388108|495461|517213|576032|940934,090268|539563|663356|758831|930426|134502|592523|756859|921629|986775,025389|143632|279058|423125|697694|040067|147726|297160|442385|703190|072908|161707|314686|443246|717708|081005|167455|338034|505270|749544|082232|170447|340540|528323|776821|097440|189646|341118|625494|858531|121476|210240|343793|642110|891245|124987|246876|365952|650964|928542|126384|261996|385214|661126|930535|136181|273875|391056|664371|976637,003944|235689|408311|589216|801240|010229|239894|409947|617590|814290|029630|248544|410652|629717|824140|050866|269079|419014|631605|830979|060312|276173|438511|633178|838870|071518|277978|448825|655996|850738|089275|287337|471713|656552|851231|098550|299266|506096|662011|852569|102295|330552|509501|681686|864172|112977|345105|510216|697703|871548|114431|346860|513556|698344|883127|120498|365405|527092|707035|890932|121844|375871|530450|713833|894476|129418|382430|534380|738072|943628|134014|382703|540944|745920|963344|156703|388940|543041|749462|965071|177997|391420|560919|762964|972017|181041|396188|579228|763667|975164|185077|403532|580378|780040|976337|190044|404108|586192|798438|988991,True,https://myhora.com/lottery/result-30-12-2546.aspx,2003-12-30-BE2546.html
2003-12-16,ผลสลากกินแบ่งรัฐบาล งวดวันที่ 16 ธันวาคม 2546,2546,177947,6,571|676|735|847,87,177948|177946,,660020|719186|723032|867363|955848,116330|266121|380325|578064|783122|129650|331772|384773|601073|994600,002489|136470|483447|589423|758641|003868|139821|483545|601011|767947|012204|175603|489259|602562|797929|014992|184326|500411|625797|805426|031700|231988|517241|639555|862143|048416|255175|540515|674097|874832|092811|324681|547703|707161|882352|094902|454349|548363|732969|896098|120881|462596|557230|734379|917674|133349|468692|558253|736002|957913,007162|189050|429045|578368|798716|007501|194314|431040|579150|800500|025811|202758|433214|586347|805998|026464|207683|467093|599429|810062|030178|232939|471457|613759|817354|032425|236494|472861|617050|824998|052299|237470|479876|622140|826183|062778|250459|489183|625737|827240|081014|257102|498652|631277|827770|085071|261701|506676|637351|839733|093019|270635|507343|645256|854955|102228|273090|513644|679264|871654|111981|288034|516269|694337|893568|137461|291763|523614|743557|917513|143998|298439|525581|762942|920953|160723|316819|536496|764961|961636|160949|317818|538035|794853|968281|161986|340652|540083|796229|990552|176799|357483|560348|797358|994834|183447|408533|561873|798484|998705,True,https://myhora.com/lottery/result-16-12-2546.aspx,2003-12-16-BE2546.html
2003-12-01,ผลสลากกินแบ่งรัฐบาล งวดวันที่ 1 ธันวาคม 2546,2546,991307,6,217|559|719|945,78,991308|991306,,020864|761257|807503|809345|898098,070165|177703|503606|581397|608611|155134|186002|531438|585760|696348,020679|136987|369858|532773|760885|025361|147063|378284|568528|785062|035547|184065|394819|576324|840654|042485|200319|400813|590311|840695|049404|209082|401042|594766|850725|087242|220097|432292|622598|861735|095001|249340|446007|679054|869132|100779|249667|467076|720622|888892|107677|321884|472301|721305|987574|112433|348834|532296|739847|990151,007431|175462|365198|607933|787395|012543|178118|367405|615106|795709|013252|179527|370983|643457|802991|022309|180257|381506|645703|805897|022398|208864|387310|672826|819591|028242|213848|402326|678842|834363|039740|221969|422029|683969|839673|043476|228893|436139|702745|852141|049010|243010|450840|705042|861198|066958|258617|464809|723742|866585|067725|260247|475874|729823|889742|078811|262866|485832|737139|892075|090446|263536|492430|750896|904020|101106|268796|495948|752346|920104|117605|279130|517110|757330|923718|148500|291906|532738|760847|924260|152219|350825|546415|761696|932575|157078|354306|548160|769391|935033|164404|361993|583022|773327|945567|166747|363779|607432|778819|955657,True,https://myhora.com/lottery/result-01-12-2546.aspx,2003-12-01-BE2546.html
2003-11-16,ผลสลากกินแบ่งรัฐบาล งวดวันที่ 16 พฤศจิกายน 2546,2546,238511,6,155|474|594|767,68,238512|238510,,091592|118514|424546|427920|500722,113003|310104|606388|724721|834558|222473|429621|636869|744388|864142,013485|259949|401604|565744|786460|035776|261726|424659|565942|790073|051784|267850|450719|601716|791431|059630|282352|462905|653150|800002|102539|291546|466925|662868|856526|116108|295909|485023|728533|879549|116119|326025|500396|735879|905942|164517|341959|501690|757152|913655|220477|353747|513149|776179|956093|231204|389610|558011|777382|971484,005096|159972|390614|586378|748255|009910|169361|390902|586667|752798|016708|208964|395977|592222|822459|022916|219669|397398|594740|842888|025162|245567|405900|597009|843188|025537|262295|420892|617674|860243|032843|269880|435404|636661|867922|044953|272906|440322|638099|874143|055310|276236|441137|638128|878004|057641|304272|442156|657564|883668|058917|304365|459291|664886|894569|085448|310978|480073|678599|904622|112238|312890|483370|679492|904767|116661|313293|484893|682744|911406|117469|325793|508705|698717|913702|118018|338918|519272|700853|929502|119863|367353|539492|702088|933683|148722|371874|549460|717097|943959|150128|373068|556430|727414|950805|157664|383372|574671|745915|982870,True,https://myhora.com/lottery/result-16-11-2546.aspx,2003-11-16-BE2546.html
2003-11-01,ผลสลากกินแบ่งรัฐบาล งวดวันที่ 1 พฤศจิกายน 2546,2546,941438,6,156|216|264|866,47,941439|941437,,123559|159415|199361|892394|918922,029109|381323|504406|705158|859418|094392|381713|595359|774108|912075,053061|245499|489196|650537|838317|079101|261989|501968|676466|859501|086038|368064|570060|691044|860089|138862|370678|570848|696310|864355|140529|373326|589105|708374|869896|156551|379975|592478|720483|883639|167312|406294|625668|756511|915858|204006|423725|632412|795809|948231|221313|424490|639187|800800|982414|241489|436662|648751|823550|984162,026278|234891|376158|587101|768020|040403|238032|410778|596428|768119|056330|247158|416196|597743|777304|070868|252321|444941|605808|787712|084519|261069|446386|633704|797114|087158|269401|446875|635974|813306|098929|271945|481214|653882|819879|116920|282097|488250|665446|844485|129992|284973|495616|682497|849280|133007|299334|507586|683272|863109|145941|299602|515172|693639|883787|168403|302976|523055|710602|897194|176799|303161|527904|717034|915732|186335|303939|535424|722658|915969|204653|329277|543342|722753|935607|211841|343264|557153|736230|958535|217762|344054|557408|736288|959792|223460|355060|558166|750831|963009|230432|359763|560686|759372|964960|234863|367628|585747|763184|981601,True,https://myhora.com/lottery/result-01-11-2546.aspx,2003-11-01-BE2546.html
2003-10-16,ผลสลากกินแบ่งรัฐบาล งวดวันที่ 16 ตุลาคม 2546,2546,305500,6,012|084|109|470,03,305501|305499,,023477|315192|341237|449205|634166,000882|046181|221451|503502|778020|034694|110381|329549|507133|879842,028203|327710|460924|617565|794391|036190|330218|486339|625019|796347|081258|336488|487446|712776|801422|087045|352370|493506|718735|853336|107285|361521|533328|719259|872972|124545|377566|536068|731754|875981|161731|422351|554164|756403|891890|194335|435736|554288|765427|897958|213130|447879|568309|774351|959100|322856|447958|599738|783672|976507,006364|188891|476294|631973|820154|029706|192605|481532|651129|835503|044378|199100|483413|652111|844982|055140|228763|508161|667459|875639|056967|250135|521693|692199|878598|061669|257636|539271|693865|897660|072915|265986|556945|698312|918658|079747|272310|571218|704543|921238|080962|282933|581741|708293|927404|084350|286038|587918|709590|934840|093977|311188|598018|712906|947592|096355|318260|604120|715035|957983|107284|325169|604690|717202|958823|108550|355465|605062|742682|969289|133712|422510|605388|744627|969617|153860|452959|612578|751785|972536|157154|459606|615366|760919|974877|162607|460234|621691|780468|975065|168757|465478|629377|784010|984000|178190|473487|630407|788655|990596,True,https://myhora.com/lottery/result-16-10-2546.aspx,2003-10-16-BE2546.html
2003-10-01,ผลสลากกินแบ่งรัฐบาล งวดวันที่ 1 ตุลาคม 2546,2546,912040,6,100|379|407|563,43,912041|912039,,032303|212426|521309|690234|767359,014143|271977|444565|567896|724974|035542|366682|481814|681368|911649,008203|151093|364034|541148|761015|009613|155198|421826|543051|791860|048875|187863|454301|560188|819514|049852|246504|475785|590450|825256|057306|274984|479581|616844|836626|107939|284491|491441|622321|848356|119026|287180|513853|639757|915102|134556|293216|516154|651725|941274|138377|320608|519155|653252|944285|148372|346113|536568|734549|973978,005417|203742|343196|568953|712284|010264|208435|345506|573904|749117|015644|211286|366144|576766|766160|045513|219710|381988|579755|811137|045873|220849|405865|584661|845987|051486|221536|410620|586638|848449|054568|225593|412942|589418|858338|060358|231651|416013|589830|867909|064238|248767|416662|617624|868534|064872|254477|421328|617701|877971|067217|258108|424418|626445|879139|097554|262717|443495|627840|883961|099458|263201|450399|628306|895304|117506|267169|453092|644468|907904|122799|271704|464540|662208|916096|140256|282230|492950|670117|916709|140673|286282|509374|673413|953153|141393|297208|545853|675025|975903|190462|321262|549771|681925|990536|194553|326827|566164|693580|994284,True,https://myhora.com/lottery/result-01-10-2546.aspx,2003-10-01-BE2546.html
2003-09-16,ผลสลากกินแบ่งรัฐบาล งวดวันที่ 16 กันยายน 2546,2546,600589,6,356|494|909|996,53,600590|600588,,040073|562262|568409|667379|771993,066715|097477|729010|773163|892313|095681|516365|730670|877530|979194,005297|192106|343454|557300|784562|022715|233275|374484|565724|804520|036588|249063|411171|585566|809608|044240|249296|415528|638352|824780|087925|288640|421457|656425|836094|098071|301075|432518|684700|912600|143284|312125|486092|700961|915848|170702|318747|520755|731635|920159|171620|326845|532621|750435|943588|191313|332247|546718|754417|986058,000200|181192|386433|539339|779282|011502|202560|393303|549938|804632|032898|207240|397532|550604|806526|038450|233368|397682|555176|838977|055098|238194|403020|563054|845044|061854|241120|414797|592386|878234|063987|257210|414936|621718|880373|067451|257930|424071|623138|882474|073980|270337|435565|644211|883702|075245|277992|436681|651840|896155|088190|284996|470422|652646|899164|107768|286121|472653|669999|900354|113932|287682|480953|673635|918168|114092|313963|482956|678153|922171|130380|324673|487746|680403|925195|132496|349166|495117|686256|935651|144761|351623|502082|692773|942513|151536|355066|505474|708441|962060|169813|385597|512431|771212|962477|176656|386344|518388|773426|973871,True,https://myhora.com/lottery/result-16-09-2546.aspx,2003-09-16-BE2546.html
2003-09-01,ผลสลากกินแบ่งรัฐบาล งวดวันที่ 1 กันยายน 2546,2546,187813,6,249|661|793|918,92,187814|187812,,409207|670269|687881|711305|970222,053276|263102|721533|781549|830287|223607|701688|772376|809614|837954,021944|304583|475437|727288|931976|037817|312419|482504|740335|942514|051484|332970|503133|740922|943643|099877|336913|503983|786990|946149|105892|347589|536371|794047|953414|105915|353045|541859|823204|974481|182095|374302|566527|844943|977214|220612|380171|646528|858838|977915|278826|384286|692204|898661|978402|280100|429385|709185|915269|989290,010994|207908|421706|570137|790531|032824|223110|429450|572776|792443|053608|275580|453322|577050|808930|056401|276589|455823|585603|810674|058274|290177|460779|598607|814541|065402|294373|467001|604505|820898|071527|299473|480515|623552|823430|099954|314305|480650|642760|844290|100044|323352|481346|645984|844358|100641|330146|487265|652067|852036|109225|332217|488845|664337|861389|110509|333783|491050|688123|869461|149269|334126|508056|694624|878005|167395|346081|517967|702381|878284|173632|356030|528734|702423|878856|174022|369395|542008|717916|903608|175471|399419|545556|722863|908782|181715|401110|547165|771268|946492|187413|413680|561405|775542|976610|195565|415475|565880|788083|993001,True,https://myhora.com/lottery/result-01-09-2546.aspx,2003-09-01-BE2546.html
2003-08-16,ผลสลากกินแบ่งรัฐบาล งวดวันที่ 16 สิงหาคม 2546,2546,354771,6,206|271|496|624,00,354772|354770,,069296|172391|646408|683892|908002,000282|191090|343751|725668|973987|150433|307228|718150|953069|986786,019248|248232|466877|734412|873296|038041|256673|476664|737012|901197|067777|279642|492426|743689|903385|161179|308216|504376|749425|906437|175190|362399|536331|762036|907282|183366|394155|550051|773341|942389|199585|404508|574017|784124|957045|213853|421856|636793|786746|969644|234407|436742|655074|816040|986577|238587|441226|667251|870810|996807,002269|238005|391646|600840|788544|008110|239146|403011|602113|807230|014863|252740|428513|612751|824947|065635|258572|429158|613855|832398|086351|263198|433466|625228|853433|087161|267545|486860|625267|862729|121759|270336|489588|632400|878091|128542|271106|497679|641963|879447|131350|273411|500288|651370|883950|136250|280670|513757|657856|888500|137328|289054|517352|662333|889646|147357|290297|526137|671393|897369|161209|301374|535078|680764|904348|166023|310021|539865|681914|905688|168598|326428|540263|683785|910256|190852|335202|559584|721681|966486|191220|336394|566547|729127|972709|217621|340583|575728|752812|983491|219435|378632|593422|757068|985008|221378|383648|599640|769803|987445,True,https://myhora.com/lottery/result-16-08-2546.aspx,2003-08-16-BE2546.html
2003-08-01,ผลสลากกินแบ่งรัฐบาล งวดวันที่ 1 สิงหาคม 2546,2546,766098,6,007|460|733|856,91,766099|766097,,213326|458769|532792|668659|910002,177486|320199|346552|413052|878691|290634|341112|410920|806772|984276,025462|274229|422755|541913|753671|056951|276269|429380|554744|774248|059284|284063|432362|556525|804034|082821|309499|436098|561311|840989|191296|334471|436840|623850|845545|207589|349227|447033|644794|851110|218418|351747|496516|653946|882456|219415|384587|497389|660787|889343|237409|416907|522241|693444|944090|237835|419616|526907|699324|993954,002915|240358|453161|662338|857441|012775|253707|474800|663975|863851|034496|255894|481171|681042|865735|040330|272353|486571|682523|872180|046471|276442|510222|695253|882190|067937|297549|512152|702792|894839|070860|299761|528877|733775|898322|079191|301983|536986|735739|903909|087143|302105|538122|742288|907257|088601|308179|540181|743334|921912|097100|329247|541972|746151|923580|109153|354308|582853|746382|935543|114609|356772|586094|756771|936013|115017|378926|587661|765498|945070|120475|396222|589021|781192|948691|137997|406820|610440|786546|969048|165215|421706|611010|792618|974640|177947|421931|614857|793693|976728|205153|432100|649695|796031|984327|211909|443938|654125|822062|992128,True,https://myhora.com/lottery/result-01-08-2546.aspx,2003-08-01-BE2546.html
2003-07-16,ผลสลากกินแบ่งรัฐบาล งวดวันที่ 16 กรกฎาคม 2546,2546,679545,6,049|281|363|589,75,679544|679546,,230898|269637|396059|612958|677670,026576|187768|267868|441820|651167|061127|240197|435476|645269|987205,020226|354753|531018|670140|826924|038455|361821|545682|675144|846726|054763|362015|555201|684251|893350|145087|368045|562072|708984|900689|146537|402779|567953|719959|906235|184999|460974|584177|722393|937066|232959|495521|603104|769145|952519|278555|496060|640480|773616|976688|301713|519015|648696|777878|978929|318538|524010|664499|824771|979117,024271|166364|335304|614591|818956|036732|171651|335949|626439|819858|037973|171770|336358|628595|834602|050173|197466|340093|635353|836165|057051|204355|347340|654505|839429|064885|244294|395721|657170|839986|067364|259047|411407|662560|843477|069759|264233|416907|673841|871727|073580|264702|422084|678802|873383|079771|268555|422569|684968|881419|089600|270343|436716|691043|911694|094931|271666|459811|698611|912775|096486|275074|461205|698705|922812|099495|278453|472956|713401|932089|100311|294068|483591|715606|935109|100880|294175|518183|721125|937954|104939|296267|518345|724593|955578|106358|323246|556635|725256|957300|150089|324574|583220|757493|968768|157439|332038|594538|815160|996273,True,https://myhora.com/lottery/result-16-07-2546.aspx,2003-07-16-BE2546.html
2003-07-01,ผลสลากกินแบ่งรัฐบาล งวดวันที่ 1 กรกฎาคม 2546,2546,461414,6,151|282|395|878,91,461413|461415,,216507|308716|336925|520660|907598,065904|261002|627995|794216|919912|241505|433878|789689|869699|930218,005091|168858|503015|618617|849111|021273|280855|512021|694382|857771|032731|287379|515778|695297|865348|038792|336439|521788|703498|866630|040715|389952|529339|707094|885038|064288|400583|543236|749683|893028|069313|401407|558952|788814|900000|071028|437367|582791|795618|931902|090362|453350|582934|814073|979528|131831|476020|587592|819783|989260,017940|248127|515269|619820|786392|018523|249126|520157|620601|791315|026205|252910|525940|632926|792398|033706|253915|531706|636763|804390|047842|269796|540149|637196|817188|065916|318939|540440|642207|823489|069730|335622|540441|654168|826993|084133|385936|542019|657707|841154|092655|404183|549119|660263|846539|110061|412095|554935|676284|847931|119660|434946|568369|676883|877784|124761|447992|590471|684302|894088|133902|462033|591921|688921|895133|175986|463702|592006|726171|908104|197390|478402|596194|735554|923333|199921|499162|600409|738889|939341|211806|502182|600465|752362|948993|217397|503519|601234|759402|949585|220918|506440|613202|761044|968758|245248|508606|616353|763830|978618,True,https://myhora.com/lottery/result-01-07-2546.aspx,2003-07-01-BE2546.html
2003-06-16,ผลสลากกินแบ่งรัฐบาล งวดวันที่ 16 มิถุนายน 2546,2546,389872,6,006|605|922|995,29,389871|389873,,054676|142209|636066|861417|946864,011932|392406|478228|744098|990553|265264|397519|654923|973593|990727,060688|185438|411670|610724|751203|070167|212535|417214|614978|771627|070471|233393|466772|653071|803563|075080|258752|489926|704315|820060|095920|267762|495697|708379|831752|101029|306568|503224|708976|833138|112476|330565|514714|726829|913175|119867|378039|533072|728547|962095|144959|391947|533277|731483|989971|144987|411084|565941|741303|991648,003538|186789|389540|667359|850643|006886|196297|401777|676661|855219|022569|202025|439171|680695|870496|035695|222575|449835|702751|884362|038948|224735|451313|704911|884533|055512|232115|457799|704982|888916|063750|239790|461811|708788|891250|067933|262171|501427|709146|923370|076412|264093|519685|721453|926742|080884|267086|539115|722927|939262|094323|277647|548386|731512|940342|102550|286731|575537|732826|946797|107049|306110|580279|740020|947342|115278|309668|589498|775906|951902|130124|312486|594670|779542|955443|139518|316085|615298|807761|957730|155403|319774|626934|830668|966871|172289|328054|655221|831886|970286|181395|356919|659426|838208|977324|183242|380505|664794|850059|985792,True,https://myhora.com/lottery/result-16-06-2546.aspx,2003-06-16-BE2546.html
2003-06-01,ผลสลากกินแบ่งรัฐบาล งวดวันที่ 1 มิถุนายน 2546,2546,766066,6,083|354|523|686,36,766067|766065,,141090|182691|233312|284074|418230,165311|351923|514901|557097|863416|216156|385529|530798|769907|948939,004697|176673|279828|525493|710555|010145|192590|335954|579114|720249|013297|192651|348791|588447|804673|041670|206291|353892|593153|859842|042787|212034|354605|594180|866215|078219|227739|355103|594785|936458|112482|242398|410413|606346|949988|129921|247267|470190|649453|958455|138743|257188|480493|654256|968098|140784|267480|499565|675640|992244,000522|193037|360599|612932|872956|008699|195629|409559|641953|872961|010713|203415|421199|646487|874420|045472|208518|425746|697055|877822|047992|220504|437070|697507|880856|052838|231978|439146|706863|886652|055623|233306|463215|720249|891567|057127|236935|506637|728351|905654|058121|248157|518521|745630|905688|077465|255431|521330|764823|908207|081616|291274|525008|767952|909119|091063|297644|529693|770810|931429|097635|302220|569719|770879|932747|110142|309988|573958|787330|937674|111168|310515|575682|822825|943613|141236|315862|577016|832367|948947|145150|321835|586330|848663|961736|149932|321942|589721|853470|966424|160178|329506|603699|860792|967729|174615|330759|608805|862677|999201,True,https://myhora.com/lottery/result-01-06-2546.aspx,2003-06-01-BE2546.html
2003-05-16,ผลสลากกินแบ่งรัฐบาล งวดวันที่ 16 พฤษภาคม 2546,2546,552784,6,048|362|608|699,20,552785|552783,,152769|301797|404749|471037|824452,074128|213022|404935|607195|938581|212101|388629|438950|650038|954313,038727|218997|396014|582433|785834|051590|220386|421855|585207|793655|060122|259003|424680|589126|804107|070536|293582|446164|638732|880969|077142|309252|455086|644154|907549|143168|342712|466052|646894|952129|160436|355684|473591|709178|957251|164701|360321|484622|744642|963604|206090|369853|514353|756889|975749|211157|379367|531100|761056|976402,007374|152060|307760|584909|781116|017078|154473|352889|586162|783296|017498|161247|361901|593308|786178|023761|166931|407566|624281|791163|032756|169202|409328|625780|796861|032896|176485|409764|633934|807171|039598|196855|429484|651979|807677|039861|200091|452533|660447|819531|043786|215777|465266|667483|832003|043923|217609|477336|668493|838179|050877|222725|479401|681227|856511|078006|228767|503672|683061|865653|106013|230393|508404|684440|870015|113133|242170|509618|685548|880186|113513|247428|510636|692406|885531|114407|257059|516926|694804|886212|120279|276466|525805|697251|901756|122310|281121|530365|721422|907464|140133|284101|537037|759305|939534|145430|286459|582172|762645|953311,True,https://myhora.com/lottery/result-16-05-2546.aspx,2003-05-16-BE2546.html
2003-05-02,ผลสลากกินแบ่งรัฐบาล งวดวันที่ 2 พฤษภาคม 2546,2546,135603,6,386|498|522|870,12,135602|135604,,048276|377245|491133|887712|991726,118051|192573|297902|355084|438246|175331|227424|320899|380623|571897,040174|268901|382079|512588|653829|054012|275030|383835|515367|687365|087964|276541|401522|516209|713004|095474|302199|402956|548783|722059|100314|309291|408438|583456|819090|115006|322234|415658|584515|856267|148674|337320|423643|585214|877559|214747|353842|431017|626020|965569|219729|364670|491138|644925|971523|229177|373383|508857|649959|999303,017218|238009|431024|632786|811715|030306|238834|442407|643398|817145|038933|254011|453043|647840|823252|041590|264764|469361|657832|824730|055096|268480|476860|664253|835529|061921|274260|489616|664718|842602|073048|276089|507691|673505|845361|104803|288926|516997|682336|848489|109538|293719|523833|683228|859735|131791|294399|527612|687035|892429|138003|299927|531065|687694|900739|151652|316525|544927|694087|903188|152443|323638|547363|700190|912279|154509|337827|551956|706094|916720|157339|341202|554146|708346|922875|164595|360883|558177|714210|936321|177203|375956|564380|734526|937884|208098|387943|574795|741419|948377|227404|413081|595482|769791|948874|234151|418009|632513|799349|953545,True,https://myhora.com/lottery/result-02-05-2546.aspx,2003-05-02-BE2546.html
2003-04-16,ผลสลากกินแบ่งรัฐบาล งวดวันที่ 16 เมษายน 2546,2546,892525,6,796|823|906|933,21,892524|892526,,003746|176906|414893|720033|938589,021838|166647|219432|357961|431439|165434|169965|295539|358557|599533,011449|209014|528771|617010|795817|025602|210082|532750|626077|835396|056617|210219|548872|636581|849249|091323|228867|549440|648974|870790|161419|240095|557166|715670|885083|166344|281243|566989|753143|900020|189929|329927|567596|771241|910132|190837|408679|592004|777909|940941|200168|456785|592172|783286|942046|206320|473571|594386|785346|977149,002477|158290|373629|566470|791939|003159|169072|374041|572931|793647|010465|169978|380749|574614|811934|036123|195987|383065|575499|814058|065899|201865|409619|575560|816808|068024|204576|420693|586834|835984|071581|224195|438953|594667|851719|082310|225954|447322|603225|854551|089927|232308|467760|628138|858076|090440|238127|482058|636223|871741|096290|239015|485400|650640|872606|102110|248760|485459|652004|918821|103902|308741|492575|656788|924763|128794|322209|520936|675833|936384|134452|335123|526370|687142|947047|147092|347725|537865|699491|947707|149152|353095|543708|715829|951574|149539|355253|545337|729355|953527|156603|367007|545583|776050|957179|156930|370327|561543|782481|967679,True,https://myhora.com/lottery/result-16-04-2546.aspx,2003-04-16-BE2546.html
2003-04-01,ผลสลากกินแบ่งรัฐบาล งวดวันที่ 1 เมษายน 2546,2546,933164,6,467|732|863|902,86,933163|933165,,214910|482089|595953|746631|760947,188783|251352|342732|473115|757505|240970|285553|437506|502470|939146,004760|200031|481530|670780|831216|007362|291529|484207|675812|841551|014617|296386|502622|689463|888429|021172|334401|531486|736821|889970|041655|344275|537701|755197|897982|067762|379009|597359|759116|899949|072463|389158|601683|764482|902173|095624|390579|617571|783749|904254|133507|431421|655507|784230|926493|184449|461178|660913|817486|936301,001143|197394|363014|588870|772026|030537|205683|374377|589842|791018|041498|228011|387066|598280|831635|052122|228560|388711|599593|833730|091916|230773|393022|602423|842011|097802|235998|397254|621302|851289|101225|244619|401652|623054|865330|101367|278630|401908|657102|872291|102171|285255|410009|663302|875916|120855|286902|438046|700910|917802|127382|298974|438721|712494|936584|143378|314729|440065|714279|937711|152335|315164|446454|721012|945884|154150|322224|533804|726016|954116|165819|326146|538151|728313|957356|167194|330364|555429|731664|963456|174322|337369|556382|738675|971528|178629|349384|569497|738952|978679|181761|354064|572257|739072|983159|184443|357660|578574|771209|996779,True,https://myhora.com/lottery/result-01-04-2546.aspx,2003-04-01-BE2546.html
2003-03-16,ผลสลากกินแบ่งรัฐบาล งวดวันที่ 16 มีนาคม 2546,2546,653062,6,038|208|702|820,64,653061|653063,,571859|627666|915733|919125|988858,003175|054875|408206|576828|723517|022017|207632|437474|611681|810242,029305|274003|496031|685300|856817|044385|274241|497274|716612|863449|056330|313397|544304|733357|874327|062962|330008|569657|749063|875825|096533|343830|577610|768050|883308|133149|354350|579730|777695|926304|138561|386095|596732|789466|964286|205746|399371|609767|799927|974063|220988|482263|630177|811140|993491|244996|492732|668669|847447|995445,001969|236868|480858|695381|836740|016741|272042|482206|697712|838370|023402|277656|493578|706162|838892|026843|293151|506691|711703|843058|063265|301887|506823|723981|852861|081607|317460|507570|726148|875736|091513|317801|552696|730407|880784|096054|335890|554526|751310|903080|111957|345387|560636|753625|909846|131719|365232|582761|757915|920412|159662|375981|596437|765080|930697|163894|387714|607352|767107|933526|165762|396259|609468|768453|945438|183210|409335|611235|778034|951083|186678|439691|660128|799300|955956|190464|446680|667002|812999|982999|190776|452483|671136|823087|983251|212837|456058|684750|823985|983403|224167|469133|685409|831433|986555|226846|469662|689819|833488|995822,True,https://myhora.com/lottery/result-16-03-2546.aspx,2003-03-16-BE2546.html
2003-03-01,ผลสลากกินแบ่งรัฐบาล งวดวันที่ 1 มีนาคม 2546,2546,441022,6,026|322|628|707,42,441021|441023,,243499|426336|627865|857756|864379,059482|357660|474104|662029|922427|119465|407103|557985|898499|937829,001534|122877|453792|649513|804856|014546|145821|461427|664959|807427|045007|155849|502631|669972|867536|076229|178375|543418|684819|912279|080962|188982|578573|715561|920126|083987|193565|606981|739528|926468|092201|246692|611023|741564|929698|097102|248049|619735|750613|946638|100721|253199|625806|792816|954045|122797|438883|637984|793104|970582,025390|267066|485626|593739|785040|026133|268766|490427|601821|799981|026200|275652|493081|609303|800739|048253|300463|496251|610868|806709|054620|319843|515131|613693|807390|056258|330535|528534|615701|817797|070180|347848|529972|616984|821870|085191|349095|531293|628364|831881|128683|358532|536768|640430|840879|143112|359804|542150|648134|865783|176867|366134|549911|659576|875403|194920|388950|550197|690850|878938|202988|394037|551510|696539|880327|215788|402096|561688|700660|901875|223247|411706|561693|703910|952630|248222|412843|561898|720733|957226|250794|423908|572058|722472|966682|257930|425153|574163|726344|977031|258908|428746|580090|731454|992822|264200|478161|586619|761173|998285,True,https://myhora.com/lottery/result-01-03-2546.aspx,2003-03-01-BE2546.html
2003-02-17,ผลสลากกินแบ่งรัฐบาล งวดวันที่ 17 กุมภาพันธ์ 2546,2546,455578,6,496|805|857|980,61,455577|455579,,326967|396632|440008|566198|800119,047872|209652|549124|689993|735786|064256|311234|581760|720777|985291,002305|262346|580413|758992|858156|012595|264050|616361|790764|866748|037152|294448|622444|799895|872909|080802|360943|642466|802517|875880|109579|424796|651680|816585|910230|124022|485403|665249|833853|911639|165795|487962|665982|842264|931209|193287|505368|666260|845081|955944|206304|530937|668564|847079|964411|259991|539750|737481|853549|973885,010256|210606|457123|630949|859528|014237|220548|479975|632855|868207|016886|221802|481962|663622|877985|017949|224189|486979|673964|879117|027813|245522|489701|681057|892927|034328|262277|490721|683701|921484|037939|265012|502430|701133|923339|060269|267004|521134|715114|926119|069474|291589|528783|734025|927294|070382|294058|532103|738296|939986|074099|308523|534272|752291|956230|079255|320732|545332|769589|960631|083904|341438|568298|771000|963633|105341|380312|575041|774358|965197|108258|388080|577778|785173|976626|138843|388836|590933|796990|978838|179883|390008|598220|802326|979859|190507|403535|599095|820080|990019|198472|429780|617751|841781|990076|206359|453480|623512|858438|998181,True,https://myhora.com/lottery/result-17-02-2546.aspx,2003-02-17-BE2546.html
2003-02-01,ผลสลากกินแบ่งรัฐบาล งวดวันที่ 1 กุมภาพันธ์ 2546,2546,456370,6,229|429|661|806,94,456369|456371,,098181|188572|287380|354417|460203,098110|596413|649398|720718|830531|440836|609537|697081|769888|961423,003571|351946|513961|622685|861994|021685|365254|519328|744020|885708|027566|377303|525068|756664|890988|091260|387802|555041|767213|904606|106960|389734|567323|768039|908020|160349|392673|575514|785807|928427|170046|441303|576178|802208|941128|268574|441760|592043|808669|953541|283351|485092|598360|808977|965736|317409|486662|613103|834301|994000,015825|225675|380531|615843|768697|029816|227263|400833|621777|773319|032079|234968|480803|622118|803401|052528|242273|483590|625684|815727|072651|244446|485306|632502|818468|084804|254406|493652|637923|843229|086758|262170|503617|638999|844587|093319|262998|507703|649848|857561|123587|265918|526249|651453|875562|123663|267025|527217|660524|876320|135083|270950|527478|666427|913378|148227|279770|539410|674969|926487|160261|285120|543111|680166|943165|164223|288546|549300|688359|945088|165308|304730|552279|703948|962457|167576|312906|583676|707797|964187|200588|337118|595216|743819|965113|206643|342221|610086|745742|988379|218711|343289|610841|759587|995781|223877|362766|611358|767380|998221,True,https://myhora.com/lottery/result-01-02-2546.aspx,2003-02-01-BE2546.html
2003-01-16,ผลสลากกินแบ่งรัฐบาล งวดวันที่ 16 มกราคม 2546,2546,977085,6,262|441|519|535,06,977084|977086,,311983|557597|590437|620220|867327,048568|175121|788317|855277|961794|102574|477661|813196|957731|986559,000264|201756|335489|551422|777164|006865|210750|345574|552243|825954|045257|213610|381096|588207|829883|070426|222171|397717|592327|830683|093647|274717|403326|600727|831539|097132|278557|414895|603565|835462|098672|293929|419815|674408|837793|122450|306796|421579|698083|840487|129414|322787|448871|699447|840799|151512|333922|533068|771511|997686,002364|229522|410604|571298|771848|003149|242151|419923|606128|780200|016821|242591|431503|619956|792148|050963|256759|455038|633039|823508|052698|264423|476482|633372|824090|059505|268241|483840|645989|848540|071117|277240|486374|646329|857641|080558|280933|490812|646996|866498|092125|285860|496535|647383|876295|104489|289064|499649|649886|881291|107514|289100|500892|657145|906647|116642|307953|500950|658571|932931|121652|322336|506654|666135|939136|135068|322480|525891|666228|943712|142106|327888|531280|681491|945505|178465|332110|535676|691076|950211|182382|336050|553062|698213|956803|184539|354027|557400|706300|978652|189688|355555|558476|706482|982314|191173|361988|565215|755141|983805,True,https://myhora.com/lottery/result-16-01-2546.aspx,2003-01-16-BE2546.html
2002-12-30,ผลสลากกินแบ่งรัฐบาล งวดวันที่ 30 ธันวาคม 2545,2545,895196,6,116|191|609|689,95,895195|895197,,254128|415117|678514|730950|959040,058945|293023|443837|467308|598241|228887|350878|466226|514884|857087,050930|257567|427828|602219|775661|080506|266340|438295|602556|790247|149553|270954|472286|606630|808292|151039|283780|491425|611376|814427|160692|283853|510784|620116|836942|198455|319496|520601|627035|879174|212020|381125|580480|669690|885025|218473|392943|586846|707516|886400|220678|393910|590143|711035|890396|250752|402493|598417|755641|895937,005625|152296|320312|514397|724455|014423|165015|343360|534454|728934|031860|170692|367265|549639|732392|043458|175152|378587|550502|755387|045167|184136|392252|562796|770180|047481|187832|395586|567231|774198|052364|227807|402444|567711|792983|061655|229356|402885|584480|805481|069874|238886|421833|598190|813284|071716|249245|430286|620837|817004|072165|249489|431608|636536|851518|079316|266171|432813|643637|868419|087708|272762|439455|648149|876964|101457|282145|454358|665529|909302|120712|290057|476682|667705|915857|132078|297893|478189|672300|934308|135217|305315|482146|673388|937773|142631|310703|488823|673679|958395|151895|314689|509611|689291|971315|152294|314992|509678|721721|989984,True,https://myhora.com/lottery/result-30-12-2545.aspx,2002-12-30-BE2545.html
2002-12-16,ผลสลากกินแบ่งรัฐบาล งวดวันที่ 16 ธันวาคม 2545,2545,019682,6,075|312|616|849,67,019681|019683,,258686|577854|647947|864805|999031,013490|028200|362509|718497|891918|022336|123537|420276|728516|970068,001457|196667|422338|644142|814805|016953|235239|464535|651386|817119|017039|251146|504852|655677|818581|027674|255187|505991|685875|819809|050554|261858|510739|687145|827219|123001|328898|517848|725255|863250|126214|338150|522127|729861|865782|128624|358932|562022|772438|884211|130995|368181|578753|780837|891133|160010|376289|587133|807665|915929,000886|180817|428144|647714|822368|008220|189607|433229|650310|836159|010267|202371|438076|658635|858782|014834|217687|483319|661330|862484|015764|234973|502356|668135|872463|019084|251818|504057|670718|885380|025524|261636|507342|672485|896860|039829|282981|513717|700526|905103|049390|283310|528812|709264|906161|064063|284224|528995|713281|911412|070538|301781|558302|723604|916534|086601|315146|560394|731370|917397|107655|318477|562872|751070|920585|124992|319042|595556|751341|968823|128779|363567|595653|755706|971962|135710|407959|598227|762522|983644|155343|415006|607978|766814|984711|158517|415033|608024|782956|987961|158687|423806|626934|786034|991022|174152|427019|641605|788772|993789,True,https://myhora.com/lottery/result-16-12-2545.aspx,2002-12-16-BE2545.html
2002-12-01,ผลสลากกินแบ่งรัฐบาล งวดวันที่ 1 ธันวาคม 2545,2545,968422,6,088|298|337|809,37,968421|968423,,292444|362037|670756|866542|888759,060827|204843|316369|469499|850496|091563|231429|464647|817566|928626,005468|272804|400966|676983|813003|043245|281094|415442|703373|817622|048436|282489|426562|717040|819792|057605|294648|436263|722484|856162|124710|312818|481935|723927|870897|131618|314315|484771|737901|879794|174579|327737|506792|754756|920552|182652|372471|513232|755031|935437|233193|384865|582683|772981|962276|233506|394060|598179|774556|968048,013008|186547|416459|552413|840008|020100|188787|426599|584368|851480|037807|202783|428995|593238|862053|038508|215970|439794|594167|871811|042672|222819|443598|603097|884479|046281|244370|445930|606641|886095|051172|249773|448261|610094|894200|051458|262125|449947|633353|901934|084343|271454|466439|640951|925119|090000|272602|477996|715782|946699|097682|275007|479176|722802|947432|102483|281651|486173|744927|948803|107174|294384|487452|751231|954633|111949|295799|501440|753466|959614|118520|312681|515195|773884|960509|118894|330694|516827|780365|967773|130181|350856|541396|786659|973901|143406|357242|544037|789609|976028|145029|360955|547304|825294|987600|153524|367802|550793|826195|990420,True,https://myhora.com/lottery/result-01-12-2545.aspx,2002-12-01-BE2545.html
2002-11-16,ผลสลากกินแบ่งรัฐบาล งวดวันที่ 16 พฤศจิกายน 2545,2545,915344,6,191|789|843|906,55,915343|915345,,036130|049492|539842|711072|880391,057504|159818|263615|423656|865234|122842|237135|315098|487034|922380,001100|191195|345965|569322|765260|017421|210366|376644|570976|771917|031374|213913|403393|624493|813687|036287|245830|421564|637035|836607|053066|247688|433078|653473|840562|069988|249252|462307|675499|861841|087724|290768|494361|680453|886761|098294|291422|525564|688832|901688|105012|305356|541347|708135|931326|109174|318078|546982|761740|985220,004226|214648|426929|551822|756912|006920|227702|430518|552719|760910|015025|235125|434805|558502|767870|015368|238559|441412|559066|780442|020541|243134|464539|559251|794225|026243|247094|471095|566023|816980|041284|294411|472570|568298|848469|059410|302069|472769|572960|871536|061510|311954|476415|577254|891837|069852|317203|477541|581201|904285|087975|326920|483245|627857|908680|094894|336298|483396|631787|915837|104283|349837|495445|636395|917903|128470|358389|507049|639159|921190|130030|373650|520765|661101|932484|130199|390469|524916|671235|961284|166178|397467|527315|695769|965773|187084|411928|532070|727883|974692|190498|414974|538018|751870|977805|206092|425510|551339|752630|994092,True,https://myhora.com/lottery/result-16-11-2545.aspx,2002-11-16-BE2545.html
2002-11-01,ผลสลากกินแบ่งรัฐบาล งวดวันที่ 1 พฤศจิกายน 2545,2545,505498,6,297|341|383|747,25,505497|505499,,102591|438795|584371|672834|685743,042048|488806|617423|819771|973917|086550|494613|636837|968440|979777,105517|274056|514276|728933|821232|154819|277798|611684|745260|824508|203300|340975|635235|755474|844885|207759|374521|636929|776299|847602|208613|376928|637643|780265|855612|219726|390031|643243|780987|914939|229714|425058|663611|781523|937720|248759|428451|671390|785499|938556|256709|482225|703075|794714|949651|273520|495127|709896|803194|996051,001097|204837|356466|605464|783851|007265|217790|399728|605726|784388|055375|219670|410522|606043|809978|070465|229116|416471|634628|843554|072564|239357|430921|638853|864630|100463|241456|436646|657902|867132|102735|245368|440470|664048|876571|116384|246017|447389|670799|886506|119280|258611|457404|680030|887917|122704|259223|457728|700920|888233|127468|276594|468282|701534|894351|130541|282525|469639|713095|905296|136285|283416|479623|713991|917929|136743|286131|482426|718958|920215|152327|291208|502224|726148|922435|153492|296682|517784|726151|929750|154767|301623|533455|737045|940675|155590|313788|554637|763861|971314|173256|315957|555605|769179|975293|198627|338882|567607|779897|978827,True,https://myhora.com/lottery/result-01-11-2545.aspx,2002-11-01-BE2545.html
2002-10-16,ผลสลากกินแบ่งรัฐบาล งวดวันที่ 16 ตุลาคม 2545,2545,428641,6,150|177|244|401,51,428640|428642,,107483|320354|727533|729721|941400,017953|500884|577293|642197|760550|036399|554105|628570|695626|935119,024076|127164|381497|577318|750472|040926|136795|385135|586370|768801|068319|175020|402976|651448|791386|069948|193739|432771|652460|846573|074765|212158|440040|671628|857445|088521|223214|451845|684354|861754|092568|277464|457649|698822|867263|104021|284804|487303|706363|898053|107670|338996|507753|728830|920062|123019|344007|533089|738805|988854,011073|160606|323212|521984|762998|019683|166696|326748|526814|765427|021302|167723|328234|527070|766949|030085|180141|329912|544780|778859|055384|181318|347135|554887|788972|068188|185382|347862|575866|816946|077808|190471|352301|586233|825074|078098|191730|362054|586267|837471|088395|197866|382952|592482|848287|092469|222011|402589|594354|860420|111679|239014|411209|601934|877941|115795|241100|423632|607599|899676|117192|250575|435000|610284|915453|121558|257563|459757|615433|915602|130192|266174|468300|621615|929867|143050|285828|483154|657379|936706|143236|304629|491679|680073|939809|149495|307565|495104|692756|970817|152926|317880|506593|701006|971474|157699|322729|516495|723509|982419,True,https://myhora.com/lottery/result-16-10-2545.aspx,2002-10-16-BE2545.html
2002-10-01,ผลสลากกินแบ่งรัฐบาล งวดวันที่ 1 ตุลาคม 2545,2545,802505,6,189|358|567|864,72,802504|802506,,160033|312973|627802|714215|881576,119831|320196|515660|668300|754663|122879|363686|523850|728778|760172,021171|178620|329703|508768|728120|034864|193538|333390|519957|735416|070034|194893|398057|540054|756143|070626|216445|400088|540417|762274|112858|225707|403816|558178|778392|114825|262765|414029|559358|794754|128064|272828|483541|561511|953720|133624|292245|486308|581010|963363|137706|292906|491714|651683|988943|170783|296843|502773|660852|995322,027531|278739|480088|651478|853301|033431|315056|482197|689298|861446|046242|323138|482305|691479|875672|086031|324060|484182|697700|880603|089455|329041|486941|712615|886504|113189|332387|502882|717927|891853|116302|339022|510663|721240|891912|143000|350815|522943|737391|900559|144587|356283|544226|742670|925912|174439|361017|545422|761470|929961|174582|368307|548657|771357|956721|174677|383970|553196|784141|965667|183877|389772|558439|790831|968589|188579|396165|562622|792665|970380|214663|397454|568803|800481|972231|230603|410580|575580|807869|972888|239038|415643|576145|810001|976088|257210|426292|584982|810611|982421|261010|453658|595291|811193|987163|277346|476694|605747|839516|990822,True,https://myhora.com/lottery/result-01-10-2545.aspx,2002-10-01-BE2545.html
2002-09-16,ผลสลากกินแบ่งรัฐบาล งวดวันที่ 16 กันยายน 2545,2545,156050,6,056|169|823|889,85,156049|156051,,298004|337022|433408|770802|858507,086978|171180|370479|538173|788226|132393|287299|520930|568059|912014,006708|197617|416476|663536|867540|068728|214996|422916|707631|876496|072366|217088|443001|731229|878672|101856|232138|450935|745913|880305|123029|249036|491409|785197|896439|153248|289381|491695|785352|899073|153450|311136|566459|792913|905722|177498|348682|617869|799929|933647|177709|390502|628090|813345|951106|186805|392015|629404|841407|952016,008930|189839|393176|617045|851202|009526|215522|405062|618417|859897|025335|219976|413371|627857|862499|034576|220350|427812|630873|863159|041433|227337|437655|668107|881472|061764|231043|453646|689034|892260|076397|233304|459256|693412|899016|077085|250014|490381|698101|901288|083183|269487|515698|711886|910834|088313|285119|552170|723316|930997|089339|285350|555085|725786|945247|109972|294604|556795|733713|945339|131364|324028|560223|735280|953385|143430|336580|565307|748026|967704|144487|338142|566947|750440|971609|162476|346375|589814|790730|971963|162745|347278|597971|794694|977763|169765|368512|610676|808829|991966|171854|369729|613136|835181|992413|182239|383067|616877|837645|998889,True,https://myhora.com/lottery/result-16-09-2545.aspx,2002-09-16-BE2545.html
2002-09-01,ผลสลากกินแบ่งรัฐบาล งวดวันที่ 1 กันยายน 2545,2545,994200,6,046|126|395|799,51,994199|994201,,256695|320016|612322|869521|978294,170333|252677|352646|600914|756956|171915|337168|510362|688098|887578,004564|144819|364023|649860|833751|016887|183337|414514|687674|860426|019539|206578|414820|689911|887820|023098|208339|417612|744608|892133|030462|298898|427566|745315|906584|086499|303668|441638|750046|919756|105557|316030|548504|751508|943215|107701|353797|568020|751704|944539|130776|356762|576279|763498|948534|143709|361097|639596|826894|949726,016356|291291|435595|631504|832059|026691|295190|445830|647974|834269|045017|303866|450131|653116|835894|049079|324111|450877|664508|837985|067901|325756|474633|667075|870930|086452|326550|487990|669303|871078|114831|329934|508776|675036|878779|115756|335327|508966|682680|880913|134931|338547|518301|715171|888276|135911|350734|519537|722760|909046|184908|353788|520161|723793|924509|212444|354799|520574|737424|936336|223390|356274|544901|758864|938773|229359|357925|560238|787371|957625|236614|367219|585247|797688|959307|243574|379344|588553|800444|968491|263839|410939|596186|802087|968865|277767|422488|610485|806168|976051|283100|427342|622079|811575|982893|288030|431317|623004|821444|992601,True,https://myhora.com/lottery/result-01-09-2545.aspx,2002-09-01-BE2545.html
2002-08-16,ผลสลากกินแบ่งรัฐบาล งวดวันที่ 16 สิงหาคม 2545,2545,120108,6,147|173|705|953,57,120107|120109,,186766|219573|458793|589082|809623,046834|321729|447070|548793|809581|216266|343530|447193|681104|909071,019481|225202|380040|590508|722213|024300|277575|384467|629329|726423|031764|317036|397988|631323|849549|088812|340376|414155|638460|866988|103025|344600|420284|638487|870532|106943|345281|452247|657102|892350|165333|351526|485358|666077|892579|198310|353252|517159|679803|937290|213220|374544|535733|682981|963361|216569|376657|554934|685714|996327,027419|220030|408612|614419|816028|029314|220293|410167|626675|831443|035017|251122|412321|631759|837558|057699|255623|414165|635802|838704|068976|270554|420593|636223|850585|089106|277906|443444|638548|880883|094698|278294|445974|656278|885350|096436|312063|450815|657985|886037|102118|312892|457883|667768|895184|106375|329623|494315|677323|902944|108325|336478|512826|684130|918601|123218|338663|534592|702561|930886|125107|346254|545759|709442|944933|129360|351052|562935|738808|951528|137103|355648|565551|741904|952642|142121|364085|588196|763360|961929|152762|371208|592949|778179|964592|170156|373989|608883|782722|967158|193044|378445|610571|795953|974335|201998|402901|611552|804404|980394,True,https://myhora.com/lottery/result-16-08-2545.aspx,2002-08-16-BE2545.html
2002-08-01,ผลสลากกินแบ่งรัฐบาล งวดวันที่ 1 สิงหาคม 2545,2545,493438,6,269|529|544|645,88,493437|493439,,128598|600592|713615|910214|923108,264798|347154|539816|761544|942770|302098|351653|657884|937733|968954,018974|224446|497033|649122|869765|020574|249222|500435|669342|872505|025629|254540|504158|672912|883238|052476|344441|510179|708091|927564|065143|380196|512161|730830|944470|069349|417005|515212|744765|961935|120044|432345|517092|775068|979043|158381|432648|559581|787190|984705|164032|435200|560040|839601|987410|194833|458303|630550|857469|990434,001898|161840|387361|568851|782541|004248|172092|394875|569921|802053|005739|192077|424976|599095|809147|005743|195622|435500|604905|820598|013601|197180|442712|619501|861017|021786|213550|454364|631377|869896|030483|220671|459398|633501|875911|040906|220808|461900|636391|876690|045290|236463|463976|637217|876791|047577|266426|466996|637957|890133|070300|275017|468967|652843|894068|080124|279095|473430|654525|912005|102294|282205|489925|660341|913702|111380|290791|507735|663206|921633|130370|311252|521000|665699|924825|130637|320678|522705|703913|946339|132560|325557|527740|706799|962983|132657|343100|543965|739101|990190|141808|349739|561171|749037|992207|160240|386030|563076|755240|998030,True,https://myhora.com/lottery/result-01-08-2545.aspx,2002-08-01-BE2545.html
2002-07-16,ผลสลากกินแบ่งรัฐบาล งวดวันที่ 16 กรกฎาคม 2545,2545,340264,6,034|304|539|632,69,340263|340265,,066325|070596|361164|447420|809455,072994|227329|398381|692385|823827|166599|247951|399753|784724|897905,039009|271750|423625|569518|796524|105762|305760|423784|588619|815626|146959|325512|424133|593671|840691|170070|329451|453392|606433|844026|195216|353943|482044|617066|905313|212452|372200|484928|644647|910044|227819|386575|490466|647603|934259|237408|392443|532008|704006|937255|263310|402790|533352|735957|939208|271713|420518|569115|761024|945879,005407|184096|358890|624620|827140|012949|200625|362879|626426|835607|030737|217619|394506|627261|842337|031525|232746|442909|629885|844512|033129|233265|448508|631529|847574|037507|242230|467280|654699|852608|056751|257021|469094|659117|861361|072433|265144|479439|659119|873333|073286|272735|490258|660892|889788|082712|281925|494027|685639|891973|095930|286297|532315|702224|903439|098285|294944|547166|710562|908954|104409|314818|558541|733463|911450|106184|318804|566129|744758|919240|128493|328450|567951|762535|936743|133623|331109|591949|766959|937600|133689|338466|594467|785305|957125|152620|346570|602237|786551|982136|171184|347117|617231|790710|996408|175531|351549|624343|792668|998011,True,https://myhora.com/lottery/result-16-07-2545.aspx,2002-07-16-BE2545.html
2002-07-01,ผลสลากกินแบ่งรัฐบาล งวดวันที่ 1 กรกฎาคม 2545,2545,481447,6,195|517|763|802,24,481446|481448,,182906|422917|423396|547627|602180,022265|409751|469788|566300|744149|174765|438857|552188|640174|882001,013754|174127|381072|650425|752699|047638|200073|383841|658323|807584|052067|200461|406906|664075|833980|063142|204104|432319|689399|834115|068264|248056|443779|708225|882335|077695|255948|452894|708679|900553|080277|278928|587501|709108|937998|098120|279095|603960|721167|965792|108451|330833|619107|729030|979823|128022|374227|623776|738047|997317,003535|270043|454344|641281|844481|032900|290297|456898|645591|846636|044196|309801|469717|654613|856579|058111|310202|471391|666303|871174|060328|313740|488287|688711|876463|062179|320824|494483|695100|883671|087171|335189|519429|699968|894222|095563|337896|520715|708793|896902|114854|339830|527528|721812|908067|136162|340041|531785|763664|910739|136271|367706|535706|774565|912104|143555|389984|546161|779921|917359|173945|393991|547116|785488|950607|196308|396220|564929|791487|953111|215618|397282|568348|799183|955040|216270|410664|581034|801088|961348|234562|421930|588063|814512|966231|235289|432962|596178|819199|974138|240538|440803|614906|819814|984371|243092|443879|620825|821081|995778,True,https://myhora.com/lottery/result-01-07-2545.aspx,2002-07-01-BE2545.html
2002-06-16,ผลสลากกินแบ่งรัฐบาล งวดวันที่ 16 มิถุนายน 2545,2545,073261,6,156|472|662|845,07,073260|073262,,330897|439664|485218|603624|640800,260374|319225|567037|690289|719256|268230|342567|679549|691137|927208,012433|141696|350710|530737|730542|014656|198362|394042|531031|762488|023513|200942|396862|568061|788875|039737|213116|401482|569368|795092|043923|214345|413950|637834|809004|054186|269178|416286|662657|862130|065760|290771|423099|671549|891112|110994|293029|463746|672656|939405|113713|331628|470670|684799|951433|128385|343130|499348|704948|974202,002649|192653|408407|578746|770216|009183|209620|421817|601742|779958|015897|219429|438627|601946|782650|022354|223995|443890|605707|786648|024239|237332|451993|613412|798975|026538|259136|459476|616322|802419|038039|267385|474097|625882|810281|045264|268942|478393|649334|838853|052569|274596|488058|654527|840667|071187|278364|489076|659099|856381|089169|286227|497291|662747|862175|098133|305003|509875|669513|863455|105082|336944|533428|669644|876508|110591|353188|534040|681697|911398|111797|353631|534922|706084|923458|119476|358606|535276|707127|942939|125927|363124|545275|713422|946169|138493|383833|555064|727324|974659|156560|385594|559522|737438|977341|186984|394549|571593|770160|994809,True,https://myhora.com/lottery/result-16-06-2545.aspx,2002-06-16-BE2545.html
2002-06-01,ผลสลากกินแบ่งรัฐบาล งวดวันที่ 1 มิถุนายน 2545,2545,161149,6,328|485|643|879,02,161148|161150,,313224|542865|574666|912779|935652,007399|474948|640406|818469|939284|361159|568249|791155|935255|954684,003772|186807|433752|639257|865149|014491|195813|463299|650606|869461|041575|250966|480224|678121|882756|051997|272151|481200|716900|897505|073202|318884|485515|746926|910876|085188|319623|539814|773036|917680|096275|332843|560798|781265|931200|111459|338342|568539|811470|936037|125212|356750|604249|824051|950722|156800|376264|625612|862956|965711,014456|187618|321009|646883|821570|023148|189564|366404|667544|845760|030971|190606|368546|672201|858120|046965|196837|372092|672413|859655|049112|219162|388206|674265|889912|053509|226367|399227|678142|890040|054320|229221|431359|681639|898712|067475|231874|432332|682674|905241|088715|243756|468399|683052|910725|110961|249430|498072|683453|917404|115154|254625|514463|690362|919561|116137|256060|522077|698820|922889|116619|269946|530504|700872|928981|120135|271825|541152|704431|933563|131815|280698|556870|721056|962104|139177|286593|573804|749334|967580|139454|291170|599310|775830|972219|163807|297151|616203|778823|984685|183758|305444|620081|792682|993512|186439|310158|631632|795295|995804,True,https://myhora.com/lottery/result-01-06-2545.aspx,2002-06-01-BE2545.html
2002-05-16,ผลสลากกินแบ่งรัฐบาล งวดวันที่ 16 พฤษภาคม 2545,2545,598714,6,394|508|725|765,76,598713|598715,,367575|515652|699282|748699|930027,207442|467916|548022|795047|921696|407546|481045|610702|870608|989707,008650|172657|259583|602988|787322|028007|176059|268226|604020|794982|037220|202833|294717|623943|797604|048030|203539|304019|627779|884046|061577|208651|331889|628716|902804|062828|214663|358278|672298|910996|118458|217910|382417|683675|933197|129070|219207|384090|709382|935394|148598|220573|386079|725463|937078|170584|225317|588019|748232|938989,005448|175623|389204|622870|841736|009604|205123|392788|623532|846257|013801|211427|425509|628520|870057|026213|221374|431775|633312|873387|036781|224509|443517|654776|875706|044919|226317|503560|656722|876084|046713|232706|518541|659251|879125|051704|252457|524280|663644|901738|061642|267245|526966|667305|902340|086571|271894|547240|679873|915177|096294|274502|552244|680298|930031|099032|296314|556346|686200|932047|105771|301685|573019|708678|948300|111755|301700|575823|724042|953169|117933|305705|579316|753616|955699|118990|315141|580753|768164|959952|138516|340026|587326|783401|963397|139378|343564|608545|790823|974999|144880|385026|609239|829027|976811|169589|386259|612523|832336|996158,True,https://myhora.com/lottery/result-16-05-2545.aspx,2002-05-16-BE2545.html
2002-05-02,ผลสลากกินแบ่งรัฐบาล งวดวันที่ 2 พฤษภาคม 2545,2545,590664,6,503|695|739|764,56,590663|590665,,173588|551764|579165|777163|962286,066689|220923|502385|700706|910946|130231|478090|596962|790770|990690,011668|180551|371528|486226|714072|026078|182712|391575|568751|737699|093715|204219|402322|589498|803980|096074|224199|402624|623157|846323|096345|226281|414123|638030|853527|115577|245189|417288|642579|858033|151462|270283|426496|659442|916211|157470|272343|466402|672266|920217|174648|326686|470465|686751|953541|179054|359945|472957|699560|999686,011483|250809|505053|636481|808519|036602|258638|506482|641157|822009|039988|273227|516310|681095|872868|042226|282290|522650|684337|880153|053069|293816|540891|692239|883601|074051|295452|546793|703922|900056|098091|297456|550563|706972|910700|106771|302737|558103|707547|916689|130622|331915|559911|715067|923026|134730|355656|560045|716714|933934|140200|357909|568287|718990|940057|158386|371338|569150|726523|942393|158752|384565|574139|744426|943927|159634|413832|580853|746061|951617|177029|434630|588713|753099|951675|177208|456780|598086|754201|962726|190305|466704|599936|767354|973063|215189|471508|613834|790861|982472|228305|474861|615196|795089|983545|234471|495236|615433|796153|991556,True,https://myhora.com/lottery/result-02-05-2545.aspx,2002-05-02-BE2545.html
2002-04-16,ผลสลากกินแบ่งรัฐบาล งวดวันที่ 16 เมษายน 2545,2545,522630,6,085|586|949|997,37,522631|522629,,143117|269395|312037|704091|981956,013187|035765|154745|390598|869579|033277|124512|295500|658869|874246,002115|170635|383544|597299|812320|013037|185590|405239|620053|815119|032276|221042|425375|623336|837762|032749|238188|427755|641395|844241|076670|242250|448729|664024|858773|090676|273274|462168|744443|888776|093699|321020|471396|745995|905316|113349|351106|478033|762809|967630|137019|357918|523004|789256|989406|143934|360115|543286|795554|990210,004584|226331|388600|585002|790654|005599|230111|388738|589249|797201|008244|246966|403253|596637|805798|008354|253333|410772|602992|810119|018403|263103|415586|627629|811963|029492|292963|426797|631122|842501|042985|304971|445865|637965|853095|049952|306720|454721|664543|853926|051601|320133|462756|667168|855471|069802|323002|485231|669833|862464|078893|328608|497432|674072|865198|088367|333477|499865|674162|866998|112575|333666|520793|686619|871772|115517|336595|523843|699863|878103|119470|345394|543125|701652|900804|121188|355753|545142|743714|915101|140301|365252|549884|744615|928154|153356|368825|563748|750051|944805|189317|370196|570524|759949|948899|196779|384008|580916|783470|976025,True,https://myhora.com/lottery/result-16-04-2545.aspx,2002-04-16-BE2545.html
2002-04-01,ผลสลากกินแบ่งรัฐบาล งวดวันที่ 1 เมษายน 2545,2545,990543,6,225|430|456|971,57,990544|990542,,040667|164927|495449|526995|689174,060556|409426|476206|654286|867396|397855|460333|572881|825348|956351,021542|297165|480272|660645|862558|052783|306952|486419|663558|863381|082909|307195|501937|706464|870003|091759|309045|504107|736645|872957|109385|309471|520651|767511|885514|120171|319013|538860|778192|941203|233317|329295|562450|795152|960744|235621|351392|578197|819007|974529|238742|371999|627841|831964|974664|251703|475016|656279|832313|976677,003593|190977|460229|656533|775528|009592|191446|480352|665072|800985|011514|228088|495511|679902|801243|015308|232275|506952|680489|808021|015708|237829|525152|684361|812792|034951|246414|527846|688669|816857|051064|284296|550412|691704|821085|057279|285144|560143|695978|824625|070765|290686|569972|697061|842362|091038|295915|576872|702563|849333|094909|296200|578942|706453|858706|102761|297793|584708|706980|861216|103049|310293|585127|716478|872471|107394|320005|589254|717089|894839|110354|326864|590698|718482|895783|139248|332169|600132|719899|902127|147186|335772|606699|720991|904458|151982|339012|609874|728991|913764|172005|402758|621685|745902|947434|183252|410191|634444|767454|969926,True,https://myhora.com/lottery/result-01-04-2545.aspx,2002-04-01-BE2545.html
2002-03-16,ผลสลากกินแบ่งรัฐบาล งวดวันที่ 16 มีนาคม 2545,2545,659152,6,066|370|707|943,04,659153|659151,,133655|690784|703377|714383|848203,006431|214194|618930|652691|840254|093399|495809|634009|729765|975060,118129|378963|460896|606814|769854|127393|381424|518149|609287|771314|177924|393914|528390|618300|808862|184575|399608|529315|682458|823123|191133|401661|543028|697292|841068|195245|437950|558122|697843|880584|202059|438612|563763|724818|881769|279592|440305|577967|727523|981693|311177|440748|587252|735656|993073|323160|448991|588846|750644|994282,011126|215395|381381|571287|816330|017469|219550|385771|574827|818959|024996|221576|402514|576704|830628|047527|235190|407895|584228|834497|047723|239303|411097|594679|847849|059755|246565|417571|600605|849716|069239|269541|430480|603280|855803|069543|272211|436839|603589|864232|071805|273911|489720|622431|868733|076366|274656|494546|715467|877285|101452|290768|495483|737800|877727|134982|304774|505905|743929|879466|137681|326054|514759|745597|886241|140038|328766|516639|745625|932644|143563|337801|525672|746891|947107|159138|348546|526426|757095|953924|159479|354017|529078|760865|956505|162066|358550|530215|773223|963175|208906|360465|541058|776925|983542|212759|366761|559098|809910|985810,True,https://myhora.com/lottery/result-16-03-2545.aspx,2002-03-16-BE2545.html
2002-03-01,ผลสลากกินแบ่งรัฐบาล งวดวันที่ 1 มีนาคม 2545,2545,805590,6,434|715|748|856,55,805591|805589,,431062|489410|701929|796637|929772,128020|369138|521195|634872|809677|287888|375960|604496|786575|822604,039502|304694|473945|668969|887292|041160|305355|554571|688976|918597|057592|310998|577548|781371|929955|124914|312518|577882|795707|934660|126524|323099|580050|812898|960951|156914|351915|580632|814541|965858|219229|414442|594952|821130|981901|240247|430392|644678|826306|989104|260020|451243|648361|834261|993159|299152|462232|648683|886418|993999,013224|209954|421883|577550|839307|019732|225637|426658|608232|840377|023909|231952|435877|626872|847665|025948|232276|442319|637865|848186|043486|243916|444374|663197|851037|076675|261821|460980|666980|852932|078871|264449|462222|671439|862066|079411|266848|466654|689472|873004|088568|280805|472638|709769|879597|098145|287638|480675|730321|887730|099332|330576|486843|735534|902226|105111|345310|489902|738420|926267|113039|349651|495169|740147|927551|122490|358076|510627|761568|946449|140081|363713|514474|776370|955157|144383|380060|514655|777151|956921|147156|380484|518861|777233|956924|153492|395494|529875|800961|964754|161431|396583|548580|824301|975638|184938|419545|552521|833548|992564,True,https://myhora.com/lottery/result-01-03-2545.aspx,2002-03-01-BE2545.html
2002-02-16,ผลสลากกินแบ่งรัฐบาล งวดวันที่ 16 กุมภาพันธ์ 2545,2545,330853,6,088|167|769|820,92,330854|330852,,122538|385004|689728|805315|840132,047131|166240|200542|389914|823109|144527|196343|355446|491706|958233,011270|157666|299330|588357|745194|026232|166253|332660|589804|748607|062936|252786|356981|637181|754074|082688|255976|390908|657193|764960|096363|273374|428950|666309|834241|113210|284444|440315|671453|898565|117545|284650|474076|686059|960421|122940|290907|479479|703199|977177|133053|293397|558719|715065|990524|133532|297192|572254|720436|996845,013653|204806|402230|600788|771721|033214|214308|403123|607247|792993|042003|215653|415216|630007|797885|050135|222958|417262|632257|830321|058828|244821|436376|637846|838789|067593|247593|440831|642642|849855|070426|257015|464973|643062|851822|079660|269652|482937|644443|853379|110783|287882|490902|647894|870409|113034|294520|499408|656387|877567|121463|302486|502368|657367|886977|137635|305149|505172|660472|894696|160645|307564|509074|702496|896787|181918|325455|521004|729828|897417|191736|354889|538743|736019|913806|197857|376525|550528|737253|933492|199894|387806|555798|747630|935893|201005|394658|564127|754964|955762|201821|398588|567277|755747|970523|204746|399395|582799|759918|973243,True,https://myhora.com/lottery/result-16-02-2545.aspx,2002-02-16-BE2545.html
2002-02-01,ผลสลากกินแบ่งรัฐบาล งวดวันที่ 1 กุมภาพันธ์ 2545,2545,633270,6,414|621|859|956,40,633271|633269,,088340|239344|286881|321234|927591,111878|121013|306379|630689|666305|115362|259008|502290|648823|777444,048420|246295|448900|609759|769203|077071|252851|453174|630931|805804|077600|254540|458556|632842|809522|100274|260442|464633|647089|856345|104069|295399|477336|664447|861357|118054|313952|491015|668406|884969|138902|364392|497985|684349|896273|152003|365783|507980|739148|900336|195353|376215|520288|740685|928092|227893|424839|581991|767508|983587,000834|184400|387205|561396|783104|003294|185679|389861|579245|802168|016588|187172|390143|591054|830531|029059|188232|399967|591492|843820|031173|191774|400368|595783|869305|046453|240334|406741|617095|871983|054009|276309|416260|622178|880069|062489|281878|419686|650398|883222|071946|291476|421277|670729|884970|076625|297215|428093|679897|888393|080929|311692|447952|705223|899068|099659|323897|453748|727644|923427|101509|342454|494207|733763|944242|114584|348576|502909|736741|948850|125321|360700|504295|738373|951654|128504|361610|510640|740178|954253|146770|366700|516285|753462|963282|163052|366727|519237|764482|963738|167658|373325|536646|770485|975005|181120|374485|559850|775037|978659,True,https://myhora.com/lottery/result-01-02-2545.aspx,2002-02-01-BE2545.html
2002-01-16,ผลสลากกินแบ่งรัฐบาล งวดวันที่ 16 มกราคม 2545,2545,709670,6,109|116|434|895,14,709671|709669,,610103|670948|678602|760247|929009,070769|233686|610417|698672|880398|153442|361524|678018|712458|914507,000966|148397|328055|541724|819488|002626|198481|374204|593089|850551|033579|220379|397475|593177|854739|039589|235312|413018|627071|857853|044782|236938|419694|630070|918638|075526|248161|420061|637029|959188|076370|251980|420526|653084|972542|101368|259899|436668|654347|986650|131315|267713|484724|798531|987599|140567|297093|492685|814361|994450,000337|196195|401565|551485|741987|001664|199321|403708|553593|742649|016151|226274|406264|554085|748054|017733|234788|407607|559679|758820|019802|258559|438752|568002|768220|026563|272807|443426|571289|769830|027548|276260|467771|627959|820579|057808|276791|483891|628513|824002|066098|283175|486558|629296|834016|074156|283350|491129|645860|839190|088407|294237|491481|646155|843346|089622|322109|498920|653197|859863|103072|322313|507947|654460|865870|113086|332325|510468|654782|872431|114109|332634|512368|667965|880821|143080|333196|523533|670407|906284|147476|357411|525801|676277|912051|158239|367506|531118|678794|921532|165713|383940|532625|680988|966452|188162|396571|537136|705351|983544,True,https://myhora.com/lottery/result-16-01-2545.aspx,2002-01-16-BE2545.html
