draw_date,draw_date_text,year_be,first_prize,first_prize_digits,last3_numbers,last2_number,near_first_prize,special_first_prize_raw,prize2_numbers,prize3_numbers,prize4_numbers,prize5_numbers,has_detail_section,source_url,source_file
2026-05-02,ผลสลากกินแบ่งรัฐบาล งวดวันที่ 2 พฤษภาคม 2569,2569,xxxxxx,6,,xx,xxxxxx|xxxxxx,,xxxxxx|xxxxxx|xxxxxx|xxxxxx|xxxxxx,xxxxxx|xxxxxx|xxxxxx|xxxxxx|xxxxxx|xxxxxx|xxxxxx|xxxxxx|xxxxxx|xxxxxx,xxxxxx|xxxxxx|xxxxxx|xxxxxx|xxxxxx|xxxxxx|xxxxxx|xxxxxx|xxxxxx|xxxxxx|xxxxxx|xxxxxx|xxxxxx|xxxxxx|xxxxxx|xxxxxx|xxxxxx|xxxxxx|xxxxxx|xxxxxx|xxxxxx|xxxxxx|xxxxxx|xxxxxx|xxxxxx|xxxxxx|xxxxxx|xxxxxx|xxxxxx|xxxxxx|xxxxxx|xxxxxx|xxxxxx|xxxxxx|xxxxxx|xxxxxx|xxxxxx|xxxxxx|xxxxxx|xxxxxx|xxxxxx|xxxxxx|xxxxxx|xxxxxx|xxxxxx|xxxxxx|xxxxxx|xxxxxx|xxxxxx|xxxxxx,xxxxxx|xxxxxx|xxxxxx|xxxxxx|xxxxxx|xxxxxx|xxxxxx|xxxxxx|xxxxxx|xxxxxx|xxxxxx|xxxxxx|xxxxxx|xxxxxx|xxxxxx|xxxxxx|xxxxxx|xxxxxx|xxxxxx|xxxxxx|xxxxxx|xxxxxx|xxxxxx|xxxxxx|xxxxxx|xxxxxx|xxxxxx|xxxxxx|xxxxxx|xxxxxx|xxxxxx|xxxxxx|xxxxxx|xxxxxx|xxxxxx|xxxxxx|xxxxxx|xxxxxx|xxxxxx|xxxxxx|xxxxxx|xxxxxx|xxxxxx|xxxxxx|xxxxxx|xxxxxx|xxxxxx|xxxxxx|xxxxxx|xxxxxx|xxxxxx|xxxxxx|xxxxxx|xxxxxx|xxxxxx|xxxxxx|xxxxxx|xxxxxx|xxxxxx|xxxxxx|xxxxxx|xxxxxx|xxxxxx|xxxxxx|xxxxxx|xxxxxx|xxxxxx|xxxxxx|xxxxxx|xxxxxx|xxxxxx|xxxxxx|xxxxxx|xxxxxx|xxxxxx|xxxxxx|xxxxxx|xxxxxx|xxxxxx|xxxxxx|xxxxxx|xxxxxx|xxxxxx|xxxxxx|xxxxxx|xxxxxx|xxxxxx|xxxxxx|xxxxxx|xxxxxx|xxxxxx|xxxxxx|xxxxxx|xxxxxx|xxxxxx|xxxxxx|xxxxxx|xxxxxx|xxxxxx|xxxxxx,True,https://myhora.com/lottery/result-02-05-2569.aspx,2026-05-02-BE2569.html
2026-04-16,ผลสลากกินแบ่งรัฐบาล งวดวันที่ 16 เมษายน 2569,2569,309612,6,424|868,77,309611|309613,,097722|175203|419269|482398|554697,136798|443166|742087|753452|870392|366037|575200|746898|806727|916619,053998|174044|519700|639438|763127|063511|191638|523030|664256|771741|087692|219234|526441|665957|775366|103606|245767|536982|669565|781515|105308|256607|560388|682006|817667|133661|260122|569028|700367|859129|143294|280931|602668|701682|866515|159301|413706|627895|713879|903397|161295|458972|633305|719367|921061|171491|481134|637866|752784|961998,006709|262875|443484|690050|851127|008071|269683|462241|699417|862070|018321|292940|463548|702950|872142|039841|295988|466167|704823|873729|039918|308944|473913|706055|880710|042198|319234|478025|709974|883015|042696|321989|487412|723263|884575|059540|341672|489311|724065|884864|070427|346756|502854|726415|895466|075215|359644|514910|749418|901907|079596|363303|525909|749434|921882|088861|374579|550509|764313|923385|125652|377113|567120|765161|946972|135907|390298|575626|769247|949145|136308|394301|580352|785377|952338|169267|405032|614737|793808|956236|187260|424666|629560|799609|972150|197303|430855|643979|805961|973932|207763|430918|661367|809679|981667|261302|431029|671239|812045|996052,True,https://myhora.com/lottery/result-16-04-2569.aspx,2026-04-16-BE2569.html
2026-04-01,ผลสลากกินแบ่งรัฐบาล งวดวันที่ 1 เมษายน 2569,2569,292514,6,098|851,47,292513|292515,,276356|381790|491941|730992|865308,004579|129247|487893|545393|687640|030158|197088|500244|617221|813180,013473|168852|368651|534193|788225|021194|176304|372875|580059|791935|042330|197553|380592|635067|792441|045400|246542|397622|635350|820763|075461|271839|398495|676520|838541|087837|296599|407928|709110|849259|092869|300280|446249|731246|903204|101818|323800|451401|743917|905611|109229|337839|458029|749940|921227|128592|359109|458151|761829|935926,011457|224323|464963|629646|764199|033938|224460|484187|637544|768138|042268|230826|486789|665874|786008|042727|251253|489851|669930|786782|043015|263052|495163|672322|829189|063019|264086|496887|676838|843454|064264|267956|500201|682252|868974|065689|283793|513096|684178|874151|073445|316043|520468|684611|895575|107309|321191|525809|708860|938158|107453|323975|527304|710743|944944|131887|349831|538210|712328|946965|142533|374934|550380|715385|951109|144902|383606|556681|716818|952713|154464|405436|560876|731068|955113|178232|437053|566905|738578|961660|188600|437489|575825|751589|969503|189029|443538|581870|753194|978092|201857|456060|611148|755515|980041|209872|460073|616595|755992|989259,True,https://myhora.com/lottery/result-01-04-2569.aspx,2026-04-01-BE2569.html
2026-03-16,ผลสลากกินแบ่งรัฐบาล งวดวันที่ 16 มีนาคม 2569,2569,833009,6,439|954,64,833008|833010,,117025|179593|374236|397484|735523,059493|182277|404097|577743|654498|138565|298749|487540|625073|837597,007567|180744|321823|555748|797796|029255|201187|324346|565081|812558|059485|212645|324916|579461|820609|070451|236689|395110|603558|850019|077905|246777|434858|669082|869653|078977|249388|446056|675895|954048|089857|272045|459757|735221|960949|092685|280129|469188|736554|966241|107914|311922|503941|745920|978750|139317|311988|506568|746770|997677,017302|175727|396223|619290|837068|022869|192312|404850|648647|839524|031227|202155|405743|658083|841507|032558|217417|420840|664006|842453|040017|238719|421239|686557|859319|053363|247185|422025|700094|878413|054220|248160|426445|705090|906900|060705|261044|461514|705159|913334|061436|261105|467533|709068|913523|066369|263925|476995|712646|918203|069126|282835|483882|717271|918949|081659|298403|486260|724005|931437|083222|299654|499190|745140|958669|090173|308776|515904|769134|960056|121582|312487|547491|782509|963508|129636|325318|558370|797189|966376|134959|334816|564499|809274|977089|139611|335661|588245|812630|983987|142662|336209|592181|813220|984866|159666|358156|599204|828287|985993,True,https://myhora.com/lottery/result-16-03-2569.aspx,2026-03-16-BE2569.html
2026-03-01,ผลสลากกินแบ่งรัฐบาล งวดวันที่ 1 มีนาคม 2569,2569,820866,6,068|837,06,820865|820867,,320227|328032|373865|716735|731233,020061|135646|148874|255067|680266|085123|140134|194429|262799|848897,044722|216891|411233|588075|811332|047452|222751|413688|623450|813746|054740|286487|432973|630041|832799|099628|292734|467392|646395|848712|113897|295304|491415|716797|880832|127029|323190|535378|738248|885962|132045|332699|540947|757121|907668|187985|347818|541290|779499|925072|193102|380961|586410|784679|937022|205964|410260|587360|792492|980352,000698|210279|430013|702405|842499|005234|211840|454166|704497|844523|012257|226259|456304|713934|853789|023809|237772|458185|724127|859020|047642|238233|462043|746295|901478|047868|239806|492932|756658|910398|060975|249742|499550|771529|915138|064933|263722|502565|771654|922493|067965|281712|514523|778199|927034|076812|289011|529176|787410|927715|080931|297471|557396|792984|927971|101102|298748|568699|794359|930901|122622|310238|597602|796059|934789|130650|355319|602057|802249|942374|132441|369368|625677|816941|946014|168204|393503|627411|818143|966248|170707|393946|647305|820038|971932|191294|406776|672686|833673|978290|194903|411270|677912|841013|991285|206129|415731|685726|841373|996758,True,https://myhora.com/lottery/result-01-03-2569.aspx,2026-03-01-BE2569.html
2026-02-16,ผลสลากกินแบ่งรัฐบาล งวดวันที่ 16 กุมภาพันธ์ 2569,2569,340563,6,169|578,07,340562|340564,,141731|232421|592642|844413|989430,091363|336460|481655|593950|706117|325667|403643|544779|705717|931139,010991|267020|399742|632544|737542|029598|287645|437396|640597|753593|106897|315710|441869|650620|791628|112342|330659|451375|651065|813106|120081|332801|455955|652050|815586|152090|339779|470652|656539|825953|188690|344110|480425|661302|832376|234877|346566|506803|664492|870059|251245|354000|544952|682866|875341|252428|364692|553845|724668|904667,000181|215785|415246|670634|825988|005392|232090|415333|673579|827871|032041|236326|423105|676645|829801|045462|242385|449391|677699|871406|056569|259108|461495|685397|879692|056966|269636|463023|701983|880028|091712|282191|481006|710193|895106|092591|291189|499082|711698|906181|092753|306511|507392|716936|912351|097736|311338|515983|724659|926884|100773|354486|558699|727700|933783|120396|356600|573135|746865|942111|129234|357774|575953|748930|950503|151145|360378|593410|760824|961620|156166|361467|599711|764903|965090|183240|362606|612667|791125|975000|188025|383949|626514|797775|975701|199082|409092|641784|809292|982957|210958|411418|650786|814200|989902|214935|413125|655877|820196|994606,True,https://myhora.com/lottery/result-16-02-2569.aspx,2026-02-16-BE2569.html
2026-02-01,ผลสลากกินแบ่งรัฐบาล งวดวันที่ 1 กุมภาพันธ์ 2569,2569,174629,6,041|408,48,174628|174630,,048036|374502|602910|679914|889775,145551|216443|319246|479569|592665|167591|236455|428751|586374|893288,004427|266256|391432|613010|771134|048178|275320|407126|630109|796321|192972|282059|423483|633827|804105|208769|287243|427968|651287|808593|241852|287292|469942|655598|811271|242652|297562|538731|695755|839220|242893|326375|542764|710588|866166|246525|328346|600759|718890|870519|247143|350883|604778|736797|963842|249030|377600|609198|755949|993587,000575|225058|383514|562923|768482|001748|237806|383649|591145|795361|004032|251893|393701|618658|798378|005170|260267|396449|632552|817156|015930|260592|423344|632576|832668|028288|264668|426735|634513|835232|036929|266525|454523|635894|841210|039168|268024|472821|642707|845518|049786|271442|473151|649677|865332|054311|274462|475522|651872|867328|054754|296996|476748|664084|874265|069035|299277|493820|674634|891763|089447|306934|529898|678358|892661|090116|307310|532159|681109|902162|103304|312009|537830|681325|927213|103742|337975|539052|688316|944716|118346|363371|544055|736785|958247|120536|378697|544162|752340|961591|211832|379999|560604|764377|969437|222763|380022|560970|764459|983524,True,https://myhora.com/lottery/result-01-02-2569.aspx,2026-02-01-BE2569.html
2026-01-17,ผลสลากกินแบ่งรัฐบาล งวดวันที่ 17 มกราคม 2569,2569,878972,6,363|662,02,878971|878973,,381104|462362|563562|622849|931181,005672|157664|380491|686827|905332|088655|285770|646751|699496|979726,001710|254537|510478|728151|879899|002620|268609|512262|745233|889623|006309|270365|551909|771155|926582|042793|277608|573339|788489|927217|065792|294448|598330|814326|927260|122890|346569|620850|854584|952673|164034|363669|643690|862771|995397|175674|417200|688173|868930|996582|199915|452664|721192|869773|998307|199940|457942|722565|879301|999550,009758|286958|503014|647749|804800|038904|297088|506191|652725|823092|046832|300978|515363|665269|846597|083305|309263|525227|673452|847175|093672|319811|526792|680068|854554|101871|326896|548671|681772|860639|126380|349688|555032|693203|866909|132019|359189|565481|694064|868816|137111|364909|581182|695518|876545|146903|365921|583146|724879|880770|154832|372940|583377|725483|889967|166304|379968|595449|741541|898049|173168|388033|596525|744746|905143|175461|397231|602920|755941|912392|191522|415485|605785|769970|934025|205946|416015|615504|786195|941065|223884|422645|627745|793895|954128|225615|456745|628189|802971|971380|251887|468503|633891|804117|991538|281168|477066|643420|804125|996466,True,https://myhora.com/lottery/result-17-01-2569.aspx,2026-01-17-BE2569.html
2026-01-02,ผลสลากกินแบ่งรัฐบาล งวดวันที่ 2 มกราคม 2569,2569,837706,6,288|765,16,837705|837707,,104358|305133|385829|457856|684306,103473|382760|575153|681226|894798|159182|504323|625781|722678|979539,009137|148251|419565|634579|834392|042954|163336|427938|647791|881589|058705|175600|466069|677190|911760|069926|220479|469546|698230|912641|077284|227852|474446|704317|921197|087948|292496|494774|753231|951422|090488|296302|496946|770594|954784|098742|371805|525124|774682|957579|108995|382601|551002|797998|964534|135686|390901|602969|819949|984709,010762|246256|400569|609021|809872|018511|247750|420175|611097|811115|029852|256779|425533|612654|819472|052624|257054|426357|640649|821550|066467|257232|433131|650697|822494|066787|260275|446114|665308|840775|072218|277191|467985|675396|843173|079513|282425|472179|688159|856698|085369|301018|476148|698015|864451|099278|313200|501262|698943|877382|101187|324836|506069|713690|903515|118074|340396|507558|722077|908959|141964|344451|514704|741171|923396|143859|347555|514983|744292|933456|154759|347916|519010|746917|933489|154810|352780|525380|769384|936436|161209|377579|539302|772677|956587|165037|384097|546351|779319|967666|218883|392022|577013|789457|968928|219402|394615|596598|802029|992325,True,https://myhora.com/lottery/result-02-01-2569.aspx,2026-01-02-BE2569.html
2025-12-16,ผลสลากกินแบ่งรัฐบาล งวดวันที่ 16 ธันวาคม 2568,2568,763895,6,014|449,52,763894|763896,,175105|223276|472864|554757|643258,001046|044280|457067|577411|885722|005846|425723|522202|798981|936527,016995|220476|402228|680749|822812|028552|239542|424289|680971|846195|083310|240998|430795|706474|848756|109106|245281|476151|722477|855166|124171|249394|476537|734278|856995|126549|319961|500358|743490|893933|141431|326028|545104|778981|929394|148085|347046|563287|784299|942447|150646|354717|580224|786341|981976|200235|378677|660044|809390|992179,031687|207698|366350|556536|773415|054254|214269|367447|561550|792961|060709|219332|370035|576637|794557|064555|230150|382543|593767|804225|070933|243396|386953|594201|808189|076035|247752|393827|599134|813028|078831|255761|400408|609122|813318|085470|258415|404666|610535|838156|099581|269655|406128|613662|849227|100810|269820|407909|618174|855236|114040|276625|408633|669531|858723|133866|276973|412864|692224|863630|136896|277875|434501|696602|866667|141043|283389|436991|727320|877820|141075|284948|445026|728838|888102|151762|290773|476955|743117|894783|160782|319407|477301|753957|896923|162181|340050|479700|763102|923423|171645|356029|497116|764309|942123|202551|356680|527716|768932|980235,True,https://myhora.com/lottery/result-16-12-2568.aspx,2025-12-16-BE2568.html
2025-12-01,ผลสลากกินแบ่งรัฐบาล งวดวันที่ 1 ธันวาคม 2568,2568,461252,6,137|995,22,461251|461253,,087237|112744|152806|442119|618231,413452|595460|738102|813040|981925|549876|615472|794796|953330|990298,007504|196755|373200|540215|732869|032506|206736|378798|553766|748102|050502|209958|386074|564123|751603|051937|248413|393173|574554|751771|083737|274513|423797|630327|758141|105779|293467|472131|661035|781749|108332|313071|502344|668102|883450|129372|364038|518034|685608|886391|133998|367467|528384|687211|904437|167235|369907|535976|697791|950142,001811|153228|378488|524778|733636|002571|155735|384929|528734|742261|013693|156297|392909|559731|753745|041702|160934|406801|574413|765129|042637|171919|408719|579241|798282|066443|174824|410437|595317|800404|074162|193246|411485|597430|808076|085631|208274|414590|610500|837122|099718|221010|422884|611972|838942|110998|238622|425049|633309|881182|111498|277108|433573|646630|894624|112036|287071|434113|648446|906151|112142|300706|434402|654252|918058|117402|331700|436921|656060|920486|122534|338048|440188|659319|921916|124704|348420|456028|718495|928111|129698|360293|466071|718670|956867|130242|363041|483613|719075|958224|146816|366913|489926|723620|964002|147996|375250|511082|732845|991407,True,https://myhora.com/lottery/result-01-12-2568.aspx,2025-12-01-BE2568.html
2025-11-16,ผลสลากกินแบ่งรัฐบาล งวดวันที่ 16 พฤศจิกายน 2568,2568,458145,6,239|389,37,458144|458146,,127078|171999|259717|704916|812323,408091|474812|650758|843028|882441|429136|510714|673595|882141|917524,039331|150014|402352|623635|731254|044090|176258|402876|640180|772542|061800|188086|416678|644747|775404|062271|217498|465687|647797|779933|066764|224732|516642|649035|795483|087937|282362|533242|652071|796134|107966|307079|541448|652118|803246|115820|330756|558565|656421|838502|145428|389005|571468|718337|965044|147062|399060|599728|729002|991872,025243|195011|393462|547460|814775|029471|208313|400590|565338|817984|042188|209637|424706|595911|832268|045128|214927|432043|595983|838880|049602|227013|445680|599651|839027|050574|237842|447034|618915|860908|051335|239571|447595|622167|868527|069004|251489|459940|646557|886398|075189|254263|472417|647465|887163|100194|279912|473408|662275|894487|102075|296140|476156|697715|909866|105618|304473|478965|708736|912802|112121|318867|480919|718915|920279|123473|330540|482022|720981|933947|141547|347634|484403|739241|936526|147085|353785|493018|739490|943465|152087|373678|494649|760203|951161|160742|376023|511375|792497|966116|170270|376460|542387|796239|972917|189244|381423|545569|812221|973879,True,https://myhora.com/lottery/result-16-11-2568.aspx,2025-11-16-BE2568.html
2025-11-01,ผลสลากกินแบ่งรัฐบาล งวดวันที่ 1 พฤศจิกายน 2568,2568,345898,6,111|690,87,345897|345899,,151807|275964|372861|416741|742450,231454|320575|406498|624961|901759|309293|367408|432527|886473|945526,005170|221495|384547|558965|764632|034682|225976|394760|581991|774512|034875|250773|422669|616353|808184|037977|263137|456052|621577|856702|039184|266926|478604|623348|949743|059554|283619|483837|626969|951811|060471|299476|486349|672363|958168|083510|342118|533934|685305|972837|178606|357303|542108|727529|973879|187218|372848|554459|749936|982809,002137|199045|385514|535748|755906|017469|199848|388374|541327|778642|027532|203550|397017|566649|780480|027756|209537|410723|571550|785389|042030|231959|432326|573163|788440|042645|236644|432598|581340|846251|050413|238077|453201|609205|853862|061816|252424|453239|610072|855304|062418|271803|454567|616600|862470|062960|277548|455805|630020|865792|063283|297496|469810|649557|869844|104992|329595|499502|656303|874547|119019|336305|499780|662085|878391|131032|337060|499824|673286|885180|134746|348324|500087|687066|888388|139934|359396|505868|699332|918769|142375|368512|514482|704615|934338|156459|370767|514548|724114|935791|192290|378288|529501|743096|994900|193425|384866|531239|743235|997691,True,https://myhora.com/lottery/result-01-11-2568.aspx,2025-11-01-BE2568.html
2025-10-16,ผลสลากกินแบ่งรัฐบาล งวดวันที่ 16 ตุลาคม 2568,2568,059696,6,476|889,61,059695|059697,,122579|128154|162002|682686|900683,035294|258578|520909|581115|653010|232638|331208|520988|626340|909135,002789|213198|297369|581331|733483|061998|220290|319360|584896|763118|107130|221569|355712|588743|781407|119998|227359|386120|599367|794084|125382|227683|427382|616676|856766|138533|229201|428086|660548|924140|139994|230962|432251|677274|937360|150733|249376|524868|690684|944269|201495|255671|543434|715480|961292|209956|273253|565140|732485|961383,005419|206216|426198|551624|782976|008137|208934|432156|552374|794638|008600|219697|440698|561055|797749|014301|226211|452022|563034|798063|017642|235300|457865|598541|832537|018964|251736|461425|615792|833448|032482|258859|466608|656224|837309|039686|259463|467387|686230|854378|041158|277401|468988|686420|857330|043508|305386|474094|686955|882838|051152|342744|474724|690359|884912|060497|345632|479129|695477|886335|080594|353406|479700|696009|897762|086490|356063|480311|715521|919491|090692|366408|482166|721572|925245|100291|369721|504003|736771|942551|137506|388123|506835|747493|945441|161317|398705|519400|775018|979823|172315|413692|548277|778141|980830|187835|420854|550515|779790|996578,True,https://myhora.com/lottery/result-16-10-2568.aspx,2025-10-16-BE2568.html
2025-10-01,ผลสลากกินแบ่งรัฐบาล งวดวันที่ 1 ตุลาคม 2568,2568,876978,6,280|605,77,876977|876979,,153393|371258|421381|970384|998363,013545|049940|403995|906397|929285|045714|096450|749301|911225|963923,006215|171388|473357|561283|828429|047848|209315|479708|597793|844570|067069|266527|482653|610627|904427|098776|266926|493924|644973|904797|132140|273653|495884|663976|921256|139662|278673|501989|669791|925377|147837|290222|523583|672488|932624|148016|291922|545499|682309|945155|157059|354033|549651|723286|948670|164774|360324|553897|787420|956269,002122|206456|411901|716093|868046|031911|214952|423482|720449|872473|037382|215459|432523|723106|877787|041456|222081|497895|723466|890951|042677|227791|506580|736108|893079|053720|235460|531043|742569|896675|080767|237584|539850|750713|908672|086100|239488|548980|757492|918023|096531|239860|569426|763154|922417|097839|241232|579258|764030|923143|108014|278410|596868|785200|927106|124495|283399|611308|787273|927811|138108|288515|611806|788294|936612|159128|308822|620485|790488|945496|176544|326052|629488|799708|952598|190194|333995|645371|805572|953246|190937|337400|684693|821121|958101|193873|345063|684699|826067|960292|195965|405886|694680|835846|963682|200133|409341|708846|860278|981797,True,https://myhora.com/lottery/result-01-10-2568.aspx,2025-10-01-BE2568.html
2025-09-16,ผลสลากกินแบ่งรัฐบาล งวดวันที่ 16 กันยายน 2568,2568,074646,6,308|703,58,074645|074647,,012457|271502|615770|636583|774457,058764|123335|488263|602442|850908|064886|291138|534258|775719|985798,023765|176602|371981|651874|842315|053192|179633|417262|674628|876371|058400|190848|425701|683528|885158|076054|224017|441879|684913|889835|081357|230247|502534|745000|893080|124693|231142|555779|759821|895070|125139|246455|629932|785131|895106|136118|297198|632646|796993|961590|150416|316152|646803|814965|962047|160273|334867|650340|841310|997770,002769|184548|455036|617847|767284|006147|186408|465135|633324|805534|007797|203660|489735|634543|809230|017682|218158|490909|634988|810822|043461|226892|492492|636920|825301|043609|282972|493618|647378|851541|056197|288542|497475|650213|856309|056723|300288|505867|663332|861583|062322|313341|507850|700323|882141|082243|319221|539197|700464|897367|095658|331801|542950|701606|906307|097369|344253|547561|702036|909924|097761|354797|549360|702165|921954|120956|359637|560522|705415|927433|151325|383853|562503|705752|931979|163422|386335|581500|734243|947485|169696|387462|586666|734382|966766|178990|413312|593753|739436|968923|180268|420626|601752|745157|975790|180872|444812|607974|756105|997217,True,https://myhora.com/lottery/result-16-09-2568.aspx,2025-09-16-BE2568.html
2025-09-01,ผลสลากกินแบ่งรัฐบาล งวดวันที่ 1 กันยายน 2568,2568,506356,6,022|209,31,506355|506357,,046135|372408|445869|469250|533819,016078|141752|239209|700546|845523|078655|161206|335233|702603|882984,005368|206160|322168|625925|865975|051783|233742|351429|645396|876047|058677|235593|395512|702058|880384|059415|242188|440861|710669|890558|067355|250404|440936|731497|920183|068162|252570|457625|733647|922630|099452|259364|555392|734099|929392|132636|267650|572020|762137|968685|171919|274926|588611|813489|974962|189854|311543|594485|836773|985819,001769|186990|361888|508385|737894|006077|188493|371853|518471|775543|009636|188522|386238|519637|779074|013759|195552|387662|533412|793933|018306|218132|398999|575457|816651|029139|220565|401057|605752|818904|063559|221219|401787|606289|828145|064242|224761|408972|635409|838857|064957|231801|426209|639842|853441|074447|240693|426773|642349|869025|082759|242761|438910|646545|892597|088703|252013|447679|679796|908290|090225|261959|448698|681763|928426|097173|285110|450233|687930|929336|115074|292788|451131|694007|938943|125911|318144|466544|702106|947334|130667|319442|479386|711333|970939|150393|333621|485436|716496|974467|160030|344506|488393|723834|982645|170744|347742|490074|737264|999673,True,https://myhora.com/lottery/result-01-09-2568.aspx,2025-09-01-BE2568.html
2025-08-16,ผลสลากกินแบ่งรัฐบาล งวดวันที่ 16 สิงหาคม 2568,2568,994865,6,834|989,63,994864|994866,,125498|186972|214818|470306|614735,143483|287931|529861|745255|882121|266113|513832|637633|863033|999696,013278|238882|391483|563319|744031|014009|269016|405963|565227|746746|056218|297657|414365|590879|848933|061418|310000|428105|591320|855063|068914|312875|459608|601842|880096|085364|321760|468121|625936|892195|144860|373039|473791|633043|901394|162627|381344|480296|634439|963590|184058|389053|482573|671937|966871|237001|390112|499611|710608|996640,009012|224856|344137|603032|785675|011786|248778|349672|611866|802817|014431|250059|351638|615286|821010|042655|255463|357666|616672|838185|064427|264396|375112|617086|842653|067602|269624|389192|630146|843202|079001|273955|403109|637587|861656|106155|276252|424177|651213|873126|107168|278751|440544|654692|889693|125019|282577|445006|677505|900034|137282|282595|450505|685690|901273|156478|297637|459485|704621|902587|156979|298608|469741|707162|909687|171850|302404|499182|707559|920575|178897|307095|512548|719503|926536|186004|317582|555875|723261|928960|200642|322164|568807|741573|937727|205084|334912|580474|758277|952539|207298|336799|600999|772390|957037|223344|337330|602978|778655|992585,True,https://myhora.com/lottery/result-16-08-2568.aspx,2025-08-16-BE2568.html
2025-08-01,ผลสลากกินแบ่งรัฐบาล งวดวันที่ 1 สิงหาคม 2568,2568,811852,6,512|891,50,811851|811853,,329930|519877|588144|809975|810260,095057|125639|386089|780240|868310|107594|151810|745126|783732|961961,029964|240896|454674|648817|832344|035230|257387|473787|648948|855999|035255|263099|547768|693296|875691|047804|268151|566082|727200|876360|092241|354165|569282|740575|921034|100152|355120|580158|782828|933832|102493|358819|607851|784141|935340|149097|405963|608341|811031|955487|206580|424811|612898|816311|961414|219638|437728|638682|824697|994056,007886|237385|426914|595064|807048|035737|246411|440994|604361|808584|041491|253784|446623|604693|813311|064759|259668|447367|611679|823932|075881|264432|449675|632410|827856|091995|285517|466921|652821|853694|096094|290954|479451|673957|876635|098098|299916|480748|687640|880976|098110|313170|480889|697238|881767|102945|355651|484244|700260|895781|112529|363802|495461|707237|898796|115671|366143|503925|711773|898968|119445|371594|515544|717313|905290|123903|381120|529458|720157|924392|165814|386710|539655|739151|925792|179203|388732|552761|743519|926946|184062|399259|564026|748817|932384|185761|401154|566511|766610|935506|193628|403441|579164|770987|962642|232111|408113|594629|796943|986366,True,https://myhora.com/lottery/result-01-08-2568.aspx,2025-08-01-BE2568.html
2025-07-16,ผลสลากกินแบ่งรัฐบาล งวดวันที่ 16 กรกฎาคม 2568,2568,245324,6,084|336,26,245323|245325,,115709|256051|814956|844010|844480,105797|350225|518522|750911|828884|154167|385755|629192|801720|905994,002116|097623|299326|560719|812085|007372|116613|355962|601882|815738|011545|159307|367218|626972|820009|016018|174880|380485|656693|822024|019693|180198|388722|697773|844067|046215|205250|390621|714779|860628|050007|226866|494991|720123|919511|055511|232904|497443|764485|945021|091768|266671|499018|770120|962845|095041|289468|535130|772115|990091,007144|194095|425320|640226|770121|015640|213929|425939|647642|775144|016179|231338|426860|659868|802249|033776|241055|432227|663981|804898|037112|241761|448700|679518|808215|069539|246647|457698|684527|810563|078976|254594|481418|687765|814426|080861|255525|497983|688515|833037|094222|280183|500170|692894|842048|097664|303267|520693|694969|855521|105540|305674|532517|696136|876415|111887|307433|542950|704157|890358|118352|338354|546361|711493|893580|128026|339237|584314|731083|899160|144671|358534|587133|735702|917434|149619|367718|608327|738529|919913|162287|388005|615712|744470|932741|168451|393207|617152|746667|934805|169262|417929|618898|746981|946717|194027|424203|636361|759338|980070,True,https://myhora.com/lottery/result-16-07-2568.aspx,2025-07-16-BE2568.html
2025-07-01,ผลสลากกินแบ่งรัฐบาล งวดวันที่ 1 กรกฎาคม 2568,2568,949246,6,261|918,91,949245|949247,,283443|402610|468424|501076|750603,419855|541431|766204|891029|963496|429897|559936|843129|927157|974816,017678|215022|482157|628266|834574|045467|247166|489252|635490|861208|045856|326154|510345|637020|880901|094992|333125|526484|653939|907629|125675|335905|578534|671882|922403|142971|348585|586521|689580|925177|167002|377896|596175|767575|926607|172116|427771|605221|781649|930166|187433|445214|626701|788211|942371|201955|468973|628009|833406|993575,003720|168355|337108|529773|714436|021726|179365|363700|543339|759384|032998|188633|365314|547117|767803|039490|189271|375710|547888|772231|064792|192731|382453|549051|786423|071089|220345|388713|550727|794473|087435|222181|393485|555289|812058|089955|224615|411217|559463|848222|091624|231602|412766|559654|848255|098727|257354|418367|570792|863082|100961|267913|429993|583611|876567|112883|306594|438415|586124|885857|121916|307828|442133|618605|897435|123254|316675|456004|627406|898455|126768|317532|456498|644352|917665|132411|325621|470682|658395|946457|135457|326086|493254|663358|947449|154995|329481|505408|670181|972361|162462|330070|506368|699678|995339|168140|331078|520750|707047|996386,True,https://myhora.com/lottery/result-01-07-2568.aspx,2025-07-01-BE2568.html
2025-06-16,ผลสลากกินแบ่งรัฐบาล งวดวันที่ 16 มิถุนายน 2568,2568,507392,6,299|736,06,507391|507393,,466702|564087|836570|916566|923982,055913|210588|251068|728619|971844|153753|234300|725799|824977|989810,055485|222406|413991|679571|830539|064202|241545|420262|699113|840101|090821|257553|445850|701178|851660|124992|281129|451904|701613|861198|129679|312876|542355|711107|874508|135825|321701|553019|725547|875862|157683|324967|603638|748107|898292|163597|331106|621188|756750|916923|178497|340891|638186|794769|991511|190419|384386|655945|807974|993316,004857|239878|412781|623959|757530|007849|255968|422571|627559|776350|011317|256405|424151|643466|797595|011644|268420|428871|646200|802264|016884|274727|445470|647890|804886|018202|281393|456089|661905|808926|032126|311604|467045|663281|814365|035409|323159|467107|678011|817127|035696|327042|470021|681768|827837|062998|339122|487095|682885|837128|071183|344150|487174|685839|869728|091378|352229|495177|686167|872318|113610|360785|521063|696598|872837|140662|368034|547117|699878|887598|144779|369312|554214|721149|919279|189538|378598|558573|722479|921607|204343|378668|565459|726546|926634|224478|391506|605470|727154|939792|228704|393994|612299|735110|960636|235230|412359|615198|752885|970287,True,https://myhora.com/lottery/result-16-06-2568.aspx,2025-06-16-BE2568.html
2025-06-01,ผลสลากกินแบ่งรัฐบาล งวดวันที่ 1 มิถุนายน 2568,2568,559352,6,044|307,20,559351|559353,,001173|212788|451156|481541|932285,103713|290140|438599|662416|718370|197136|426942|476905|694383|813752,006965|212453|390415|568383|740051|007294|214641|395027|581133|782025|035801|252353|403648|592533|792049|047179|262358|408321|603406|797377|061957|285171|410393|643759|822771|094880|291589|426814|645152|827822|172944|295657|428815|654751|870753|196407|350517|506866|655157|893445|204925|376131|551569|686012|920659|211342|384590|558484|694311|936938,011441|244753|473922|697762|855467|020199|265530|486133|724967|856771|023450|278231|487699|742366|863666|036285|286686|516567|745883|865765|049903|292359|517338|753398|866512|051705|292683|541612|753517|869002|055667|293986|544766|755063|882992|065385|309488|585819|760724|894036|065924|319546|591610|762444|896748|066494|321070|620195|795085|908556|075935|342508|621908|797140|912937|085016|355151|626540|801785|917000|130002|359449|631976|805548|921213|148075|409676|636137|806175|938507|168244|417979|636292|814842|943507|195766|424295|651247|816032|947449|205411|429067|652634|827456|949824|206565|457676|666727|832813|975737|210284|460103|693481|839398|983131|237281|468831|697460|839402|999682,True,https://myhora.com/lottery/result-01-06-2568.aspx,2025-06-01-BE2568.html
2025-05-16,ผลสลากกินแบ่งรัฐบาล งวดวันที่ 16 พฤษภาคม 2568,2568,251309,6,631|965,87,251308|251310,,182071|303897|345546|753325|918367,162850|281248|481808|526928|625901|186926|406069|509475|574474|934824,020602|237611|357100|582187|812751|023204|256438|384552|600532|823820|027830|260781|392812|652396|872562|080997|262504|408260|660390|884212|082350|266145|408595|680144|906129|094058|270947|410749|691286|917283|123122|283580|434741|691641|925179|156947|333990|508889|711541|925601|185474|351242|525592|712027|930942|190932|354591|580410|798092|998480,011467|228733|461349|635867|805508|019207|251503|467768|643126|805646|027896|264848|468247|653239|810984|031564|266597|481879|654516|814628|040377|271449|520008|668691|815928|070317|280889|527011|677227|817487|077544|292053|530872|685587|823008|094927|297869|532223|710177|836072|104146|311863|541729|711852|843899|107286|337451|546546|735932|849156|119002|350125|550487|745944|859676|137618|351680|552416|748431|884930|148592|372547|558136|754032|893849|154225|373108|574402|754692|906578|161330|375940|580653|773403|922583|171967|383877|582378|782647|926027|197678|384192|610560|790016|944359|198703|405949|612792|794042|946933|210179|424822|624200|799760|967087|220942|432165|635178|801502|975278,True,https://myhora.com/lottery/result-16-05-2568.aspx,2025-05-16-BE2568.html
2025-05-02,ผลสลากกินแบ่งรัฐบาล งวดวันที่ 2 พฤษภาคม 2568,2568,213388,6,167|662,06,213387|213389,,581919|611598|654405|678508|835848,010071|194033|603065|732386|929099|177821|299533|672945|735957|985549,012874|127134|340900|605730|766472|015712|128020|344264|610072|767756|016677|140460|363703|613709|778770|017208|144903|410891|630494|785433|019032|154945|440998|664695|923151|025693|164858|456610|666426|949208|076327|171806|485098|669834|960742|096390|191682|562479|673658|967162|116653|230616|589052|715506|986278|118958|282531|589421|736038|994140,030795|187957|408712|594699|761979|031746|207634|427583|596865|765122|037438|232109|428721|605313|766405|038680|245602|431563|620924|789699|044996|277515|433121|634749|791045|050101|282826|463859|636008|796748|057001|288673|477272|638691|798081|069239|292829|478021|647507|804096|095629|301373|482320|670910|821917|102114|310203|489849|674547|870216|108845|312546|497208|674784|884004|116649|318280|507161|677503|884802|132963|323573|509983|681801|927417|135335|336669|515476|699505|935675|137652|353933|534384|718446|945929|156294|357020|541629|729087|960890|161488|357745|544256|730225|969950|166654|374058|556648|748963|970192|169652|386815|568497|754369|980984|173931|407778|575349|760647|982425,True,https://myhora.com/lottery/result-02-05-2568.aspx,2025-05-02-BE2568.html
2025-04-16,ผลสลากกินแบ่งรัฐบาล งวดวันที่ 16 เมษายน 2568,2568,266227,6,474|760,85,266226|266228,,433036|676248|697262|910256|956704,006177|685203|736031|835740|949316|658389|718480|803741|881076|996183,006165|178515|382144|502192|812416|037471|181876|401586|504936|861079|083181|187246|402616|576441|884153|084043|200883|425348|606168|885722|084623|227442|463187|614053|897760|120563|250542|463301|676146|909395|126219|258261|465519|711288|920524|126522|273668|475113|718634|949567|140225|328865|497611|780493|970884|168172|329418|499336|796331|985225,013250|271718|391723|626824|788578|018539|288173|428922|626980|793009|057284|289608|430791|634816|805759|076858|297167|435789|643808|808697|103087|305332|436492|671360|814747|118185|316618|436615|677255|822131|120834|317555|462757|683822|825690|133930|322504|500529|714473|841459|151603|322543|509045|727863|863415|156061|323863|518828|737111|877105|171077|326414|530971|738121|888227|189496|331184|539783|740160|895512|200654|339512|555821|750494|911589|211089|346865|556985|761661|925027|234651|354311|577165|762191|937474|235479|354661|586305|766396|940563|239598|375217|587552|767897|946713|243902|378251|603981|772070|947059|251644|379864|613537|781509|967668|257167|382677|613998|788101|980753,True,https://myhora.com/lottery/result-16-04-2568.aspx,2025-04-16-BE2568.html
2025-04-01,ผลสลากกินแบ่งรัฐบาล งวดวันที่ 1 เมษายน 2568,2568,669687,6,180|666,36,669686|669688,,032218|055440|120441|317176|903895,115898|430077|677417|863114|968267|269444|617158|699092|898356|976075,001477|264282|465015|689814|804468|057527|325749|541755|704849|811292|108857|344000|552715|720039|821017|121573|360695|564540|720557|861456|169205|367601|585110|741507|874164|179643|367741|585929|744799|910964|196802|370842|592546|760916|914197|235692|378835|594199|781735|920845|248088|384674|607488|783654|922149|250447|438967|658419|798376|947528,013285|208682|351169|527148|815778|018622|219981|369585|546550|818538|051582|221516|371071|558934|825153|085044|261364|383253|590140|839651|085289|262674|389310|596614|845815|099352|264275|394122|602580|853960|099914|268816|398927|613625|858706|111713|273157|415338|613701|881777|116139|278540|426752|635475|889174|122396|278920|431020|666321|897967|124989|284666|431047|677949|910427|136635|294649|443514|682271|915483|137999|298045|444062|706029|937904|160898|303004|445902|721441|943169|163884|316549|453326|725275|947029|166410|321168|464859|730362|961373|172330|323033|473572|734692|966602|184490|331123|479122|804719|978651|189581|337988|503667|806244|987977|201364|349486|517040|810743|993970,True,https://myhora.com/lottery/result-01-04-2568.aspx,2025-04-01-BE2568.html
2025-03-16,ผลสลากกินแบ่งรัฐบาล งวดวันที่ 16 มีนาคม 2568,2568,757563,6,309|457,32,757562|757564,,041134|465815|748827|875925|989893,139119|246223|455376|571016|750873|141267|347605|472259|633053|909970,074040|209713|347176|532411|802025|074509|214933|369661|544466|824008|113275|231327|395960|546436|830000|116520|247158|408506|566906|853348|120687|248923|415164|572952|856757|122064|252613|427466|579180|865801|124537|262297|466815|636983|874836|168423|295987|468063|649727|883412|175231|342135|492265|661839|961506|205246|344622|519010|782028|964672,004058|158520|374805|588685|907596|011186|160909|375607|599129|914448|016450|164129|409757|606555|915106|028135|195765|426624|627079|915506|029268|204243|430316|632802|915765|032771|205399|440097|642669|920930|034665|221239|456950|664304|930065|039933|225984|458447|684442|933952|042591|233255|473219|687423|937521|047836|240622|483655|692681|953027|051805|268658|488862|735763|954469|080656|275463|498114|755320|961105|084790|293176|526740|782761|964766|094743|313132|532065|793479|969472|109999|316228|532573|795591|981550|110149|318762|547511|841412|981958|124954|348438|563666|859329|983847|133740|348500|572339|876311|988703|134502|366349|573421|877480|992720|138684|372464|580626|907523|997455,True,https://myhora.com/lottery/result-16-03-2568.aspx,2025-03-16-BE2568.html
2025-03-01,ผลสลากกินแบ่งรัฐบาล งวดวันที่ 1 มีนาคม 2568,2568,818894,6,656|781,54,818893|818895,,009425|445710|626086|706361|966801,073890|164491|265729|543296|939068|123509|198946|337602|708975|989397,033953|190194|433312|656620|786889|035786|261092|461198|705735|801667|036660|298466|466654|722324|802886|047197|300157|482643|730690|815244|050705|314436|531409|730796|892775|052868|347098|534220|760808|917346|083894|359272|596529|764499|924160|109672|399140|606229|770896|938342|121143|403073|648142|776759|940408|127601|406749|652959|783813|963209,013081|253930|432973|660401|824645|015145|255142|450981|667158|827929|015230|261524|452554|679023|836397|028348|266027|495643|701748|837254|044736|272193|506232|702804|840042|060137|284819|510846|712633|850203|092952|289079|519069|713335|875552|108798|291205|519732|720680|879210|140002|325053|522828|735425|880304|153215|332950|549267|750470|887529|154530|336835|554737|751539|906844|157570|336944|557740|753659|922294|163865|359521|559492|764291|933882|172143|372164|560073|765241|947659|181502|376226|561656|767982|965121|196824|384608|583089|777059|968167|215784|399660|608427|788314|983571|219953|400084|609909|795363|989074|237014|419305|622328|805860|989237|244432|429243|641873|816587|993052,True,https://myhora.com/lottery/result-01-03-2568.aspx,2025-03-01-BE2568.html
2025-02-16,ผลสลากกินแบ่งรัฐบาล งวดวันที่ 16 กุมภาพันธ์ 2568,2568,847377,6,001|652,50,847376|847378,,234582|403022|464953|572417|822419,126320|405988|467127|642152|657401|273711|424303|497867|645024|907658,021660|151964|293096|478552|735617|037244|164088|322129|560894|742179|073045|168378|325152|573676|785084|077913|173448|344581|575954|797797|085810|179357|366488|638899|803962|094541|192006|376516|642332|824459|099058|228271|403627|696028|855651|100051|231605|404509|706119|870601|100287|248640|439018|724366|913399|139733|256518|467561|731665|940805,015842|176466|426726|648082|797831|022284|181947|445223|657946|813732|028396|185480|450668|670630|814089|028524|185608|454211|682227|816210|035100|186903|459106|712333|818178|036290|187299|465924|721972|824691|065561|189048|466469|727955|838824|075197|195215|478917|730383|856391|076869|195390|485062|734859|857575|080839|227491|494337|736301|865227|089391|234984|544344|744940|892188|093553|263695|548796|758171|908784|098615|273605|569785|761693|909439|127859|278951|573685|766778|916212|136371|285218|581971|773808|952284|138431|327045|598830|776547|960752|144457|348781|608117|778179|964213|144831|398268|611526|781676|977130|146668|413481|616650|787725|978302|173114|421005|637061|790653|998649,True,https://myhora.com/lottery/result-16-02-2568.aspx,2025-02-16-BE2568.html
2025-02-01,ผลสลากกินแบ่งรัฐบาล งวดวันที่ 1 กุมภาพันธ์ 2568,2568,558700,6,685|824,51,558699|558701,,180367|638065|719083|883775|911999,188548|514538|572689|805704|950699|443022|556224|592134|917964|989351,040227|197551|406797|643063|779827|057554|203596|431300|645967|830628|074973|205879|456222|659209|830929|082186|233725|470781|662127|837682|088036|256225|491970|667860|848970|099363|302216|513218|689248|854433|131842|349710|529529|705634|870742|145374|367734|540915|724970|909244|149975|372733|556556|768307|924237|164298|396135|631224|770832|974031,002886|237637|423932|572844|774187|004666|242460|434315|584125|774336|011487|249797|447638|609274|776946|019984|256651|458153|619350|813271|027205|262969|468417|625188|818954|054345|293875|475118|651277|820208|070967|318992|480659|656732|834118|101130|319578|485292|660585|839421|115205|326507|488003|666309|843874|127333|346327|489146|669408|862547|127745|357324|500656|669725|876085|128024|373449|510530|689128|899789|128987|386735|520235|703901|915232|146717|388391|521615|703932|923554|157450|393295|528246|713917|926141|158717|395207|538250|719219|938687|158957|405669|539134|728225|944711|218574|414767|552257|756019|952420|225654|416441|556099|756167|952463|228943|418226|558425|756513|964295,True,https://myhora.com/lottery/result-01-02-2568.aspx,2025-02-01-BE2568.html
2025-01-17,ผลสลากกินแบ่งรัฐบาล งวดวันที่ 17 มกราคม 2568,2568,807779,6,448|477,23,807778|807780,,036472|050976|222219|270761|434041,150858|266360|347618|500319|722137|171891|343475|359726|704912|825528,014861|222848|496586|625828|872116|053892|302011|527626|651488|872641|056479|318159|533037|702504|876684|063321|325286|542186|704274|877824|064964|346068|566714|710783|878459|088212|408346|586556|713480|928126|119503|437722|598277|725948|933578|129742|450097|604366|789093|945648|143678|454535|609776|798955|945826|205041|470098|610859|800333|987393,043279|210295|438472|593728|856619|049995|223533|441395|607502|865789|073623|247549|450181|639060|876447|077498|248476|452835|643367|881587|090497|258099|454511|668531|885682|092964|263398|455156|677331|886107|113048|291739|460376|684061|897050|114470|304278|466517|722197|905392|117572|311607|470491|730086|905652|121983|314719|500988|740807|906133|123993|316422|502170|756985|916126|130734|331211|507902|762951|928875|137909|333442|547227|773575|936733|142319|345049|558354|777069|951727|152447|355228|573284|797858|960424|156151|389765|574988|814551|967694|159033|407093|578320|825672|969069|162695|412407|578683|826509|975949|170696|431591|584332|850801|981397|197913|433776|591078|856352|996272,True,https://myhora.com/lottery/result-17-01-2568.aspx,2025-01-17-BE2568.html
2025-01-02,ผลสลากกินแบ่งรัฐบาล งวดวันที่ 2 มกราคม 2568,2568,730209,6,297|376,51,730208|730210,,144798|440080|671700|764177|905788,017410|286468|543132|632323|810497|023742|441850|593131|651864|950821,011243|309294|452409|624310|783456|067086|315874|487715|640423|785881|074970|342298|506949|666587|789122|085210|358149|556317|676198|794597|088544|379925|582187|676456|810445|094884|397163|601172|688447|825425|096390|422247|601534|702769|857858|176393|436266|608458|710399|881355|226925|440900|615097|726121|953541|293328|449201|618276|746225|987193,007186|184824|395375|700600|824174|010081|204356|468305|711289|826029|013427|208923|485072|718146|830173|020744|233615|485535|718339|833636|021023|239089|492579|718590|833998|021492|246839|498509|730910|854220|022786|248890|509831|734145|856581|028982|265752|511582|749177|865081|058809|280825|520294|754462|900063|064372|286901|545258|758578|914603|066939|289147|560785|762213|943848|074378|289954|586000|765600|951202|081441|292298|602267|773620|954563|089960|293532|603121|782267|963902|107563|299555|631702|795129|976957|121888|319306|666663|795138|977363|137743|358456|683261|799442|988047|162386|358876|684186|805029|990183|183320|362401|693948|808422|991165|184544|389866|693949|813239|994546,True,https://myhora.com/lottery/result-02-01-2568.aspx,2025-01-02-BE2568.html
2024-12-16,ผลสลากกินแบ่งรัฐบาล งวดวันที่ 16 ธันวาคม 2567,2567,097863,6,339|881,21,097862|097864,,077335|142161|208137|773959|885770,132601|214955|346727|543369|579783|164003|232859|431928|546762|882472,005170|226962|512221|665998|807334|009226|239277|515844|690417|821551|062558|270861|555474|693110|829492|090523|325011|565216|699145|883128|112272|332505|577454|736296|896429|142726|351494|601662|739701|934591|142837|441853|610101|746765|940955|194802|450486|624287|785942|953159|197755|467237|657613|801458|961926|216600|486524|658743|807271|997599,000720|188327|381363|643234|840150|005446|216550|383136|649102|840505|012690|234386|384252|652077|844198|022294|240986|403646|674832|859044|025790|249618|403966|710802|864713|026835|251189|435555|715352|869600|043888|254796|469805|718628|876705|076243|263787|488721|720511|892314|095262|267029|510444|721765|901378|120133|272076|512588|724824|906805|126272|277818|518176|738784|924064|129244|294466|520703|742608|933526|132312|295057|521374|744745|943132|133265|321051|535868|759966|948959|145400|325180|536880|760206|957217|160740|326384|557342|761774|961592|171540|350040|558938|780180|963351|173566|351317|587085|804602|980861|178296|352605|589843|815269|986987|179844|370241|601202|836320|995220,True,https://myhora.com/lottery/result-16-12-2567.aspx,2024-12-16-BE2567.html
2024-12-01,ผลสลากกินแบ่งรัฐบาล งวดวันที่ 1 ธันวาคม 2567,2567,669843,6,098|654,61,669842|669844,,127223|141669|257611|362623|511822,007427|225443|412183|632428|799112|063530|361496|489823|781904|988373,017721|213958|412207|631207|803676|019273|221943|415228|635435|823603|022020|244738|468693|656044|840761|042702|251466|485229|661196|858067|060334|256247|506997|702772|865378|086494|276443|523975|711163|908080|092386|287059|529435|721991|913697|110508|292911|556792|777702|920410|150524|310734|612785|783205|954641|173524|311035|621091|786108|969664,000444|213187|422780|659735|862439|004229|220724|425408|660109|864440|029563|224868|437355|661043|865280|045935|225464|466629|697223|889207|062626|244443|472750|704404|891591|072992|246732|472981|719345|894211|075074|247480|477673|743273|902108|094632|250963|491890|752228|908469|102006|262620|502139|754440|918078|108046|264021|515208|758463|926936|119815|290402|516740|759860|942694|129254|295735|518718|767161|950649|159762|310173|555795|794753|958709|160838|329479|562496|798613|972507|165517|340190|570477|801515|972663|176011|353846|587103|805620|978088|177886|355059|594170|824063|980718|183717|372901|621010|832512|980858|193042|394095|635061|847276|988116|205941|406805|647410|858864|998784,True,https://myhora.com/lottery/result-01-12-2567.aspx,2024-12-01-BE2567.html
2024-11-16,ผลสลากกินแบ่งรัฐบาล งวดวันที่ 16 พฤศจิกายน 2567,2567,187221,6,547|980,38,187220|187222,,164480|339596|459403|739382|856492,088391|271867|319545|705238|803964|243904|287458|584122|744835|822647,020102|193067|399138|622075|800670|031147|201819|424200|650025|819942|032420|221831|438914|679006|852768|060223|235498|461418|704511|854444|068457|249235|474735|706630|879859|081623|278756|515974|719577|947933|143088|287082|527535|719828|962056|149320|296736|529166|730035|968311|164159|377347|564974|769620|974578|189506|390470|604235|797585|984918,025378|260186|428874|625306|796055|028158|269205|429168|643187|799427|032425|269883|436509|645166|822346|033780|273030|440000|647724|831411|040200|279629|441209|650957|848055|047871|300471|447811|653115|852195|057397|301731|448438|657280|856212|092506|301871|455565|680182|867017|101145|306713|464219|694314|888036|148474|308731|466122|715738|895633|171201|332591|477905|719461|908507|171582|340257|504598|720433|911396|190752|344665|508549|727095|921558|200238|345709|525992|730359|925082|204837|361389|541777|731062|941133|216401|363848|542225|737877|944270|216589|369266|577589|763946|982473|229369|393988|585681|768267|986925|244907|410920|606732|777923|992356|247343|419328|612377|780358|992905,True,https://myhora.com/lottery/result-16-11-2567.aspx,2024-11-16-BE2567.html
2024-11-01,ผลสลากกินแบ่งรัฐบาล งวดวันที่ 1 พฤศจิกายน 2567,2567,536044,6,063|231,32,536043|536045,,170220|297790|504140|700568|807952,050258|505632|595354|702685|782390|388173|555089|685143|704102|808087,005593|181207|323244|575887|815888|020990|191857|337719|633708|842001|023014|206822|388700|638537|849365|027675|217979|401000|664916|863506|034575|247752|451233|692877|866342|045384|253616|460506|696246|896344|098859|273947|536434|761360|934706|115213|294460|540828|773635|947992|130049|294858|561822|812723|982409|163480|300281|565438|814041|989649,007465|182940|395314|559943|850210|011202|193787|424107|585509|851727|016278|215441|434505|600420|859311|027343|216472|437670|635307|863998|028050|220364|440354|665997|865045|030649|224002|449440|700134|877858|043606|230737|450394|711730|879525|057583|244142|467784|717641|886696|060406|245852|472519|725648|900043|065676|249269|474110|732687|900535|088178|252789|475856|733187|903938|139048|285041|483302|770688|912826|139849|295883|496277|771695|913464|146823|308784|507171|773638|952214|149917|315074|516001|786892|960762|153449|332107|516915|798036|962368|157015|333150|517358|803272|969181|159853|335266|535524|816456|972272|165452|337381|544987|840098|978841|180655|350025|552094|850088|982831,True,https://myhora.com/lottery/result-01-11-2567.aspx,2024-11-01-BE2567.html
2024-10-16,ผลสลากกินแบ่งรัฐบาล งวดวันที่ 16 ตุลาคม 2567,2567,482962,6,493|919,00,482961|482963,,042170|091247|209783|887149|960616,079381|327831|360198|744996|835479|309600|350969|701566|803140|942966,006344|195795|391203|500651|656780|021948|215243|394200|528843|724358|056126|226460|395774|536788|729593|113438|288167|405302|563373|730622|138948|292397|414059|564006|825993|155170|315440|417106|573022|826605|167913|318165|423542|604412|863363|168879|322962|424010|615764|874449|176736|358015|462725|630912|884284|180486|388836|470723|637681|934027,019648|242520|424294|668768|889734|026221|269216|446104|690027|892171|034806|277076|449561|696974|892802|059147|279617|464258|706603|913324|070972|293854|468744|714625|915590|103237|305067|474541|726301|916049|104312|311731|493933|727325|918643|105882|315418|516238|744551|923774|109582|318414|516489|749182|924761|128580|347685|524834|750256|926205|133254|354352|526233|755262|937467|141955|356122|529490|755995|940940|158877|367162|533524|767119|942020|161363|375592|544623|777604|943107|164916|389716|565243|782906|956648|169064|392533|567405|812819|958786|169981|396665|572047|818894|976947|177122|399081|574970|848771|987926|192105|400476|594820|852841|995215|207873|414328|650003|859244|996774,True,https://myhora.com/lottery/result-16-10-2567.aspx,2024-10-16-BE2567.html
2024-10-01,ผลสลากกินแบ่งรัฐบาล งวดวันที่ 1 ตุลาคม 2567,2567,718665,6,079|566,59,718664|718666,,618304|619457|706570|803186|920212,015089|079513|576883|827661|899161|028929|332583|807587|848720|936769,001650|229354|406839|565201|791315|068766|235485|415631|579404|791526|070465|306489|430370|585487|795687|073792|325692|447798|588560|823339|079288|331211|448648|612189|827766|100523|350914|483088|654733|849778|143828|371560|522846|656278|952454|156039|379538|544300|705120|961797|166685|392399|549143|715944|968249|214339|394717|549734|730422|974093,028519|222108|409813|609336|761270|036283|224689|432285|611367|779485|041220|237296|443091|628125|803474|041466|237865|445026|629558|815227|072238|238694|445974|634524|815448|082021|264184|447142|647932|817965|086635|265401|458809|674505|822973|090743|269228|487641|699053|867435|094704|271493|495788|705352|868444|098621|280422|499637|713107|886771|111308|280547|505928|714202|924197|122019|312076|511989|729975|929691|123489|316668|519617|737191|930041|142265|330818|520432|738631|930997|145004|331823|526698|743601|954373|171250|342384|529047|749137|971141|176036|369105|562878|749235|974833|183407|380962|564652|749834|977415|187093|385388|566721|754306|982865|221366|400188|581639|759723|985280,True,https://myhora.com/lottery/result-01-10-2567.aspx,2024-10-01-BE2567.html
2024-09-16,ผลสลากกินแบ่งรัฐบาล งวดวันที่ 16 กันยายน 2567,2567,608662,6,008|408,37,608661|608663,,474510|544978|705432|841682|910627,107957|214554|416024|651722|835708|210002|384311|516143|653692|915662,034227|229977|308005|551987|761518|034649|233606|318862|563701|766221|037845|238591|337475|588907|830841|086569|253314|341772|593189|838082|087336|259692|376400|598884|872383|110415|262378|393518|623304|879001|121211|282328|417959|629901|889637|142283|293084|422395|715426|924799|187159|295315|479532|741298|964585|199628|296792|544682|750870|988954,002519|243088|456825|612384|792740|006406|244115|493937|620017|795510|012401|254844|495854|622766|796179|032161|277961|500567|661390|807492|038392|287190|500614|668005|817090|075674|307742|503256|676774|824718|091138|307856|506021|680908|831432|095407|313149|511981|682221|848935|108678|317318|513205|696729|854344|111864|317867|514400|698564|856500|132898|326403|517205|700823|864704|145819|348231|534205|720563|866852|148912|349545|544628|730128|881539|150476|351070|565238|745440|889817|161717|371744|572341|747154|901761|180151|381463|574380|764664|913767|203879|383406|589854|765243|918926|220586|384037|590395|766935|935599|222892|397932|595342|772854|969948|231523|447283|609436|789368|979175,True,https://myhora.com/lottery/result-16-09-2567.aspx,2024-09-16-BE2567.html
2024-09-01,ผลสลากกินแบ่งรัฐบาล งวดวันที่ 1 กันยายน 2567,2567,199606,6,094|388,94,199605|199607,,190588|218971|253914|536661|878717,106515|163488|384338|577240|876783|163064|356438|549686|817554|982233,011311|190925|380502|522365|757806|016635|194609|380548|534501|766849|076131|235487|422406|544112|766923|083147|251083|425809|545963|819051|088798|261109|427510|653506|860721|102266|276979|427556|667294|863849|114444|278068|434841|670044|875776|136548|300766|462934|705593|889709|158488|301932|493180|706744|894509|177872|371539|520419|740262|973807,000159|252076|420449|661364|848584|000633|252771|440126|677710|855671|002932|265188|449498|683559|857502|004833|280983|466805|693506|860241|010931|298997|470826|695017|868140|015106|299985|481631|697944|882871|034196|301833|490262|701245|900635|080992|312177|512985|733586|907234|084945|327793|513241|748201|909446|089629|331907|513564|756125|915196|108699|334112|513957|761425|916474|115133|361316|514656|765472|926437|120482|361411|523090|769582|930105|133944|362992|530321|772492|954277|149142|363020|533132|772619|954381|175130|364848|543792|803238|955685|209064|374966|589955|805461|962806|212789|397357|618969|806578|968699|220461|412225|622312|832624|978954|236040|414395|649429|846704|994390,True,https://myhora.com/lottery/result-01-09-2567.aspx,2024-09-01-BE2567.html
2024-08-16,ผลสลากกินแบ่งรัฐบาล งวดวันที่ 16 สิงหาคม 2567,2567,095867,6,697|728,28,095866|095868,,038546|226374|469262|469899|974224,351293|602409|635741|854153|870199|500076|605705|792643|870121|918535,054378|277743|483416|647195|852326|061220|285832|484382|650811|896010|064127|297370|491697|657429|908323|080324|320191|492425|720544|915869|080935|334863|492713|724029|929860|176131|353159|525880|739679|934227|189882|356841|531163|769072|944230|216743|358285|535571|788403|971492|239634|362708|567078|795096|972893|239745|407016|637241|826219|993372,023901|164904|432767|601216|798917|025262|185518|435309|607346|799415|025367|192930|439974|614351|810785|066572|202685|446710|617582|817943|068055|229531|468010|625546|820542|079389|236059|477765|625571|829353|093803|253956|484180|663880|838234|097582|255582|487933|667669|839199|098847|315088|493380|673641|847344|107471|327964|511891|683276|856340|113884|339017|523900|720970|858210|114925|341894|532754|723059|869949|116703|358243|532771|723188|905672|124481|399634|537016|727189|919797|125567|403429|537232|749286|939312|131975|405000|543493|750176|943070|134811|412167|552918|758194|949050|142585|415136|557358|784362|963350|158151|429285|564552|786141|967411|162642|430576|583198|796590|983768,True,https://myhora.com/lottery/result-16-08-2567.aspx,2024-08-16-BE2567.html
2024-08-01,ผลสลากกินแบ่งรัฐบาล งวดวันที่ 1 สิงหาคม 2567,2567,407041,6,070|622,46,407040|407042,,046930|127568|596170|848197|921155,035144|425170|671891|896753|959249|276960|596654|886522|903093|965402,010963|183977|372782|589909|778445|032522|198095|391855|617316|815229|032672|221674|392305|620895|826151|035968|245874|437269|675283|826992|045979|249786|441518|677746|833716|091060|260923|456445|683038|838773|103673|287763|479152|711936|850728|125521|299412|504956|714996|871559|131358|327395|530296|717786|882210|152270|364292|569499|722232|995056,002795|192800|420684|550754|763222|003432|220421|422419|560688|764120|006659|227344|423982|576125|765466|040499|250011|424316|576498|771325|073908|260608|430621|579346|782158|085935|272603|433998|579622|797602|090261|273118|441314|595563|801730|096708|286079|442947|601570|815447|103768|293479|454902|618923|819244|113168|322329|472240|621644|848018|115861|324037|474794|652086|858314|129375|363503|485673|655309|862786|129655|364392|495195|693983|869761|138968|383004|505561|702536|894902|143744|384313|505983|704917|899355|143999|391308|506299|714066|929798|148657|402386|509512|716670|932253|177889|411886|535118|734542|978436|178309|412516|537178|750476|979012|183513|413630|538706|762033|994883,True,https://myhora.com/lottery/result-01-08-2567.aspx,2024-08-01-BE2567.html
2024-07-16,ผลสลากกินแบ่งรัฐบาล งวดวันที่ 16 กรกฎาคม 2567,2567,367336,6,421|618,21,367335|367337,,004776|347960|388714|886001|911595,093921|248364|410870|608949|929494|147985|399235|537070|720428|982179,003130|190219|360620|554593|815279|004093|195752|373673|567608|846271|015012|205678|400231|584418|868526|018467|223488|414763|604096|892627|028103|227124|429508|671949|901252|046094|245819|434487|711840|903340|072695|264413|445465|713558|932156|128975|296870|493279|729050|951226|165094|345306|526169|740123|953032|167345|346875|539081|801545|983286,001678|198593|437806|587379|848653|004941|201428|442723|621679|876859|024194|202597|445293|624167|883978|027440|232893|450793|632056|895784|030856|253709|455279|649565|906407|042659|259191|457322|659726|908118|043761|276808|461553|681525|910006|054227|280789|462674|684081|912974|058038|290051|465992|689126|921816|075711|307602|472188|691231|935770|076623|315494|485341|693144|939929|079032|327434|485430|716932|951332|084151|328415|487894|760009|952410|092368|349896|514277|761491|954050|106735|366829|524027|768099|955445|121722|384767|531078|770786|962268|128199|396475|543168|776955|968850|147546|397143|551661|795325|985996|163584|402156|566206|802186|988242|177590|424422|566342|831340|988812,True,https://myhora.com/lottery/result-16-07-2567.aspx,2024-07-16-BE2567.html
2024-07-01,ผลสลากกินแบ่งรัฐบาล งวดวันที่ 1 กรกฎาคม 2567,2567,434503,6,647|778,89,434502|434504,,051210|119336|120284|643628|779915,067625|082892|344989|448678|509881|068498|112814|444531|489726|716400,023956|225892|360281|596385|869310|052671|226682|370603|609789|875779|092610|236905|372428|611097|881222|122729|271777|380940|615858|887136|143702|290322|464040|636886|907438|160175|292040|494578|672342|918486|166107|295958|516632|677475|945560|167869|313471|526765|709328|950641|206721|321165|540411|794387|966503|210278|325423|548304|858600|986701,002506|219369|435771|625761|837681|025099|219385|438585|636220|846157|042336|227532|458224|644008|847443|051521|237179|459375|667377|848407|059228|252646|470814|689093|851414|066635|265925|477344|694430|894572|095930|270390|487090|698584|901792|101429|277604|498104|699727|904447|118847|292399|513439|717700|911483|122718|302466|513569|725339|919369|127655|307383|520301|728162|927117|133567|320226|526819|752372|929132|148817|360627|532555|752876|933517|179061|366206|537736|762640|934011|182881|380460|549722|780912|951359|184989|400838|574931|782393|958051|189048|412016|584045|787950|960387|191363|421736|597933|794733|970030|204930|424410|598306|808754|982253|211803|426746|598387|831497|992438,True,https://myhora.com/lottery/result-01-07-2567.aspx,2024-07-01-BE2567.html
2024-06-16,ผลสลากกินแบ่งรัฐบาล งวดวันที่ 16 มิถุนายน 2567,2567,518504,6,426|447,31,518503|518505,,025373|318468|336234|491146|929480,040407|343518|428495|670971|845831|223852|392225|649941|676433|955695,013457|212854|437073|698760|867183|016534|212892|466136|698891|876772|042811|222681|470925|724350|899605|089971|226901|497071|724932|910161|109846|260462|605516|739656|915664|132096|288575|624535|760292|923641|156651|311171|626862|772842|933037|157399|402620|645609|801953|934261|169264|417986|665971|807707|936927|184079|423612|686120|864878|978565,005567|202640|419771|572654|781749|006221|208170|442962|573957|784891|029759|228557|454177|591664|791205|031314|250876|455032|609736|808193|066618|263877|462587|617942|814492|068122|278555|463544|656934|818715|068972|287982|463671|661955|823709|073759|293806|472623|671901|828129|076922|301759|482894|671992|828461|079801|304991|490171|682523|841160|080029|319875|499471|693587|848579|080396|322424|515062|705394|852740|084386|326404|532629|712893|877007|085131|334741|539055|713997|897078|106929|354077|548776|724322|905106|123326|365932|552369|732572|926490|164308|373058|554881|739782|931386|165432|379230|562015|750662|951225|181024|400375|564001|750839|956483|190046|416365|571400|759412|975087,True,https://myhora.com/lottery/result-16-06-2567.aspx,2024-06-16-BE2567.html
2024-06-01,ผลสลากกินแบ่งรัฐบาล งวดวันที่ 1 มิถุนายน 2567,2567,530593,6,421|734,42,530592|530594,,029712|356805|792363|808128|938867,046843|243580|404804|448892|694974|160283|272437|443044|544359|777744,020392|233880|440176|550315|753505|051598|238892|459138|581373|794575|065645|240317|464405|598690|834354|083471|277318|470737|620385|840200|145262|294416|485847|638080|842151|153750|343071|495952|646271|849214|168521|378829|526838|656945|933126|183126|405634|526970|678979|944778|205045|413224|531156|692674|951837|211846|438962|549805|703944|957867,000896|195900|383029|585912|825213|001233|231833|402981|594482|834256|013446|240678|408260|610246|838184|025445|267883|408504|621493|842139|029216|270730|418120|622177|849807|034704|272964|439694|642942|851546|046921|277175|451796|655691|852984|073019|279395|454431|671749|868909|077829|290538|458119|673775|879199|093804|294987|458656|687899|888192|102535|307929|460387|698368|894182|140336|333705|469973|700010|902974|142489|339091|481869|718959|903209|144746|339387|491735|726199|925646|146567|340639|502580|755016|935430|156179|346092|508290|759065|953286|170522|362061|514953|768221|965039|180819|371628|526562|800717|973347|180989|371771|533685|817662|985312|195482|378038|559838|818395|990634,True,https://myhora.com/lottery/result-01-06-2567.aspx,2024-06-01-BE2567.html
2024-05-16,ผลสลากกินแบ่งรัฐบาล งวดวันที่ 16 พฤษภาคม 2567,2567,205690,6,070|137,60,205689|205691,,051664|418448|589461|753950|862515,282965|658671|730886|787378|831208|625541|695909|737000|803933|987576,009719|256245|391338|644520|836258|081650|259114|402421|645861|850675|088710|261372|414318|651594|853693|095107|266130|439055|703403|902724|137473|310292|544984|722477|907223|174951|320888|577047|733830|950967|176775|338715|590008|746802|965748|187716|339581|593091|756905|988056|224331|352139|602925|787062|991850|250866|376789|622774|798919|996534,011016|349215|512815|645113|872762|016141|354437|520219|659221|875647|029171|359444|523312|669611|894478|054967|359888|525350|672330|897365|077139|379072|529977|678348|907595|099921|382067|542797|687477|920214|100486|403777|549150|698695|924253|120743|410038|553872|715647|931182|128048|410722|556693|732202|938091|133180|412923|557784|756238|941650|164089|418285|565794|763554|947791|183636|422625|566794|775921|950316|210371|453204|594780|790707|951224|223879|456676|604243|808246|967438|224606|462525|612991|835807|969515|224623|477860|621413|841034|979193|250968|490116|627605|847156|979559|274866|490133|630257|847506|987029|286023|502464|637975|854947|988300|341093|503663|644545|868087|988503,True,https://myhora.com/lottery/result-16-05-2567.aspx,2024-05-16-BE2567.html
2024-05-02,ผลสลากกินแบ่งรัฐบาล งวดวันที่ 2 พฤษภาคม 2567,2567,980116,6,634|833,17,980115|980117,,062041|268817|644812|647084|782648,083872|254426|391036|576298|893930|179445|269704|394109|622241|973985,002704|213851|400412|600370|809555|017612|236594|413829|647086|830668|019209|238339|437249|698981|843525|027545|266781|452425|705937|859072|059895|288111|452639|718684|875542|070350|296360|458579|741384|909104|092164|305155|500758|787550|942459|113503|315925|554410|788180|964513|210071|357122|564636|793800|985943|212161|393023|569904|801724|996805,013776|165031|375826|528252|771611|023443|169478|403377|531076|797688|029133|174035|403888|538413|815306|036059|181552|407261|554877|825826|051494|189903|413462|593403|838080|055800|198315|416904|610844|849348|056462|225070|419572|613982|854707|058430|225236|421382|621629|858887|066280|248582|423717|646621|866916|081149|267006|434558|650820|878233|086625|274678|438604|664617|902954|095808|290996|456862|665802|903111|098223|298213|457646|667399|910441|106325|311803|464092|671981|930582|133408|313414|466666|704871|936064|144888|314035|469534|713513|939876|155820|323474|469815|727589|960833|156825|336050|489982|743137|972074|158123|341602|503688|743678|977262|163061|369941|504002|755213|997535,True,https://myhora.com/lottery/result-02-05-2567.aspx,2024-05-02-BE2567.html
2024-04-16,ผลสลากกินแบ่งรัฐบาล งวดวันที่ 16 เมษายน 2567,2567,943598,6,154|200,79,943597|943599,,062259|100755|282285|297933|448213,018772|267940|595074|720144|773313|147563|454577|665998|734269|788457,001228|161787|408301|666284|876132|033439|194615|419267|705082|879972|040459|236113|449523|719958|882048|068452|256511|465845|721757|911165|071875|261565|475389|727091|924865|095714|299820|514761|740276|971568|101738|300839|579570|745069|972561|131029|311765|599692|775119|976687|133343|385255|616783|842015|985476|145541|397217|651025|863195|998458,008649|172715|322555|562888|756546|019836|175313|323067|598986|769576|040197|175392|341167|614633|772486|045170|179497|342931|616068|803498|061659|182425|381378|616761|814109|063690|182825|383482|622334|851456|070320|193111|411758|631424|862993|079611|197190|424276|644959|869716|081630|209708|433446|646104|876637|087920|215548|442322|650707|893211|088983|218351|454174|653726|898212|092288|234248|464986|657266|906751|100329|236948|487179|680808|936704|104180|237941|531320|690806|949675|106078|263801|534133|692070|957591|106160|271470|536503|732916|960034|116314|277674|549465|737012|964814|120489|299159|549714|744261|972601|129309|306461|556347|751072|996353|147982|314231|560631|752050|996997,True,https://myhora.com/lottery/result-16-04-2567.aspx,2024-04-16-BE2567.html
2024-04-01,ผลสลากกินแบ่งรัฐบาล งวดวันที่ 1 เมษายน 2567,2567,803481,6,559|947,90,803480|803482,,007558|067061|538699|835772|907492,242227|381276|709667|851206|950406|242784|606987|848355|894038|996526,007438|142436|432258|583983|706750|018965|198864|448975|604221|716289|043174|207231|469451|609946|727711|085992|232022|489817|628028|744487|098288|251486|495395|628637|786846|113573|257965|497986|637017|824960|117164|296519|513767|656650|966683|119156|298199|536203|659412|983847|126515|317178|561189|681369|987777|140765|428044|563022|703400|993776,005149|174839|337627|557468|807097|009510|186133|343526|559366|815118|017029|190484|345065|569209|821216|030651|190914|346850|591279|825033|032408|197770|349559|592785|845091|039746|218821|350356|604460|860794|049995|219484|368343|618464|861285|054969|246067|383374|620277|867535|055465|247024|430409|638147|886369|063298|254077|431669|657386|902940|066456|255946|431882|660840|904472|071077|258560|442182|663977|912914|077852|266895|444341|693658|932440|092432|270061|446933|728738|944425|108756|287751|448930|731380|950123|110887|288394|454736|734763|954691|124075|299275|474572|735524|957599|134947|304267|481752|751191|969410|136965|314059|516433|763105|977076|138019|323717|548896|790587|993272,True,https://myhora.com/lottery/result-01-04-2567.aspx,2024-04-01-BE2567.html
2024-03-16,ผลสลากกินแบ่งรัฐบาล งวดวันที่ 16 มีนาคม 2567,2567,997626,6,329|794,78,997625|997627,,158908|485546|485642|631001|897694,105303|322578|620048|696050|935199|238160|421546|669775|826842|951264,000341|236153|411596|582288|758395|018003|246073|429726|611287|766185|024292|258455|431579|621447|766682|051048|281788|434148|636604|788574|069735|323851|447454|656833|791580|082645|343639|465714|657195|830148|118769|363379|511125|667327|835813|186506|369148|531222|701512|836291|194519|381682|535126|716354|941507|229005|382805|542218|720975|990089,001197|212559|366058|574568|790445|007809|229601|372430|580053|793922|022080|241656|372465|613167|803122|061993|250163|382576|615908|827733|067668|253377|384858|638069|834119|072364|256562|392798|640404|843878|074037|257097|405975|668676|894675|074356|259872|414317|703954|897221|075430|263497|421006|706515|898338|077241|269609|427954|711328|912304|086935|270058|478627|712705|926111|089496|281316|483750|726226|929805|111550|291923|494870|733185|937154|123872|305480|505629|754334|941330|124680|321698|512054|763641|942827|132215|341652|528251|765794|943540|152229|346588|530904|769325|950507|155537|349703|538263|777286|952154|197338|351806|554182|779577|979750|208031|359981|570696|779987|981529,True,https://myhora.com/lottery/result-16-03-2567.aspx,2024-03-16-BE2567.html
2024-03-01,ผลสลากกินแบ่งรัฐบาล งวดวันที่ 1 มีนาคม 2567,2567,253603,6,382|703,79,253602|253604,,286578|329008|629052|883154|916831,056295|125604|336549|587666|696224|079194|224148|544094|619022|741595,015041|236305|494061|699980|814093|021044|267511|502624|700897|823052|063059|276157|593091|701004|824219|080910|289497|596850|712724|853578|109194|307823|613975|732775|854476|132070|325196|664413|738961|866816|136841|412827|680314|771338|887183|158994|429032|685438|773783|961273|160137|429117|689167|787548|981305|229788|492492|697629|794689|992232,001973|187645|388991|606961|794350|022732|193138|403364|680988|796763|026305|204601|411380|689385|800658|038241|206636|414872|700340|804122|039430|210027|421588|708321|862026|041914|217436|427431|712999|864583|071425|222183|438533|713966|898832|071820|237690|439241|731758|929510|077730|240531|452634|734180|936195|080391|251627|484976|737691|938033|095780|262372|488751|739921|943345|101722|279682|499583|740687|947024|133450|283585|515618|756780|950089|140673|310154|516340|765909|960799|142461|320599|524889|770249|961854|159677|323297|562203|772218|976534|161258|328516|571973|776597|985179|175354|354731|576070|784599|985962|181003|375111|579820|786791|986196|181477|383414|581380|787456|998450,True,https://myhora.com/lottery/result-01-03-2567.aspx,2024-03-01-BE2567.html
2024-02-16,ผลสลากกินแบ่งรัฐบาล งวดวันที่ 16 กุมภาพันธ์ 2567,2567,941395,6,375|587,43,941394|941396,,113367|211823|373681|496441|796338,042623|278597|443451|487983|843088|134889|381382|460139|552114|936126,038359|290149|438338|637827|808757|039220|301175|456575|644916|815554|044458|301276|500392|656500|832234|075236|310055|500829|660302|836608|084081|363420|539332|727557|889033|119756|366476|549309|752257|889886|125127|374357|555748|756050|911101|181834|385067|563369|763978|914215|188306|389775|612090|777366|947702|226954|426909|633434|802581|981752,002860|181917|361557|574692|770386|005617|188188|374810|584252|770452|008370|189393|387206|584863|795971|014671|193192|405171|593124|818287|019328|216166|406936|594938|850980|033577|219226|412996|604482|866426|035736|233423|416655|611073|879546|041950|241143|425681|612374|884007|095789|243949|446339|625515|904426|095947|245048|456150|647570|913543|113391|248303|461672|655079|922417|121121|254855|471303|657274|925375|133453|255988|479387|663612|937938|143793|277050|503711|700313|960902|146868|278567|510381|703034|961609|152190|300048|517656|711151|965175|162860|302352|520537|736154|983366|164740|306001|533774|748606|986008|175113|332488|543667|753804|995054|179639|332689|571133|758573|996047,True,https://myhora.com/lottery/result-16-02-2567.aspx,2024-02-16-BE2567.html
2024-02-01,ผลสลากกินแบ่งรัฐบาล งวดวันที่ 1 กุมภาพันธ์ 2567,2567,607063,6,544|591,09,607062|607064,,166521|376456|779424|808878|851911,053669|113069|535443|678876|772652|087418|516593|545456|697943|831569,011437|185741|426517|572213|737293|030830|198247|430848|587566|783463|037206|206816|471627|609558|804429|058236|226331|477468|634141|826063|068121|254032|491440|644810|854418|090487|255118|515514|656613|873398|093784|275169|520713|676743|880249|117545|331311|538407|685863|901593|156102|377270|547540|693752|914433|166931|421727|569388|703523|974231,018319|228155|415333|689244|806005|068966|235734|428102|697599|806863|077800|237210|428347|707558|816255|102461|253134|486337|709475|821585|102554|253246|506213|712435|827213|105442|260793|524558|736618|831270|112169|273458|534711|740915|835260|121357|277134|550513|742620|850809|133415|286895|573490|743328|860217|134084|292246|610485|746170|876294|135643|295214|612248|753839|883034|138365|300996|615358|757312|896872|146086|318668|628699|762505|901032|157589|323652|628800|763491|903203|175489|330957|638807|782185|949607|179712|337451|645693|787397|953743|183946|347262|645769|788018|960133|226283|371062|673741|791261|962169|227677|374634|674744|792696|976303|227701|400000|675167|803654|990230,True,https://myhora.com/lottery/result-01-02-2567.aspx,2024-02-01-BE2567.html
2024-01-17,ผลสลากกินแบ่งรัฐบาล งวดวันที่ 17 มกราคม 2567,2567,105979,6,196|635,61,105978|105980,,366635|384901|451046|737099|895860,256000|393560|603376|908654|926853|331010|462981|877689|917144|952140,001849|221194|443034|566915|709231|072938|264439|444350|570088|740408|102563|279938|459593|589723|767293|123701|302768|482266|622322|775974|136850|339746|490771|629599|799973|145829|348659|521485|630677|855710|164205|378701|523776|647513|951812|173399|407444|528301|658531|979504|190307|437931|533695|688507|982583|198599|438929|540216|695472|985733,011521|213367|406083|571897|785107|014538|220113|411270|595376|826878|060316|242064|415321|598601|847103|075712|242354|434154|611311|853126|079252|244844|434879|617292|870233|079858|254223|437043|626084|870954|106271|266848|452892|637039|871312|107539|274002|453016|642119|872778|108601|277544|455566|647068|908319|128632|318163|456707|656085|908990|143041|325784|463597|672750|912899|143813|332490|469825|674409|913993|145712|339085|471314|715440|927603|160195|340948|478465|717769|928876|160293|354916|482894|733377|968177|160472|357344|504395|759958|972651|183238|379748|530065|761352|974701|191447|391922|552810|764829|978944|195006|393639|561075|775404|987077|195687|403314|568641|782471|999690,True,https://myhora.com/lottery/result-17-01-2567.aspx,2024-01-17-BE2567.html
2023-12-30,ผลสลากกินแบ่งรัฐบาล งวดวันที่ 30 ธันวาคม 2566,2566,625544,6,456|882,89,625543|625545,,022784|347596|937983|986207|997718,096489|168613|324753|539834|965361|109948|202356|347959|917331|999781,017093|264505|323314|544533|781132|031586|270324|333302|555224|831473|061387|285584|335395|599501|834659|062770|291080|339754|622585|846933|087425|294950|353244|638360|858164|112716|303103|391016|639890|862230|196276|307357|436978|653552|929098|213908|308103|487351|687929|952741|216574|318481|500526|689101|952872|218826|322271|514153|740199|973614,002987|129847|365009|548605|857282|006418|150028|371548|552463|887270|010160|151247|375285|570402|900077|012060|178923|381221|572947|910138|020270|182147|381644|587456|910562|023257|201844|388050|587873|916807|030189|206981|391331|604020|922937|037190|207878|422045|622745|927622|048395|208776|428073|647640|930152|051040|210659|454119|665273|938439|066303|216238|454976|680872|939294|068280|217586|455558|694526|940187|085953|227367|463329|718011|943945|086608|248471|470513|766184|946096|090084|270595|478440|768814|949493|101839|315908|481143|793216|963586|109018|321021|508235|815537|977007|114828|323109|527162|817142|978679|121142|324430|539471|818211|980376|126498|341258|547674|856211|986235,True,https://myhora.com/lottery/result-30-12-2566.aspx,2023-12-30-BE2566.html
2023-12-16,ผลสลากกินแบ่งรัฐบาล งวดวันที่ 16 ธันวาคม 2566,2566,356757,6,584|964,85,356758|356759,,095941|173448|752506|830864|979994,005819|081787|353611|543436|630453|013187|087303|382822|617861|663106,011902|235170|435258|640501|846977|041383|252443|444027|646488|860739|047534|277323|478644|656804|870644|050179|280683|482864|660598|905532|060166|307501|515621|661857|923712|071436|320427|545099|744339|937121|153129|324000|561379|792942|937386|166237|333802|609199|806692|938323|187518|386891|627849|811012|955234|188993|420104|639977|841869|966800,002377|217439|385322|614250|828723|030693|224026|406383|619518|832091|051463|225076|420618|630139|834390|062149|225490|423096|631855|840557|064061|235425|433398|646283|854312|082091|249642|445044|648440|859126|083813|270671|455922|676829|863269|086606|282814|465206|683776|865058|102904|307171|468219|711756|878690|104455|319334|479926|713945|898264|133426|336686|491843|714853|900592|144207|337500|502430|748059|908360|159372|344359|522224|764356|926347|161185|347784|530777|788332|927499|162277|361338|550089|792985|939325|178023|364965|565526|798174|945611|181500|365124|578321|800831|948383|184917|368149|580421|808280|951173|198052|373115|605780|811138|964284|211353|373728|609156|823347|983414,True,https://myhora.com/lottery/result-16-12-2566.aspx,2023-12-16-BE2566.html
2023-12-01,ผลสลากกินแบ่งรัฐบาล งวดวันที่ 1 ธันวาคม 2566,2566,251097,6,092|280,91,251096|251098,,054844|177516|230813|502601|916948,064634|362010|623688|650826|884036|282076|460063|626587|730026|951195,048096|183744|420991|639997|813090|097899|189015|471062|664910|815630|109316|229653|471372|674528|820388|116902|284659|488843|681802|850877|126322|291632|496443|682002|858164|159848|301230|497807|690449|858396|170223|353802|524455|720670|912372|171765|355447|537979|789540|919126|178707|357606|546160|802465|975525|182904|394924|622332|806519|993959,009597|140857|346683|552168|751807|016990|158652|346730|565123|766711|018046|165124|348670|574790|779411|033750|165625|364216|575935|832007|036813|191700|365316|594959|838374|051044|197329|365665|602493|838947|062265|198687|385976|622375|843841|064349|199575|387757|629644|861915|070311|228006|400235|635872|861937|072025|229226|404652|648026|863212|080052|269835|431640|652652|891565|080824|276873|472466|677531|892314|090794|280197|475538|685378|904126|094405|282123|478453|701871|907392|110442|292065|488681|704552|926191|111321|304813|491398|712419|927564|116040|319675|518092|717444|936528|119552|333834|537023|728251|960363|129560|337557|538008|745758|998242|132622|345832|542357|746565|998841,True,https://myhora.com/lottery/result-01-12-2566.aspx,2023-12-01-BE2566.html
2023-11-16,ผลสลากกินแบ่งรัฐบาล งวดวันที่ 16 พฤศจิกายน 2566,2566,557990,6,778|961,14,557989|557991,,053770|090865|294732|814503|890181,301309|512903|638418|788239|923544|509749|572983|687981|793605|992823,026550|215310|341888|519191|764414|056489|229547|370249|520008|770075|099233|247663|388287|553800|793102|102360|273740|399353|570247|814695|103409|283220|408963|586543|816870|133908|291405|410849|663779|893920|141723|304325|448293|688103|899849|170841|311255|464333|691867|920326|180925|320174|481642|742320|921003|210806|337800|514363|760711|973302,002189|232338|408035|623615|840797|023072|249269|415307|630420|844839|026037|263520|430481|636670|863921|036191|266266|464203|640877|865649|043079|270846|466776|642511|879177|056599|278124|470372|669917|880697|057203|281766|488958|670984|881032|067428|296240|501910|673745|914576|083781|309525|509727|686235|923153|101494|326731|511653|707213|930374|106336|332916|516318|721713|940429|110190|335344|536552|723140|940710|112731|344981|553977|732900|942966|129881|369953|556835|743663|943843|130163|378887|568454|744360|971855|149055|382720|570163|748174|977611|150481|385332|570317|754531|982015|178985|386993|571300|778391|984093|201577|391591|595236|822452|991957|214042|405247|609311|828509|994734,True,https://myhora.com/lottery/result-16-11-2566.aspx,2023-11-16-BE2566.html
2023-11-01,ผลสลากกินแบ่งรัฐบาล งวดวันที่ 1 พฤศจิกายน 2566,2566,743951,6,019|349,63,743950|743952,,128241|162345|246290|327432|867548,037046|145208|344560|499524|792711|091401|295363|434783|605523|895622,002011|270028|466056|565298|715262|057149|330856|466363|585010|730787|060081|339925|468859|602110|835006|082690|354676|499762|609844|849936|122047|373332|502460|639584|852737|147221|384292|508401|651940|886794|155383|401664|510980|671863|892805|164666|428811|525891|677952|969188|216717|429047|533855|680057|991029|248062|451511|562118|701714|999847,001099|231792|469782|633603|844135|009621|233107|470851|635563|844945|009866|241220|481883|637674|847284|052713|247897|496065|649749|855118|053322|254594|498602|657988|877072|059751|308590|500847|670691|882961|063528|316782|518951|697447|905712|077848|331268|520928|703217|911630|089061|335145|529519|718443|913184|116566|354638|529930|725736|917985|126208|390232|535948|728929|921639|145050|394341|542860|733970|927051|146673|402846|560624|740833|928505|170607|412840|575153|760809|936338|187280|413163|580103|762991|943163|194685|413783|580556|768482|948724|196529|426001|583385|786176|950382|199165|445846|585348|795278|969131|214551|468521|613450|814108|983068|217474|468940|628117|822694|989657,True,https://myhora.com/lottery/result-01-11-2566.aspx,2023-11-01-BE2566.html
2023-10-16,ผลสลากกินแบ่งรัฐบาล งวดวันที่ 16 ตุลาคม 2566,2566,931446,6,272|970,44,931445|931447,,213640|431314|456735|699570|723720,129501|310729|444778|487467|796880|206593|346472|481230|547106|889472,052817|268457|473286|617064|860008|088290|315985|476681|627125|890589|096432|316481|483150|662473|895128|118732|319415|483805|663504|904095|124623|338541|498689|671986|915624|161063|359746|511546|708401|919117|189336|390200|545882|766021|937109|206456|398721|570843|812922|937619|207566|438137|584203|837579|963042|236117|444561|608753|838092|990694,001438|196440|388570|547155|739475|020518|198343|389370|548493|740246|025426|200184|407555|552669|740568|026759|204586|421170|563076|758304|034126|231971|430637|569267|777327|040939|243369|434164|579121|784182|063006|244062|441242|580049|812848|075315|259608|455190|600676|872959|100975|262754|458002|602851|885420|106822|264437|465370|624669|892681|110160|285107|470261|656902|895323|113947|292266|472910|659934|905013|128054|314202|473915|672030|920238|142430|316996|477804|682789|956981|153392|329310|478551|697498|964361|159965|332266|486459|711500|969200|162371|338537|492183|714395|972813|170539|341238|507098|714879|978816|185813|351203|531940|726264|986059|192730|363893|545508|732630|988630,True,https://myhora.com/lottery/result-16-10-2566.aspx,2023-10-16-BE2566.html
2023-10-01,ผลสลากกินแบ่งรัฐบาล งวดวันที่ 1 ตุลาคม 2566,2566,727202,6,426|615,66,727201|727203,,003965|344794|775634|874994|886318,328132|453635|812253|836683|861486|350895|727320|814366|837669|964504,008322|158841|398314|589484|704716|031805|196108|412158|603196|705034|067381|209484|420210|609375|723638|083279|232175|438173|611767|757583|099556|235836|489388|622209|858741|106431|257738|531317|628290|861628|106922|260050|538638|651528|892374|117579|261477|552255|661022|947937|129221|293601|576357|681310|966556|147090|343218|581949|699194|987503,001111|203632|328771|616608|861113|003892|216612|368516|632683|861928|008607|220117|369539|680491|865815|029281|220194|382819|695453|868392|038207|224030|396769|697104|880286|038725|232005|401226|716158|884646|041588|238665|415795|724057|885649|046100|243457|422798|731663|899198|055868|247175|441842|734891|901564|059343|250785|442807|759468|903196|093763|255164|445906|773094|928433|102331|257065|447318|804899|946973|108961|273673|481368|816272|948218|130612|275746|495202|819263|950419|159217|276420|506176|822638|967262|166090|286771|512936|827532|978814|169456|287291|513147|828122|985215|175356|294742|517458|845193|990430|193144|304049|522797|847936|994527|201199|313680|541546|853715|998781,True,https://myhora.com/lottery/result-01-10-2566.aspx,2023-10-01-BE2566.html
2023-09-16,ผลสลากกินแบ่งรัฐบาล งวดวันที่ 16 กันยายน 2566,2566,320812,6,057|344,46,320813|320813,,037833|150885|174778|190889|631340,028138|085384|370285|451702|964499|067365|356964|442864|458504|989691,060876|326610|594698|773984|887335|071622|337276|641333|790936|925498|081186|341526|652644|797167|928483|106195|342534|661553|803998|928821|157252|348258|701307|805120|951638|183445|384336|707124|826063|961618|187108|442360|709259|850603|971244|241777|561470|713324|864352|975310|292319|569040|714338|870878|982041|292374|580968|751303|878235|993632,033099|245216|426820|595039|803500|052727|249349|427581|625152|829001|054224|253636|438120|633255|829228|074457|255681|439096|634370|833247|080877|257062|442127|641923|859268|095317|257506|447436|647767|870572|113759|274292|464264|656245|892741|121908|277999|476272|662109|893748|123426|287776|478106|676063|905990|145553|326415|486152|704426|907878|151526|330723|523250|717479|908623|166465|339515|527300|725170|911781|176989|345368|550649|751537|937048|204792|353928|551081|755385|947770|217857|354474|553328|769900|948207|223587|377847|554398|780313|948782|226080|382191|562868|781906|951904|233509|382652|564746|781943|965721|237271|418092|581088|783549|966259|239677|422079|584505|793104|985063,True,https://myhora.com/lottery/result-16-09-2566.aspx,2023-09-16-BE2566.html
2023-09-01,ผลสลากกินแบ่งรัฐบาล งวดวันที่ 1 กันยายน 2566,2566,915478,6,291|692,91,915477|915479,,033500|088784|375167|524597|616261,020912|242554|345062|692412|891133|146871|272543|599792|777447|921284,001181|224170|348202|513032|676237|007603|233466|357823|526424|712604|017976|234153|369233|545908|737026|074673|235123|375415|569804|815554|080413|237770|380175|573119|828269|098509|239247|381165|587365|841060|098936|249489|415939|609261|855521|124560|273077|431305|619228|878249|191164|296120|445948|626162|990954|214007|345582|500908|648035|994597,003412|200765|399002|627581|897063|010091|202415|418084|659190|906529|010985|202912|466804|661157|910380|021913|213968|468673|662535|911880|065698|226957|472022|666050|912653|067420|227785|473800|669893|928412|071416|229505|493260|676918|928808|086778|231188|516051|682636|937724|087227|232845|519801|706638|944583|106003|284309|529684|751780|948669|122667|287259|531413|753291|951507|126713|301815|538308|762303|959825|129251|328527|547005|781734|960726|133687|351585|557876|782226|971773|136945|352150|577629|802263|984525|152643|361347|586225|803481|987190|162681|362013|589565|830015|987232|165235|368530|605112|846154|993628|171813|377739|619294|873678|995169|184914|398790|626930|896712|998074,True,https://myhora.com/lottery/result-01-09-2566.aspx,2023-09-01-BE2566.html
2023-08-16,ผลสลากกินแบ่งรัฐบาล งวดวันที่ 16 สิงหาคม 2566,2566,471782,6,737|742,67,471781|471783,,033488|126837|204079|286425|396636,051908|166213|291182|421385|802997|133405|212259|389252|771615|971159,026047|231147|474287|634741|842116|075051|237073|474332|690232|896139|087526|248065|475398|728896|907885|130327|318851|500546|729511|920158|159064|372620|502147|761735|951685|160391|401043|504544|775065|955447|183899|423686|505916|795120|982879|214651|426596|554866|795990|991290|226804|455552|573052|819581|993692|227958|472826|605599|822637|997055,026380|239217|456842|644715|844168|040932|279834|502977|649069|848264|050319|284348|506617|670510|859543|058307|292872|508004|686525|860151|069089|303622|514782|689130|862562|074242|312834|526552|708162|874899|079364|330091|562088|723893|886934|082196|332746|584054|751358|892830|103710|339797|589866|753447|903456|107910|350426|600908|759479|912235|108816|353127|618596|776846|917574|131683|382412|619911|779270|924794|154468|383157|623086|781123|927805|163532|384865|623743|782642|936329|193872|394624|623805|795256|940337|203444|403813|633877|809373|945031|205063|407206|635397|813086|947793|207527|415725|637957|818219|955842|215011|415839|641450|826584|965805|237062|430294|642227|835740|968470,True,https://myhora.com/lottery/result-16-08-2566.aspx,2023-08-16-BE2566.html
2023-07-31,ผลสลากกินแบ่งรัฐบาล งวดวันที่ 31 กรกฎาคม 2566,2566,260453,6,387|601,11,260452|260454,,128994|194025|250535|623291|959841,029361|139635|358514|629167|931311|118369|294907|529386|858896|960666,049259|226812|400984|650454|818175|054599|263081|405409|664298|820899|074484|290329|450255|675501|823802|130409|290492|451511|692432|843179|172044|295217|527144|737982|843920|176866|310705|533880|755529|861684|183774|349848|603034|773467|863682|188597|356351|638131|774413|929294|192502|360131|639225|777915|935255|202460|361169|639240|815134|951438,008314|269199|399899|628055|813597|017698|270331|430276|644101|822456|024784|275985|431082|646351|823562|078356|279283|442853|668385|835158|124743|289338|448746|679520|843812|143767|292530|462184|681691|844885|165819|293384|468326|690322|850645|167403|296910|479889|691841|876255|170101|309802|509945|701473|882918|170711|315579|519433|719008|903416|183764|319102|520896|734830|914419|192529|320502|526644|738616|917144|211858|322641|541331|747049|941570|225420|336968|560398|751235|950243|226137|368079|585420|755198|952752|230780|379989|590829|763623|954430|241279|390701|591013|764728|972353|244052|393723|591174|775078|983074|252582|395293|591285|784868|991396|264726|398365|625652|794896|996214,True,https://myhora.com/lottery/result-31-07-2566.aspx,2023-07-31-BE2566.html
2023-07-16,ผลสลากกินแบ่งรัฐบาล งวดวันที่ 16 กรกฎาคม 2566,2566,169530,6,066|780,62,169529|169531,,092720|359321|629909|645325|662791,140893|272339|774219|838244|880138|191818|304043|801086|878811|950551,002548|204086|332517|599669|761761|015731|227901|357282|630113|799002|029345|228229|359874|635178|810738|040831|233184|402356|648812|837220|051465|240990|409921|670572|855587|064525|251418|460748|675878|860948|067426|255134|492208|696229|955810|074525|260430|532970|702733|965413|099126|267349|534929|709806|986131|201374|288060|546966|758725|993352,004387|251052|491088|732291|895693|009134|263306|493770|749446|903633|011247|275075|531356|760012|907602|041215|300831|541903|771918|911188|053188|305371|559691|788915|917844|054381|317559|562459|791659|924934|096777|318534|564373|798575|945238|097611|323104|568309|801792|953366|105243|324595|603061|803069|953751|129860|335690|603975|804895|968245|137963|336169|613722|806275|980328|139497|353740|614915|809056|981988|146308|362259|616015|810129|982496|150223|407311|626517|820474|983907|163286|415301|658401|843694|984802|173357|415406|682142|846384|987160|210823|430921|689159|850256|988293|214717|459558|696615|863691|994677|227244|460920|716165|876745|996199|242421|477333|726148|889050|999285,True,https://myhora.com/lottery/result-16-07-2566.aspx,2023-07-16-BE2566.html
2023-07-01,ผลสลากกินแบ่งรัฐบาล งวดวันที่ 1 กรกฎาคม 2566,2566,922605,6,491|947,16,922604|922606,,196298|210620|450255|493304|740515,049807|080234|305127|644156|834144|056889|159725|554714|741421|848916,007973|274265|494036|623706|791713|011638|308637|497647|655436|793219|032672|334885|504541|668740|816405|058360|354757|512296|689174|822360|082186|386159|512341|693515|868378|128080|411687|517668|703113|868449|170713|414423|565159|715480|894570|200754|430139|574416|723028|926020|233411|450795|587428|755271|963212|257308|482292|598509|757306|987332,035115|241474|483700|689156|834218|054817|256185|508115|695539|836888|056903|259262|518671|701592|845317|078857|270562|529362|732106|853265|091056|274418|534832|733497|853965|102075|275367|547543|738571|871650|112085|289301|550446|741755|878252|113693|305102|550605|746178|907674|121498|315842|595031|750415|930148|129861|343465|595926|751311|931538|133066|358087|604398|753801|931900|150405|366759|608068|760821|938790|171664|416106|608808|764661|949173|178149|444385|652585|776437|950872|184672|452674|657290|799704|957080|195161|454286|658598|804530|958972|220118|455849|664301|821645|965446|234886|460480|667273|826787|967516|238166|477191|673435|828112|967573|240491|481513|674862|830059|996936,True,https://myhora.com/lottery/result-01-07-2566.aspx,2023-07-01-BE2566.html
2023-06-16,ผลสลากกินแบ่งรัฐบาล งวดวันที่ 16 มิถุนายน 2566,2566,264872,6,202|874,30,264871|264873,,011040|105603|297899|374808|786981,106523|366764|473403|644456|794962|172552|440923|530337|649698|961333,002003|224783|452245|680258|881526|003225|266734|476194|722727|886149|024897|325482|520504|729539|886665|026477|329523|547952|762736|899824|026519|331073|587657|787619|903814|052694|376617|613991|789704|920322|115643|387940|615394|789945|922553|153983|411119|640342|817837|938134|160523|444201|644923|819445|939525|169407|446774|665313|870229|965027,008599|257059|449015|642460|843753|016127|257498|449452|668083|847065|034476|294995|467303|671265|852137|058579|305652|490147|703922|856923|077615|316061|504195|720895|867480|087299|335088|539435|737729|875422|103681|339394|545678|740148|879026|105188|360430|552540|750728|893633|116399|371696|563155|750980|911888|124263|376700|564823|755597|915182|132493|382269|580660|758526|921683|163973|390518|608004|762583|925858|173639|393824|611510|766541|938971|204389|401238|616885|770034|953616|217990|410668|619223|776386|971160|218727|425232|623002|788344|971709|225932|434754|623726|799819|977346|244451|441479|624293|813434|978932|245708|445327|628040|831561|985622|253052|447859|635468|843328|988284,True,https://myhora.com/lottery/result-16-06-2566.aspx,2023-06-16-BE2566.html
2023-06-01,ผลสลากกินแบ่งรัฐบาล งวดวันที่ 1 มิถุนายน 2566,2566,125272,6,386|971,09,125271|125273,,340553|597186|707653|787470|912776,078901|220833|253060|475493|911234|164934|238972|280764|506665|965960,003705|239713|378856|563404|773614|013625|240063|398807|623985|780151|092739|262947|422511|630878|790960|117443|273458|436208|639469|833083|152293|291011|437161|649340|839743|153014|322029|479523|664347|882616|153288|325713|486197|731331|893603|169765|353321|492690|735153|928712|179447|361937|509306|743407|944981|210982|363239|526626|762968|957846,002674|278148|449568|648806|875926|015044|288299|463962|662172|877499|034745|295024|466204|683942|883876|038320|299246|468885|707857|884668|039039|301977|486390|711420|889306|065373|306888|508377|720429|890071|083748|319417|513987|725146|916022|092827|322558|525174|740279|934699|108626|339407|530162|744587|936535|117064|360964|545146|757168|944683|125776|369179|575251|758165|953793|159272|373699|584231|766703|961877|181553|380792|593482|779050|964532|204974|388708|606711|796078|977237|218959|401844|612611|798068|978371|235859|421558|620208|811046|980360|244640|428103|627840|824550|985072|245750|441385|635452|825510|985783|259745|444723|647668|845053|986026|263692|445859|648386|871296|996981,True,https://myhora.com/lottery/result-01-06-2566.aspx,2023-06-01-BE2566.html
2023-05-16,ผลสลากกินแบ่งรัฐบาล งวดวันที่ 16 พฤษภาคม 2566,2566,132903,6,693|731,99,132902|132904,,083077|300976|427100|510756|747642,026942|173241|374992|639169|876843|128332|175307|414237|847382|884495,002671|220691|361104|490215|618345|008021|222628|381497|507089|632215|010552|228078|392024|510054|646765|024258|228528|397097|517796|675184|034221|256260|454788|544028|690965|089696|264073|459865|545118|734006|108587|271834|462958|557274|892598|158845|313915|463316|569114|938979|174430|322987|468645|582480|957280|183045|344211|477647|603015|995553,003428|161401|313850|531686|787295|007603|164739|318352|547216|801805|011600|169773|334596|557734|849821|021438|173410|354237|566999|849959|043119|179970|356763|590453|851973|053940|204827|361806|604498|859579|070317|207282|366507|607696|869237|072400|208472|376600|634681|872712|099179|208805|380819|643894|878023|106908|218566|381731|656288|887987|115548|233479|415332|683300|895341|116900|245701|417148|698033|900793|118952|254395|420945|700725|909251|124845|257736|428800|707638|917019|125037|289400|449348|712815|927300|126282|290683|467912|735905|942699|128038|296652|500488|742458|949536|144162|305512|508624|779658|952904|147853|306168|528191|779728|962696|148144|311729|528229|780587|964788,True,https://myhora.com/lottery/result-16-05-2566.aspx,2023-05-16-BE2566.html
2023-05-02,ผลสลากกินแบ่งรัฐบาล งวดวันที่ 2 พฤษภาคม 2566,2566,843019,6,187|269,65,843018|843020,,106873|137763|450968|495632|690267,094136|269824|281098|895374|940146|109224|275455|699989|901452|953884,004418|243788|418596|566833|781061|040039|255869|445518|580096|791360|065311|272006|446662|628888|801268|136323|283178|449626|631946|820160|155542|303577|451416|636567|831218|158681|329912|467573|734786|858108|200344|343087|500630|738140|859329|210190|395383|508105|738279|917988|220959|403767|542515|756969|958017|239453|407163|552008|760553|982981,004244|188310|353597|500807|716793|015257|199662|354494|504046|733985|022102|203183|359996|511421|739569|023867|230057|363312|513318|761833|028642|232571|376328|544558|779304|069344|242320|408269|548581|781078|082983|247380|410709|583095|802208|097424|264870|411895|589583|803949|101893|276523|419916|592768|809694|125834|286856|423484|614749|883666|130300|293928|428771|619736|883817|139750|296775|431250|626659|893319|154754|305737|431600|655162|900533|163373|309592|453865|660384|909863|165361|315183|465408|660750|917660|167935|318007|473667|667854|942867|169522|321881|480487|675062|964418|174389|347268|488367|675679|965361|178846|347620|490620|684266|985734|182148|350613|492002|688775|997476,True,https://myhora.com/lottery/result-02-05-2566.aspx,2023-05-02-BE2566.html
2023-04-16,ผลสลากกินแบ่งรัฐบาล งวดวันที่ 16 เมษายน 2566,2566,984906,6,551|797,71,984905|984907,,059528|225573|271672|707243|845926,095004|122374|413401|587022|759215|110640|144166|494400|756950|996511,015780|227295|405821|539280|706674|031171|255576|436222|541295|738692|033645|270800|473034|555606|752902|053752|272180|475445|615395|759403|056498|281242|482237|615652|761125|114749|285125|484712|640337|790265|116756|293007|489970|649906|822023|137614|311303|499201|696078|931368|151988|361620|511258|701134|939361|207440|366210|522818|704855|984802,003469|245875|440114|615242|822313|012410|249159|455560|618287|822861|014111|258022|464518|648773|829653|015179|259145|467408|651176|837253|027562|262017|469148|653059|853835|040244|267906|486640|655271|856155|047128|269699|489175|657925|857735|056980|290088|519011|672041|871052|065323|305228|522039|684115|872934|080406|305459|536354|685501|888639|092057|311824|537824|701717|889837|099334|330175|555294|706120|908100|101917|336224|557282|708014|908317|124069|336921|557726|734201|914025|130756|355688|562066|738142|959864|149548|369131|562781|776211|960770|169360|381427|563383|800774|965993|179849|394023|563797|801708|967068|183391|394997|569596|810587|979575|197588|433547|594874|815223|996324,True,https://myhora.com/lottery/result-16-04-2566.aspx,2023-04-16-BE2566.html
2023-04-01,ผลสลากกินแบ่งรัฐบาล งวดวันที่ 1 เมษายน 2566,2566,087907,6,290|698,99,087906|087908,,108675|196954|250149|309743|805914,038539|212379|352585|529206|715548|107827|316883|362424|551768|769712,035885|214808|378089|581827|749558|056080|219843|387188|597800|760291|060689|224219|399332|615972|773341|079640|233961|426109|618938|776468|137670|240022|445688|620544|778250|141530|282700|446793|629482|798449|155329|286399|461495|691942|832248|179111|289055|471524|695871|912239|200071|316115|495593|723169|914923|200760|319181|520212|731192|925280,006519|202603|351838|553533|756586|009898|228794|351946|575464|759967|010376|229106|353376|578532|763652|014290|243494|353513|585525|789207|014589|243870|354120|588729|791255|018117|244277|354986|593198|794147|044610|254155|390637|593908|806594|058231|254451|404061|608709|808721|068624|264393|415662|613522|812122|092653|271902|441625|616981|858303|096227|276878|448756|619846|869884|108849|295474|453902|646796|905388|110138|297612|456828|654070|920401|136409|303362|492817|684959|920414|136889|318054|495859|689647|924716|141406|329146|521547|699554|946395|156691|336620|525829|705018|968357|173884|346718|526829|709284|971294|174755|347094|528850|751782|987629|198655|348838|531959|756310|990976,True,https://myhora.com/lottery/result-01-04-2566.aspx,2023-04-01-BE2566.html
2023-03-16,ผลสลากกินแบ่งรัฐบาล งวดวันที่ 16 มีนาคม 2566,2566,025873,6,355|544,73,025872|025874,,153108|478174|534266|697347|775836,029107|361344|496567|744136|969765|360478|430702|613950|879269|971489,006622|281278|487534|638548|834288|014346|306801|515287|664164|848545|027196|314757|529065|665041|869588|120788|327885|563671|671298|871068|128100|338367|564687|676443|890879|169176|344109|582282|679146|908204|173077|415660|587705|699622|934399|175353|419505|593044|702114|952379|184409|440471|623564|717278|957812|231343|472752|635115|787565|998001,008238|202019|396555|563104|777103|009228|231230|422111|574921|850542|010633|262670|423650|582180|856565|014579|286330|432116|583034|880589|034858|287953|436715|592595|897677|043645|321556|439558|596665|901050|064617|328855|450343|611817|915645|070828|333159|470638|616929|917641|073953|339852|473355|629103|918761|078308|342488|496237|634249|920512|094021|344024|497766|641170|954337|102340|345826|501719|646339|957043|128642|349221|503278|664385|959565|131730|363601|517387|686936|979370|152814|364811|520275|691253|983082|177231|367856|523046|694975|983535|182055|372638|538630|706166|984364|188737|382879|541313|724264|985000|198197|393454|544919|728118|985828|199578|393750|551468|773198|988180,True,https://myhora.com/lottery/result-16-03-2566.aspx,2023-03-16-BE2566.html
2023-03-01,ผลสลากกินแบ่งรัฐบาล งวดวันที่ 1 มีนาคม 2566,2566,417652,6,748|984,55,417651|417653,,024604|099227|427219|498462|665106,121311|218464|617816|681403|869111|170533|426767|660926|759727|959652,151317|271844|413738|657260|846129|174923|274081|419942|696482|899425|198033|277981|462429|701855|922107|199386|296067|509922|735802|923383|210176|312150|511901|745875|927501|244439|316965|520464|770467|952854|245900|331405|526312|800978|957925|248306|338822|592890|810220|965793|256258|365393|614991|818967|980781|265721|413072|657098|822350|992708,016249|207704|398686|632198|840700|024522|219347|415434|642733|850381|028933|222429|420298|650225|857858|040767|222633|431007|656171|861160|041855|236875|442219|686128|864612|054675|247365|456607|691446|887058|061732|252287|466910|692135|903781|067257|255899|474312|693441|914810|068469|297982|480624|700941|917588|074212|305066|486618|719391|923197|109323|306694|493708|729033|936853|132211|316125|504824|735241|939220|142069|343745|507015|766375|942908|150256|350343|533008|770254|943667|157181|355854|539563|772529|949994|170837|380695|543234|777986|956022|177245|380857|551960|808403|966383|178986|388136|566144|809832|970936|186066|390666|596212|819948|973360|199913|396183|631747|820963|995430,True,https://myhora.com/lottery/result-01-03-2566.aspx,2023-03-01-BE2566.html
2023-02-16,ผลสลากกินแบ่งรัฐบาล งวดวันที่ 16 กุมภาพันธ์ 2566,2566,590417,6,377|523,80,590416|590418,,194178|198636|398000|486898|767596,053182|239780|354114|448184|667130|152943|304884|411018|531769|709265,006361|120673|450558|614111|748524|008973|121618|458524|622384|766816|039828|186098|503513|631802|807392|051049|205102|511459|634256|860773|056437|222244|551466|637017|905891|060482|228329|555704|644921|913793|078519|326271|569087|662886|931295|095387|421297|575768|673690|941783|112830|435634|603000|689786|960621|114306|448407|607573|709631|989415,003361|180079|399445|616456|789237|020005|192976|416509|625447|798943|023570|207265|418550|641132|803331|034018|219087|419108|655315|835812|067215|224667|419785|666125|839499|070117|231807|432748|676930|857320|093377|236824|441788|683759|865374|094537|243276|460957|689160|867191|099930|267834|471635|713383|890846|105962|270789|480728|715654|897922|123176|283774|486748|724435|905563|127779|296076|495110|725408|912665|135213|301697|526384|731197|918029|142403|309313|530904|737252|933813|149507|327988|537331|751284|947849|160574|332932|558307|759719|951377|161145|336982|580378|763762|956970|162166|373433|599519|781395|960368|169421|387599|603729|782374|963875|178406|391597|613500|786560|987895,True,https://myhora.com/lottery/result-16-02-2566.aspx,2023-02-16-BE2566.html
2023-02-01,ผลสลากกินแบ่งรัฐบาล งวดวันที่ 1 กุมภาพันธ์ 2566,2566,297411,6,101|664,92,297410|297412,,229120|589702|670839|677223|679028,005369|378121|499020|577584|706595|191302|417970|519329|697581|929824,037216|195934|379913|643114|806066|044954|213697|383249|645102|882283|046100|243955|495937|655501|886533|060317|248572|496219|662089|889416|060608|283645|529815|667047|907553|098927|293331|534905|671473|908339|123983|294059|551664|698684|932774|125367|314196|563230|700996|948978|154752|316147|591320|793150|964283|156539|377086|612865|795997|992211,004724|191104|500828|643031|831534|024078|192205|505813|657618|838618|032110|213354|511194|660304|846202|032629|253253|527586|671700|867845|045161|254872|532896|677452|872163|048819|263926|533990|679029|897541|059266|277896|534651|684318|902917|072434|297247|546671|701708|908162|107517|307139|550530|703694|918730|126694|321869|552040|706471|922367|129809|336076|555578|729368|933622|129984|337953|566972|747231|939479|145232|354817|574769|765870|941717|152329|387380|578280|802625|949002|154013|414870|580035|808815|950875|158835|428390|594922|812266|951529|162559|447400|619806|816115|963744|166433|450581|621186|816485|969351|173419|459126|625669|821659|987355|187760|498332|642196|825390|999180,True,https://myhora.com/lottery/result-01-02-2566.aspx,2023-02-01-BE2566.html
2023-01-17,ผลสลากกินแบ่งรัฐบาล งวดวันที่ 17 มกราคม 2566,2566,812519,6,564|849,47,812518|812520,,079167|245452|473996|710821|982005,016019|193365|223633|486746|672221|093556|219488|391246|606241|962293,021948|198417|334712|532531|800800|084117|216869|359272|547462|818874|085492|224077|376006|556831|852102|119601|230625|390256|600254|897628|123868|234033|409719|603865|904899|128019|280517|411805|604010|927346|136717|283175|452602|677838|938995|152365|284395|458172|701788|943654|167502|321824|515227|770793|997406|169006|334100|517066|791372|999098,003082|194752|433199|662448|821798|006565|198360|473681|667254|835628|007012|207700|487472|675684|840762|026553|251602|495997|694125|842418|033303|252141|503914|697236|858298|036338|258767|512578|705554|859158|047991|259788|518350|706203|874505|082959|268352|533411|711581|884952|086998|287581|544372|711818|892078|101686|288641|553840|713308|902558|107773|318520|561791|718968|905976|108442|323565|579032|722213|908165|109102|328061|587489|739593|915890|153585|363174|590430|744978|917491|163811|370839|597855|748852|921114|167763|383048|601609|771236|921134|170598|388041|618441|782563|927934|177995|390587|637482|804268|955939|187304|398107|644752|805123|956840|191032|401528|658015|807128|973695,True,https://myhora.com/lottery/result-17-01-2566.aspx,2023-01-17-BE2566.html
2022-12-30,ผลสลากกินแบ่งรัฐบาล งวดวันที่ 30 ธันวาคม 2565,2565,157196,6,250|425,58,157195|157197,,271678|288465|444103|485325|725586,234765|373542|432758|708082|870035|355904|374892|585874|732867|890677,012967|092710|371943|596179|832061|022381|125587|376855|642680|847657|028215|147260|391570|668658|854854|034471|160784|393084|709050|887429|054213|174761|408084|721824|932063|061991|202309|456884|777952|942187|070725|274416|475991|814379|947476|072181|309704|480958|819518|976090|073425|339008|511200|827556|983572|086703|368078|552069|829573|984086,002466|198692|418540|582293|791644|006597|198950|421833|597288|794151|010660|202204|422760|606427|813643|013451|212488|437660|611680|830478|027561|216734|442922|614595|835023|031169|218853|449280|615540|837564|038558|248699|467589|620521|862046|102343|259069|470228|622406|879904|113554|300855|470712|629502|881853|115749|304458|488169|658107|884038|126444|328861|497357|695183|886737|132149|329764|504713|697876|909199|134204|343117|505262|706513|919337|134323|345701|516191|711572|923961|136888|354446|549157|715000|937388|147966|359088|559055|742490|948630|175533|367591|561800|767597|955809|181417|379342|563534|769376|958883|181597|380192|564618|771480|968983|197926|408005|570114|779939|987040,True,https://myhora.com/lottery/result-30-12-2565.aspx,2022-12-30-BE2565.html
2022-12-16,ผลสลากกินแบ่งรัฐบาล งวดวันที่ 16 ธันวาคม 2565,2565,845093,6,593|855,14,845092|845094,,053755|119200|394277|558698|824349,014825|065804|163252|377459|440531|041466|148161|202310|397141|790845,021980|154446|434217|609121|802102|030760|177764|465013|654013|842234|032434|183549|467084|655170|855733|036691|200596|563320|658597|876691|049250|274656|569382|663056|880266|067981|279661|569924|709254|927289|093034|321796|594969|756198|946313|110950|324455|596764|763839|953789|115331|393392|606094|774657|953872|121150|393936|608666|799205|959832,009820|175334|402370|605892|842312|027106|176656|407265|618809|844255|034811|185806|414418|621397|857862|049588|187951|428924|649512|859458|067688|193309|468530|651172|865496|069529|203366|470355|676607|866171|075137|226596|479908|690140|868541|097218|241569|487231|714732|881631|105058|252787|487566|724784|899652|108391|257723|499840|725545|900856|118289|260515|516753|743912|904999|126259|277696|521876|748472|912090|133675|293649|546904|752941|921083|137949|298464|572459|754690|963536|144862|308618|575946|766175|964605|146151|342258|578661|772520|971010|158769|342938|579121|791910|972807|159251|357688|582899|797926|973429|165574|385319|593832|832262|983136|174555|386804|599015|836081|995132,True,https://myhora.com/lottery/result-16-12-2565.aspx,2022-12-16-BE2565.html
2022-12-01,ผลสลากกินแบ่งรัฐบาล งวดวันที่ 1 ธันวาคม 2565,2565,375805,6,409|421,08,375804|375806,,015298|467461|666296|788446|949211,119978|308456|384013|618023|907757|153544|323961|454626|863969|955144,035474|235247|515767|699852|871163|044654|280480|539814|713945|874113|060494|284999|561625|716810|883708|066199|302853|581843|748769|885598|116537|328427|623657|764804|889769|122676|346710|637324|787792|900104|189690|367913|658802|808187|942765|223729|460666|669750|816065|989019|228707|477026|693317|826075|989198|234156|505400|693753|843290|996887,001473|219913|376278|538784|760903|004363|220598|387768|568519|779785|019002|224698|387856|601850|807572|037566|234512|404307|606250|810881|066700|246624|425093|623498|824566|067664|252873|430089|633976|845734|075576|268944|434698|637537|847970|080831|269283|442519|654674|870565|095153|286576|467535|659650|872752|096975|288969|469340|681260|887865|100094|291344|475892|682824|891459|105351|312552|475905|687858|909981|126526|320228|478092|691642|910354|139443|333117|488888|695556|912615|170891|339300|492363|701374|916395|193176|342490|497239|707752|920812|206121|353825|506069|722421|926623|209651|354451|511420|723770|943097|211485|367524|520680|753096|953344|218497|369946|525118|760414|994442,True,https://myhora.com/lottery/result-01-12-2565.aspx,2022-12-01-BE2565.html
2022-11-16,ผลสลากกินแบ่งรัฐบาล งวดวันที่ 16 พฤศจิกายน 2565,2565,121789,6,157|973,64,121788|121790,,125017|197053|411555|621436|703002,052215|301698|469366|630924|956039|198545|304120|613417|713561|980427,025592|217636|486263|644098|866525|104959|275184|492829|653770|868379|106624|302157|493208|677985|902174|113099|367098|505586|687433|902601|121985|387128|528788|701999|904448|136951|415900|566278|708635|911894|154965|424904|591631|717939|932007|157476|425719|600876|740559|937730|164116|452224|601796|787474|964011|193996|463134|606763|828137|985121,001289|123862|390229|610626|830765|008715|123907|390774|617059|834427|010839|138338|399302|640997|849272|036469|172044|399778|669848|862243|037854|174202|416682|675566|870981|039527|190922|420687|678338|878564|040877|239806|445488|691044|883687|047967|254226|456339|696699|885341|059735|255877|464192|726275|889881|060594|257408|464696|731959|894974|065278|262518|470045|736064|895843|070757|281789|486615|737966|906254|089842|290762|510270|740874|908231|092853|292388|511164|765977|910365|094037|298048|526419|788343|923067|094166|302580|535952|807752|954331|100096|352309|551345|809790|972083|100732|354277|560673|812583|984564|120351|354943|560833|813282|995515|121617|358203|599088|817955|996546,True,https://myhora.com/lottery/result-16-11-2565.aspx,2022-11-16-BE2565.html
2022-11-01,ผลสลากกินแบ่งรัฐบาล งวดวันที่ 1 พฤศจิกายน 2565,2565,913106,6,343|922,70,913105|913107,,000698|241203|326201|597127|720822,130058|568483|685393|736123|828112|445816|673045|699517|817045|927626,004398|279275|487498|725552|846959|018155|349403|500093|751210|852951|019978|361664|513364|765799|857929|022328|401645|531171|777343|878116|050305|408052|585406|782115|880635|087247|417233|593341|790442|881626|091849|440875|593871|810991|923884|153515|440902|634922|814642|958673|229695|473031|644608|829896|987350|244430|479601|710611|830407|992135,027676|246107|471605|612465|772285|054984|248195|477200|628767|773874|057301|258793|480088|635069|775747|068021|276641|481628|647858|795725|070100|279938|489517|652587|811087|071823|307452|494514|660460|812420|075124|313494|499727|667333|813693|085256|326648|503713|667572|837691|089397|328804|507465|673439|850968|120600|335997|510554|673615|851899|142621|339087|519388|680955|888100|158085|348736|521448|689076|903906|170732|363611|531940|700635|905645|171590|374060|531976|703670|916208|203605|387379|553990|716110|945835|209216|399463|563612|728035|946488|217690|438202|566827|728631|964500|218569|452709|570552|731108|969544|223976|456070|597918|754176|983916|238108|466480|599482|771886|987286,True,https://myhora.com/lottery/result-01-11-2565.aspx,2022-11-01-BE2565.html
2022-10-16,ผลสลากกินแบ่งรัฐบาล งวดวันที่ 16 ตุลาคม 2565,2565,613106,6,606|799,15,613105|613107,,260581|303154|411888|430003|727090,001926|065191|216778|390254|725622|038740|141416|356729|572018|889760,002873|142660|247829|570791|795254|022021|150942|256461|585069|842415|046439|158338|264433|595563|846032|064881|166240|277305|601662|846114|068184|171128|308364|615139|872091|071002|179944|417107|624517|874255|095309|204857|435910|723424|912581|103351|225950|463364|757204|947889|114275|230556|500692|766026|953471|130950|237460|539167|781029|972674,000532|144979|356606|560858|776674|005978|152625|361424|561637|777191|017028|158543|361839|566496|778290|018210|168401|369947|568704|788861|018817|185542|403745|570154|791627|020260|188555|414259|580799|803937|034051|226266|415288|582788|819789|035975|228534|418683|587843|829628|038134|237559|423438|592838|849527|056544|255315|423648|618490|851247|061996|258462|424074|661394|863066|066003|266244|429397|661826|865524|072603|266672|442276|671027|866698|076413|274035|445795|679757|869803|118754|278098|454029|700104|870030|119159|294797|469250|725397|909641|121056|340168|492699|730875|951553|124517|342794|505556|734701|951925|132549|350850|519629|751505|952550|139573|351175|552333|769683|964474,True,https://myhora.com/lottery/result-16-10-2565.aspx,2022-10-16-BE2565.html
2022-10-01,ผลสลากกินแบ่งรัฐบาล งวดวันที่ 1 ตุลาคม 2565,2565,484669,6,194|278,50,484668|484670,,086250|368765|514029|887120|954205,046664|222817|548651|693280|719678|054843|230257|559043|710308|758205,006636|245423|421805|556952|726067|039088|259216|422145|561919|736202|049945|299368|431175|576773|762625|067206|330123|444448|588651|794872|068219|357464|458811|609268|835373|070342|377133|471562|614292|850767|095055|396894|501973|629353|861215|095583|401131|520325|666127|884296|101824|415143|520723|690339|912266|140715|415544|547201|702673|979450,001112|284966|473253|673045|811025|012413|290988|490770|683420|821250|020911|299066|491638|692336|822536|046365|304219|492482|701685|829741|073396|315272|498161|704280|846431|080695|321527|505493|705022|857020|083500|361739|510920|709718|862273|086433|375851|523153|730560|863617|097665|377646|536435|732091|871422|105991|388236|541791|733902|874763|124505|396028|552043|744080|877258|127906|403991|568587|766536|881338|133877|411604|577121|768114|882588|141072|414989|582013|768430|898887|153664|432141|601600|769993|924165|200150|433205|608134|770883|932469|236756|433720|625486|784182|972900|239502|445334|628336|784650|989306|245206|452740|655085|802433|990387|283304|465042|659029|807466|999717,True,https://myhora.com/lottery/result-01-10-2565.aspx,2022-10-01-BE2565.html
2022-09-16,ผลสลากกินแบ่งรัฐบาล งวดวันที่ 16 กันยายน 2565,2565,943703,6,432|631,75,943702|943704,,524402|599739|662155|831445|840903,025784|284562|633734|786358|864894|073845|345850|653688|786424|910914,003562|287698|448406|616944|799119|005556|313896|461196|621876|812438|037200|335309|493166|637175|837242|051892|353842|538015|642401|884470|091224|367943|548364|674166|901603|106028|368641|548470|723194|914828|162000|412343|578124|756801|916293|173372|412786|590429|766812|926060|202087|413152|594812|771504|946334|210333|418886|605126|783205|966029,011135|180341|405484|563399|789095|020417|181601|406324|565277|819070|024708|186904|412353|590195|827494|030773|203922|419214|615219|827990|030934|211779|425898|620751|853866|031333|222281|435058|636481|856929|036208|238081|443537|639292|884616|041062|239720|484809|652622|890468|059454|245112|485235|654387|909016|085412|253280|491223|701408|923627|094757|263486|498022|714356|924271|116446|278874|498198|719529|943033|116979|293650|509413|739052|945935|132074|304044|512532|754091|951089|141701|327827|524525|756379|952516|143595|349649|528060|758133|965788|164502|363747|535720|765335|976907|170236|378239|543218|774403|984674|171379|393838|543830|777255|986413|172300|399896|549871|778697|988303,True,https://myhora.com/lottery/result-16-09-2565.aspx,2022-09-16-BE2565.html
2022-09-01,ผลสลากกินแบ่งรัฐบาล งวดวันที่ 1 กันยายน 2565,2565,929332,6,210|604,83,929331|929333,,235821|270269|603379|667053|774667,021821|233499|390850|646053|810707|184051|287894|438365|762645|897796,001441|207962|353430|726735|877064|007482|222354|409008|746794|896705|056830|232580|413609|754604|926243|069584|241785|415650|758455|946532|081675|243268|550993|770442|948092|131327|255952|565190|787369|957112|138823|283294|585743|796702|964406|151207|296111|626928|803192|968128|152969|297469|656428|867305|985290|183337|336559|698315|874966|992826,006683|214951|425119|566876|790308|011754|215207|445297|575275|791436|022080|221600|450490|601325|803583|033223|232018|457030|613216|807112|038608|243819|459166|628008|825507|045331|255003|463530|628928|856786|045483|290458|469842|630818|859688|065450|307834|485318|648566|868310|083420|309005|488438|651997|873847|094652|320209|488874|656175|905740|099431|329971|508694|664533|917209|128257|334750|521447|691403|925597|150533|353298|522967|700530|929721|159951|353889|529800|700598|938055|160220|361189|531493|707792|953469|169513|380378|545092|718950|954545|200943|380493|553986|743345|955752|204040|383016|554086|756477|961601|205666|385576|564804|764464|975871|213363|403240|565818|788244|979742,True,https://myhora.com/lottery/result-01-09-2565.aspx,2022-09-01-BE2565.html
2022-08-16,ผลสลากกินแบ่งรัฐบาล งวดวันที่ 16 สิงหาคม 2565,2565,331583,6,284|876,42,331582|331584,,233889|347093|662575|850174|894743,056715|332318|667902|791653|919628|195102|583985|769380|828034|995937,038790|265636|463138|626610|777531|060100|284066|470333|689582|825602|074087|312199|471605|689874|863356|092819|324468|539734|714570|878290|157616|327274|559458|723751|925846|169843|352930|571917|739340|939680|171935|370075|576306|743854|951027|215913|410879|585959|748010|968161|217037|423727|602293|750539|970520|232528|433888|625611|768118|974438,002100|257219|498556|649350|821507|013114|295954|498876|654817|834591|030081|297381|508896|655798|834814|036808|313867|528652|672071|836186|067380|327931|542016|676974|851467|075658|329648|542966|679802|853809|081711|333792|547323|690523|866528|084418|334733|550990|710952|885277|101353|342954|565449|713532|888080|107006|365862|567190|719310|888513|110390|401276|571489|721309|896084|148249|415456|577110|723870|914629|164228|427982|599316|739572|915827|181289|434886|607017|743558|918188|197190|449507|618299|751384|922702|199580|456289|625882|765053|927255|206853|467604|625925|784651|944817|217670|471847|626329|791532|957563|243161|487818|628511|800598|972857|245415|489295|632228|802107|973639,True,https://myhora.com/lottery/result-16-08-2565.aspx,2022-08-16-BE2565.html
2022-08-01,ผลสลากกินแบ่งรัฐบาล งวดวันที่ 1 สิงหาคม 2565,2565,436594,6,282|447,14,436593|436595,,049364|084971|285563|396501|502412,043691|242496|575619|666926|896753|166270|422058|662884|853019|996939,011052|263978|400877|539598|719971|051550|267790|403115|550340|799229|098790|278267|450860|567966|811661|124121|293437|451697|610343|816411|144105|306091|451966|646531|845036|181516|327644|491669|651710|917404|200726|345541|502070|671874|927245|223796|355409|511577|675634|957886|235563|383689|513197|691190|966337|240354|398596|525227|696914|991993,004758|156252|312724|571174|758499|006954|166929|319735|571222|761545|007464|169194|321889|581874|787212|028671|192145|328183|581954|798548|029793|193683|345587|613293|800417|033687|198703|358839|622693|801225|041233|206095|361660|623231|806157|047113|208198|378959|665460|847630|059236|219615|379191|668067|849785|063875|229529|399645|668528|865020|075960|234349|426761|687291|871886|088082|236234|438861|690182|878866|091833|239819|445118|694967|896268|096228|253367|477473|695414|904680|110635|259049|482629|697291|923777|116886|282906|505423|714242|944523|124285|286524|506857|715135|956187|127449|292486|528438|737379|961523|144481|296893|545548|743359|974474|155735|301244|564651|748921|990959,True,https://myhora.com/lottery/result-01-08-2565.aspx,2022-08-01-BE2565.html
2022-07-16,ผลสลากกินแบ่งรัฐบาล งวดวันที่ 16 กรกฎาคม 2565,2565,620405,6,061|279,53,620404|620406,,056789|303189|515956|586271|607476,056712|170171|281032|350025|627854|075824|261874|313054|567109|988478,008252|244457|390886|512280|617448|016074|247675|394170|528492|687242|029830|265815|395828|539103|757410|045286|272588|439836|540981|765593|046831|314470|453182|549126|860215|058946|324725|470952|572405|875007|060264|345779|477243|580041|875507|093016|357785|497791|581419|887660|100579|362527|503329|587399|901089|160655|366277|504781|608529|944484,016572|150457|419681|634770|846098|018146|189596|421047|674568|848068|019627|189780|421210|674948|863487|039719|226658|421721|694772|867774|047765|234905|437056|705180|869671|052999|237827|446952|705753|875688|054629|238633|447113|709209|877696|059501|242139|465036|724818|879805|067000|248447|465769|729920|886700|079043|264670|479584|739497|893943|085221|296131|501643|746693|906732|099028|315493|523657|750081|906873|110315|323161|529279|778808|922481|117125|351356|530582|807141|926074|124128|362267|533396|808930|945782|128865|362296|553416|810102|946408|131914|363331|559402|824142|966507|132335|380639|573262|827372|977959|136511|392720|580027|831016|979341|137500|412912|601367|839721|994517,True,https://myhora.com/lottery/result-16-07-2565.aspx,2022-07-16-BE2565.html
2022-07-01,ผลสลากกินแบ่งรัฐบาล งวดวันที่ 1 กรกฎาคม 2565,2565,981417,6,002|542,61,981416|981418,,196793|201415|587134|592830|953174,008704|346509|624057|701139|860770|332670|354561|638824|777700|985514,002701|246140|478821|708562|855217|007539|252857|481946|726094|867974|012535|283860|491727|731205|868907|013517|327473|548865|748250|886960|060636|339148|552378|777676|888563|116559|350616|559608|794810|905860|120820|395006|602393|795664|931713|152661|410184|611906|803203|949846|171591|416569|628271|825525|956707|244470|464099|636432|840523|963290,002433|161995|358291|527466|768400|003072|168907|358481|527947|770454|011246|171253|360338|536321|770868|011425|188226|371922|540246|789132|022023|192477|375625|543477|796509|023497|202443|384652|547390|805934|041524|207379|385954|548002|825074|047039|228818|388003|564284|825582|061551|237844|398073|567804|830802|066480|242223|398098|587094|844248|079349|242890|409444|627407|848784|098495|249532|422488|646477|863042|098876|280005|457479|686989|876791|106354|280734|465815|702997|884582|119518|304576|473249|714614|888002|131974|306316|473396|722926|911519|132324|312844|474436|723926|912063|142145|328893|486681|738293|947713|151776|337800|515982|747563|993451|160865|338442|520471|766895|997060,True,https://myhora.com/lottery/result-01-07-2565.aspx,2022-07-01-BE2565.html
2022-06-16,ผลสลากกินแบ่งรัฐบาล งวดวันที่ 16 มิถุนายน 2565,2565,361807,6,106|228,92,361806|361808,,123146|179086|631731|915975|998999,030724|159649|214083|368395|746540|102710|211843|262826|496330|849280,000041|183350|334825|474797|787604|045570|195532|341914|478179|858263|048398|208850|363457|517608|861952|050594|212294|376336|542929|872244|071290|227728|419917|550374|875094|123267|231092|427019|573443|883009|145746|233217|442889|585688|909234|164111|235127|444115|608383|931697|168461|268376|452160|630770|958992|171859|300010|454268|645356|968981,001704|268442|473536|594234|787417|021648|284119|473889|607254|800628|034376|297067|473982|618381|802125|036132|336391|476457|625831|808801|042281|338061|479113|642680|835447|045480|343829|481546|642768|836042|054042|353215|485289|650701|837706|068801|367385|493146|651243|842342|072671|375450|523499|667074|846048|076043|383092|529170|672312|893431|083934|394950|530842|676622|894407|105714|410350|534751|684603|897925|120281|422038|541346|699987|907643|150371|429155|544056|716975|911254|158811|432320|553749|735954|921626|163737|434264|555082|739431|933552|170957|445458|565595|739977|953999|204241|446361|566891|753255|967461|242112|454688|575385|770319|970730|249133|455225|575419|784345|972970,True,https://myhora.com/lottery/result-16-06-2565.aspx,2022-06-16-BE2565.html
2022-06-01,ผลสลากกินแบ่งรัฐบาล งวดวันที่ 1 มิถุนายน 2565,2565,319196,6,213|652,02,319195|319197,,122740|514146|703038|710635|969711,245787|498964|633740|933960|943923|288951|519390|804315|938398|964472,022214|220742|350403|581240|779533|025640|236731|373119|588817|791151|055153|241552|408349|600135|799758|064947|247829|419418|607213|829388|104075|250780|430572|612379|858577|126472|279801|434850|614210|864075|158489|293499|445985|624757|897501|178384|301737|456537|706011|914135|187539|336670|465385|715679|932417|194725|342022|492315|728441|945199,010710|208316|368036|609131|825313|037339|211812|398673|631873|827549|078176|223691|401636|637357|827791|085652|227011|405095|651645|860288|087174|232722|439298|665035|869902|089106|255080|445348|689729|881761|103034|258817|472880|699243|890365|110888|264565|489014|710536|896876|120614|265590|500306|718148|899602|121185|268710|530109|731432|905503|121577|270028|532189|736834|923083|132638|271261|557856|737485|928201|145193|293964|559945|747981|951954|147766|295286|561205|755160|963058|149370|311701|572943|774807|964393|165883|319750|580664|782014|966343|170289|333073|585269|794993|974712|174844|338439|586478|811957|980172|192172|339918|608596|822489|984010|203045|360766|608789|824969|995444,True,https://myhora.com/lottery/result-01-06-2565.aspx,2022-06-01-BE2565.html
2022-05-16,ผลสลากกินแบ่งรัฐบาล งวดวันที่ 16 พฤษภาคม 2565,2565,155012,6,236|540,06,155011|155013,,034469|138648|243880|834831|906492,197770|423387|540646|818637|973781|214041|510732|813517|908522|999289,000680|271952|441194|694416|807429|026381|313439|462186|707704|813280|116933|323541|497551|708942|831329|129532|326167|498234|711525|866530|135307|362363|521027|713610|925025|147785|375546|538395|715686|928267|153108|389714|555889|730171|946794|181559|391791|581416|739050|973062|201394|417235|587387|746627|973621|234259|427353|605667|799881|976980,012056|173374|355406|576500|811424|012585|176692|355910|583330|842286|027895|179335|360793|595272|843889|042743|183392|369077|595768|858515|045197|186963|370483|597937|859710|047485|187409|371012|602010|860928|057998|188310|377263|610063|863926|068935|195599|377515|617336|867965|069757|195639|380570|669609|872347|070420|213677|418906|691207|878466|088532|218830|449807|694256|881462|104773|223504|476813|695687|886565|142937|223846|493687|706352|918884|144165|233382|514246|709601|926126|149011|243380|526444|751267|936835|151843|246589|531689|780787|951098|153650|273746|534579|786047|972877|158135|287817|544223|798147|979946|162126|310250|558657|801986|980754|171411|325940|559342|811070|994877,True,https://myhora.com/lottery/result-16-05-2565.aspx,2022-05-16-BE2565.html
2022-05-02,ผลสลากกินแบ่งรัฐบาล งวดวันที่ 2 พฤษภาคม 2565,2565,658642,6,041|325,09,658641|658643,,457804|543232|589191|709976|922672,160280|298818|613584|662820|950820|260079|515994|659560|748330|955956,000447|246342|483881|716033|874967|074599|278086|526398|742249|880074|079970|284336|532811|781144|886182|081079|298678|542606|810206|898894|082545|300748|587021|810297|912192|119927|322027|603171|812160|914709|153705|393904|612522|815464|929439|160366|397768|653812|826911|953573|166367|403769|708539|850098|964590|188237|407522|711243|851467|965626,011139|254283|421940|643093|825626|013561|259429|440490|645957|834917|018730|260316|448475|650004|840983|024118|262805|461797|654339|849789|037528|267260|465314|703975|863618|082498|276061|469938|708735|868763|090503|282035|473040|737084|868809|096439|293686|498538|762090|871950|097311|295282|508217|763884|880449|099554|299545|540389|774526|883521|127990|319836|548735|782450|889601|131782|327934|555386|791349|898368|156560|348461|574413|806759|914088|162561|351784|583124|815398|921841|168639|375660|588310|816431|922518|186686|376033|599375|816514|937544|213868|391774|603743|817545|945631|224695|401665|611578|819213|973715|242640|406461|612543|819471|975694|248255|416676|637718|820488|977486,True,https://myhora.com/lottery/result-02-05-2565.aspx,2022-05-02-BE2565.html
2022-04-16,ผลสลากกินแบ่งรัฐบาล งวดวันที่ 16 เมษายน 2565,2565,395919,6,413|508,58,395918|395920,,120215|189228|288325|345563|691078,103342|358202|642745|720279|768711|158303|542136|644686|757881|953929,008222|204875|392991|605497|772293|036229|252072|465055|612930|776377|051291|259894|475965|623613|816872|060894|284985|495006|624291|849342|064668|289593|496246|637204|893619|083285|316081|532586|670604|916613|111765|346456|534921|692706|938292|145118|348031|562861|729970|952299|156364|360427|571656|757301|983261|168721|373157|585621|770121|985349,003287|156402|323352|577469|761237|003783|166969|329447|592436|762123|017792|170271|359681|602549|774788|032935|173690|378863|611332|776306|037176|174697|383861|618907|777059|046917|178418|393659|624480|790523|048011|195944|397928|632296|796249|051451|208972|416567|636497|796933|052457|237481|430016|651804|820640|057625|252676|433324|653875|826598|083560|254186|469373|667262|838461|087725|261773|474631|672195|846115|109379|262666|478613|676883|850296|109716|266707|480476|689039|854342|111533|266792|510125|694031|867165|141946|285920|541057|699645|870116|144174|293065|554563|714435|926828|150362|301650|556383|722361|932440|153753|314682|557748|726699|957510|156136|323350|558400|744042|960564,True,https://myhora.com/lottery/result-16-04-2565.aspx,2022-04-16-BE2565.html
2022-04-01,ผลสลากกินแบ่งรัฐบาล งวดวันที่ 1 เมษายน 2565,2565,970618,6,578|870,10,970617|970619,,027641|071472|240029|750408|754915,027001|046457|054035|440807|563497|036686|050015|127728|559912|703812,021029|295683|414691|628478|717211|055562|333075|443201|635814|729985|065784|357939|506730|651017|734820|109269|364264|524202|651522|739080|111613|375430|542181|659179|780140|132475|376952|546080|664953|817507|188237|380267|546609|671806|856671|248127|381360|563274|694512|899553|272557|412553|599096|696381|910657|280433|413209|628418|702837|916803,010484|118105|256188|539246|718407|017822|133518|261571|562143|756929|031459|138220|275576|563424|761876|033196|138915|308041|564444|774776|034279|144681|320260|577202|778702|036087|146216|357467|584703|783601|042973|155898|371464|599952|789474|043521|171220|386143|609837|791968|047683|175553|424519|627535|838261|050224|177673|428851|629561|842512|056743|184322|454341|632002|848053|061184|187199|466045|645375|880948|062626|201941|466368|671844|893763|067275|207499|478976|681943|908601|082866|213668|488356|682677|911599|089918|239971|493356|685167|921186|096250|241364|501759|687445|933301|098437|241396|513537|707176|937963|114273|252252|527112|709601|957836|114831|255420|534757|712236|976190,True,https://myhora.com/lottery/result-01-04-2565.aspx,2022-04-01-BE2565.html
2022-03-16,ผลสลากกินแบ่งรัฐบาล งวดวันที่ 16 มีนาคม 2565,2565,737867,6,788|989,03,737866|737868,,324448|403216|468367|757838|759477,003392|129232|315090|362277|826066|020974|141817|344527|708219|920401,031458|213295|465052|595703|877998|033826|224592|487786|612374|882151|038849|230580|508158|620673|892981|040607|239853|535109|700639|917719|061338|264533|537330|753079|923497|063914|269824|547611|774841|973460|079547|307946|558026|795522|982149|091105|344606|579795|841119|990978|151917|371119|589251|863746|998435|207766|380643|594144|874755|999244,010777|163427|362984|641558|836616|021249|164603|371081|677699|854418|022918|187233|403490|681137|861278|023430|188165|430447|681401|872471|026910|189725|433899|695552|879241|030792|190891|475338|696374|884099|040361|191292|486771|700716|887653|044801|218315|493644|740178|893808|048245|222150|499190|757075|898112|051533|227595|499230|761546|898480|052449|227870|510293|771147|901010|095987|233611|510754|781453|901678|114479|256548|515916|783017|905654|121069|269398|521220|790052|911807|123559|284244|540999|802387|934536|136701|292932|570511|805977|938803|137551|306997|577797|820249|946177|144038|316092|598187|827184|957810|146485|321609|601863|828086|985339|158654|348114|616689|833988|986694,True,https://myhora.com/lottery/result-16-03-2565.aspx,2022-03-16-BE2565.html
2022-03-01,ผลสลากกินแบ่งรัฐบาล งวดวันที่ 1 มีนาคม 2565,2565,061905,6,234|691,07,061904|061906,,054852|406741|462729|968484|974551,014226|137904|477621|558421|897071|137187|360370|507696|887054|954907,014670|152371|312654|472285|702151|014977|159286|318319|474482|714852|032350|184335|346992|483101|781143|032732|209268|371222|522647|860524|045636|279049|376408|554316|866003|083881|283095|389769|591703|868188|089430|288443|397293|611484|868784|114381|289590|441726|639178|883050|118641|300967|448014|652362|888200|125559|307804|468247|673403|983252,025607|182606|380908|604235|829924|045242|187485|386858|605178|829942|052668|202793|393324|615772|842728|061804|216823|415682|616661|843108|062292|220452|416862|622672|848783|073798|224220|421339|640865|850844|077670|239924|433470|662534|866457|079663|240573|471553|662922|873307|109948|243536|484512|673370|893630|113490|247082|495529|676718|896356|115625|291918|502107|695901|902707|117174|295150|515832|718186|907255|120660|303449|517365|725659|937610|139977|306542|529410|726138|940291|141218|316909|538017|745163|963274|147667|331358|575461|766715|969138|165543|359221|584357|784425|989184|176719|363484|584409|790830|990671|176920|365494|586180|798979|991504|178675|375763|587779|826723|998970,True,https://myhora.com/lottery/result-01-03-2565.aspx,2022-03-01-BE2565.html
2022-02-17,ผลสลากกินแบ่งรัฐบาล งวดวันที่ 17 กุมภาพันธ์ 2565,2565,098597,6,592|816,57,098596|098598,,030430|165734|585460|637407|765976,102528|376498|578833|892066|972038|122960|408262|792203|948978|975056,007283|219734|428611|655589|776735|036845|259271|434204|662042|778129|046948|304496|492914|667166|787203|057235|313927|510671|678261|869498|059896|329052|550817|713221|893627|063574|337807|566598|716046|893761|080025|359828|607883|720601|927510|091316|373008|628866|733213|956547|178514|381502|629505|747197|977322|200165|427110|629661|747494|999889,001057|200008|306192|562287|789974|009344|208143|306523|580320|790173|014645|216103|309592|603728|793186|044462|217586|318350|605379|795152|051402|217867|334045|644192|813914|053292|219386|350237|647224|820920|061583|227823|355895|666137|842030|065625|244556|361600|687550|842969|083718|247308|365994|694470|852570|091678|249643|403552|694969|857137|092968|250012|406553|703712|869674|102051|251856|434959|705634|905553|125124|255038|451402|709852|906767|143437|259904|471674|710105|928396|153129|264661|480370|715511|948886|159333|265602|498760|725723|972303|161683|268848|522430|744064|979555|168895|280850|540742|745070|983721|176174|289405|551468|773250|994648|190114|291628|559958|782583|998604,True,https://myhora.com/lottery/result-17-02-2565.aspx,2022-02-17-BE2565.html
2022-02-01,ผลสลากกินแบ่งรัฐบาล งวดวันที่ 1 กุมภาพันธ์ 2565,2565,944308,6,485|509,30,944307|944309,,419058|444350|480963|764589|794196,004259|141377|177812|421170|871885|022497|156263|332271|538199|928569,004062|168583|300600|572918|794162|032434|175016|346439|574585|832972|052939|200560|354583|581869|851753|054089|205098|364151|592089|853331|062579|216712|406035|599802|885662|075272|229880|447352|637153|887265|096288|258529|455986|643331|914419|107106|266903|471269|692263|936102|115855|291339|558630|764703|960633|147017|295220|565601|766790|975685,002412|169406|419172|606717|850526|003659|171459|426702|609967|854293|009247|198775|457152|621297|862353|013753|200708|470250|641486|873447|023265|228222|471441|644693|881251|023960|256808|482879|659763|883268|028113|313827|486332|663971|900089|045412|317761|495647|668373|905062|050801|323381|497867|669618|905498|051297|326073|505743|678631|907339|056147|338710|509518|703311|923534|057445|343423|509667|712244|937257|060109|346431|522365|713952|937554|080835|355646|530549|719554|939081|081596|358790|533953|722626|941797|129282|362443|539301|761276|953938|132834|392387|548458|763525|956131|142508|398914|557523|773045|987819|145593|409129|568444|831375|989557|168485|414829|595238|837672|995860,True,https://myhora.com/lottery/result-01-02-2565.aspx,2022-02-01-BE2565.html
2022-01-17,ผลสลากกินแบ่งรัฐบาล งวดวันที่ 17 มกราคม 2565,2565,880159,6,119|529,92,880158|880160,,021741|240373|344456|503645|630604,038528|250958|339540|625947|772337|051358|332951|429850|755668|877508,005625|141171|450333|573135|821911|008586|170482|464465|574641|824178|009133|227797|480558|590586|847379|041519|276434|480855|604265|848406|051670|305643|486269|673273|870861|058209|326888|491588|710275|914896|112443|351122|491660|724919|915079|115606|372302|499802|731485|974508|116975|396191|528621|776979|981940|130666|448192|529824|811039|983312,001121|171408|312520|496572|756184|001584|173905|316569|513437|764035|016860|181464|322796|523400|768321|027627|192050|350874|526285|776846|041544|195477|357812|556962|780416|044373|198503|367074|568928|781088|046791|207181|389511|571032|798047|060697|210502|391706|593855|809835|067870|223103|405379|598037|830713|085389|236911|410721|599864|879282|096000|237682|415382|604338|884374|099383|246375|421374|625685|914715|101640|246716|440039|626311|929444|116121|250246|453310|665519|932849|129924|253837|457002|683656|943944|134187|255161|460030|702985|949258|140558|264502|461238|717725|951379|143316|289701|466721|718042|958982|155421|293112|489990|741909|975313|166085|293210|490013|744451|991111,True,https://myhora.com/lottery/result-17-01-2565.aspx,2022-01-17-BE2565.html
