draw_date,draw_date_text,year_be,first_prize,first_prize_digits,last3_numbers,last2_number,near_first_prize,special_first_prize_raw,prize2_numbers,prize3_numbers,prize4_numbers,prize5_numbers,has_detail_section,source_url,source_file
2016-12-30,ผลสลากกินแบ่งรัฐบาล งวดวันที่ 30 ธันวาคม 2559,2559,377712,6,477|769,46,377711|377713,,109888|300727|431808|470627|570884,195846|384080|504550|643382|953707|226689|445054|605454|835498|955844,004014|221625|382500|673202|857009|005469|253321|407510|682368|883053|020245|261765|481649|701993|883072|080054|273668|490891|725861|915169|105007|289049|497574|767028|928684|145747|297660|519027|771733|946689|152321|323413|533989|771901|946819|160135|324057|545196|788059|961151|192008|351860|582167|836655|970248|209825|370737|659108|848260|993426,002423|184543|400059|616762|730780|016624|190655|403557|618372|771227|025808|203387|405737|621649|780277|029542|221995|425609|624348|787520|033706|266864|449988|631829|791688|036842|283097|469288|636050|792633|049272|288144|477479|637350|806381|077100|293344|479812|650183|884019|084769|294474|496489|661245|904001|085856|303446|521347|662040|905916|106012|307723|522140|662205|910653|112743|308159|524945|669930|918568|121533|317944|535715|672058|932031|121772|323387|560083|678490|934567|126695|342009|567905|684129|949147|142942|356007|582101|691184|949955|151963|359391|590824|694987|972277|164820|373745|614370|705458|982808|165155|391268|615429|712416|986075|183803|394594|616666|730669|987572,True,https://myhora.com/lottery/result-30-12-2559.aspx,2016-12-30-BE2559.html
2016-12-16,ผลสลากกินแบ่งรัฐบาล งวดวันที่ 16 ธันวาคม 2559,2559,435286,6,199|716,35,435285|435287,,102788|114281|433199|552873|868604,172301|343719|453602|595035|717196|336365|389749|533201|654238|804528,012831|227645|457774|545363|747300|094926|249924|473779|556797|752838|096068|320448|488004|569693|784547|113052|324279|489544|597372|791708|153857|343412|491982|619638|799774|168258|344299|494859|696151|811564|179428|363301|502899|699045|856703|184822|385619|507823|699351|872674|205719|402699|530533|700678|894569|225252|406761|531903|738614|963014,011505|242868|436138|618439|801164|028372|250616|437405|624082|808822|039500|253880|443282|627350|829001|065139|255554|452924|636985|832525|067030|255583|464528|659446|836261|069983|257313|468643|660860|846804|079839|262221|498751|662450|888730|080975|264232|508877|664360|906338|102747|270438|521760|668216|918617|103657|279545|537068|678496|919505|123253|300115|544540|682868|922905|132020|311700|555602|694707|927038|144940|327445|559594|694794|931353|146404|353483|562740|702932|936786|160836|369784|569625|749186|949892|170905|384193|591251|757785|960940|192289|400205|598869|762237|961966|204189|409920|602654|766007|977682|234581|417963|609108|773351|983987|238498|419659|615650|794695|991732,True,https://myhora.com/lottery/result-16-12-2559.aspx,2016-12-16-BE2559.html
2016-12-01,ผลสลากกินแบ่งรัฐบาล งวดวันที่ 1 ธันวาคม 2559,2559,086069,6,148|450,77,086068|086070,,388271|527562|654690|926047|951015,102292|306629|367033|509783|788332|165201|323395|385644|563907|921065,004249|176525|297803|548589|776482|005922|190659|324210|551747|824558|040355|205084|330059|556785|838048|047865|208885|336389|626805|891086|050740|209386|391286|637064|909451|056581|222495|410942|659264|930445|094323|276816|416489|660601|935129|142773|285184|423597|691436|987480|159032|290484|472271|741145|991231|165297|295729|501971|742479|995441,004605|145772|380336|547045|730290|006909|153163|387375|549865|797773|009284|158875|393186|559232|807276|013121|158918|397013|566307|809616|020055|160854|412740|591314|831464|020482|192628|413093|621073|840721|025486|197772|413544|633000|854898|040083|204318|420388|643670|862736|049049|237885|439183|645352|864538|053212|245785|451978|650443|866995|057471|257909|452725|653863|868936|067848|263854|456268|658881|872181|087667|269748|461315|663207|876556|087965|287930|466276|669470|877916|088888|289803|474169|685205|911946|110610|291435|488495|686292|948061|113935|301452|492346|695573|954743|115133|308400|494411|699035|958880|123788|326214|500021|705001|980746|136001|370394|510181|728025|997908,True,https://myhora.com/lottery/result-01-12-2559.aspx,2016-12-01-BE2559.html
2016-11-16,ผลสลากกินแบ่งรัฐบาล งวดวันที่ 16 พฤศจิกายน 2559,2559,858383,6,558|570,44,858382|858384,,269401|516556|620723|793819|929209,035229|054244|324139|684304|742303|040765|231277|657856|734001|826769,013516|317004|534836|643150|837552|044633|354869|537745|692608|851020|046564|377384|543182|695356|866276|058520|399741|553790|701779|885178|120379|414849|597519|707235|918856|126930|430695|597638|713262|954422|190101|441172|601954|724044|955430|245645|482794|602636|738942|979196|286185|523234|606266|781451|985581|308829|527290|621844|800870|990756,010964|215492|364135|500417|788747|030290|218546|367147|508127|807748|037468|219059|368169|528117|834723|040986|223498|371709|533758|837206|049142|225375|372766|556230|859210|063645|225929|386972|571288|868033|080339|235010|388917|600200|869846|098435|236896|396499|625781|886439|104505|251628|396995|631251|892452|105278|255099|401096|638278|908026|113085|258751|405016|640842|916791|139864|276101|425422|642157|918548|146685|276160|437645|647342|922034|147382|302064|442578|678561|923569|150281|327916|464656|680675|933367|163938|337207|467792|706587|938818|165415|340102|471188|716083|946225|177125|344787|472949|779013|969205|190371|354256|486225|779438|974362|203817|358984|489561|788462|979474,True,https://myhora.com/lottery/result-16-11-2559.aspx,2016-11-16-BE2559.html
2016-11-01,ผลสลากกินแบ่งรัฐบาล งวดวันที่ 1 พฤศจิกายน 2559,2559,785438,6,038|752,86,785437|785439,,247447|418289|582552|836111|880842,020841|310374|384358|637083|809958|246579|319594|602752|773128|964670,011635|241074|381966|595877|819650|012292|241343|484381|643739|819859|069009|252127|501903|663588|828619|071142|295764|533263|671549|831643|074600|302008|542696|703735|836222|082791|308591|547697|718505|842026|111883|311043|550233|718662|880205|128561|312792|558245|769535|938988|131484|365092|564482|771231|991151|237011|379879|585658|783775|996666,016220|274581|458336|662992|854794|043267|279994|465569|673746|867314|046318|281936|489377|676388|882494|054409|291214|495962|676767|883050|071271|305351|505111|677900|899739|086548|313193|517661|682289|916171|107245|322282|529569|691863|921490|117361|322567|530143|692717|922164|135228|338956|547697|700752|923053|135912|340692|548985|700878|934253|169638|350315|549360|727490|939018|186056|362270|549469|735984|945396|192960|392433|559735|740200|945704|209971|402680|564459|740939|945786|218613|414452|571335|740992|955048|243652|416664|610128|762233|966947|250746|433183|634199|772971|969297|257737|435807|635601|835575|972071|272360|439513|639214|844158|979487|274332|450224|645045|853862|997032,True,https://myhora.com/lottery/result-01-11-2559.aspx,2016-11-01-BE2559.html
2016-10-16,ผลสลากกินแบ่งรัฐบาล งวดวันที่ 16 ตุลาคม 2559,2559,571947,6,032|587,98,571946|571948,,157480|347351|747217|869237|881031,283168|546183|600368|781416|988847|410130|547649|674934|809809|989156,038640|253356|466185|602068|774142|053966|272358|467728|633244|807824|065711|288442|482319|642311|808930|092407|300793|499345|649356|838930|115729|308217|528828|702530|841544|124114|332818|533774|705313|868134|208006|365636|553324|739096|870190|220308|396239|562671|744470|926836|225962|446083|573093|759498|931329|233464|447326|583070|764768|960288,002473|121419|349341|581308|794854|011060|122862|351740|582729|813818|014363|127248|359235|590599|814830|022037|139184|370998|601422|816797|028424|142658|386035|604498|823846|031348|153002|386274|614282|827108|032557|171875|428578|641756|827366|033396|175640|447822|644404|832870|041645|181703|452262|681601|863809|061810|182438|458581|688401|868565|066656|189769|474843|719169|873218|067376|194272|477482|725109|877239|085397|200161|483518|725808|881666|088042|252502|501910|728579|881926|092381|256195|502973|735020|887227|093720|262187|506977|754962|893837|098994|301038|519868|757223|933070|099519|310496|532514|761575|970012|111823|322856|561545|763462|979162|118177|339855|567774|782068|996119,True,https://myhora.com/lottery/result-16-10-2559.aspx,2016-10-16-BE2559.html
2016-10-01,ผลสลากกินแบ่งรัฐบาล งวดวันที่ 1 ตุลาคม 2559,2559,887102,6,017|458,33,887101|887103,,298683|441967|489531|895053|895362,100351|334461|615421|699018|867061|109314|408004|635579|774732|945977,006396|185212|297116|472974|686404|028658|192710|345085|485160|688730|035595|201976|352590|509756|715502|045230|203038|374529|532593|721086|102927|215749|390309|538721|769635|132886|228953|390504|578047|830777|142485|241079|411129|586406|832462|143651|250184|424600|620278|868556|152466|278410|430485|665306|896945|170099|285621|446126|674750|898888,024273|205401|350520|609848|854946|043141|205588|352521|619340|856116|060806|211960|353572|628870|860764|074276|218957|356932|683364|863180|084251|233082|359975|685161|871782|086992|236644|363209|719455|878853|088075|239760|376120|721305|884128|096412|254402|394851|725962|884727|100708|254469|427490|743456|899326|112480|261734|433585|753821|903008|117534|267830|436916|762436|913530|123205|268803|462243|764381|924761|136038|269097|463367|774913|924842|141126|270321|472848|775198|934305|161471|276812|478458|777182|938974|179666|285373|513476|777638|948781|187004|286057|521170|795606|968244|190548|292489|522124|816032|982842|201531|298701|577810|849077|994479|202594|308514|593334|851119|998128,True,https://myhora.com/lottery/result-01-10-2559.aspx,2016-10-01-BE2559.html
2016-09-16,ผลสลากกินแบ่งรัฐบาล งวดวันที่ 16 กันยายน 2559,2559,240650,6,043|160,42,240649|240651,,031023|121525|476092|579775|724016,175838|315642|554467|697156|734834|247802|434176|662996|710131|917751,018663|226402|460619|536869|818799|023326|261267|461868|567878|843031|029258|287673|467783|666464|860715|056276|313290|474500|680097|865953|066510|349223|478204|713564|899872|142268|357517|492885|719988|912517|143577|374302|495519|723381|918529|194080|382382|498897|726162|936352|200650|422228|530266|767203|947755|200696|431260|536851|769667|978825,003685|233771|442147|620010|811675|008732|240948|452594|634099|829102|022095|244507|462725|636898|830905|028176|275428|472914|639443|836500|037580|278401|478836|651384|847110|041562|282264|484231|655516|853493|059142|294081|495072|658747|874081|064591|300305|501815|681033|876886|072288|313373|507117|682415|882178|105499|323509|507159|690702|882648|105565|323702|516891|690919|886751|109771|326834|525710|694738|898139|177720|341464|530358|694798|901683|179475|391364|531827|724216|922967|201962|392082|537499|725227|923609|202732|398678|549859|729494|929673|209720|400639|550965|742762|934484|210538|400899|565531|757245|944389|210570|417794|585632|788955|984135|221230|422957|589267|801069|986936,True,https://myhora.com/lottery/result-16-09-2559.aspx,2016-09-16-BE2559.html
2016-09-01,ผลสลากกินแบ่งรัฐบาล งวดวันที่ 1 กันยายน 2559,2559,638684,6,630|669,62,638683|638685,,011186|330834|512209|623481|689393,056381|076554|348341|861139|896935|062894|330092|352887|884056|999044,045809|222577|388914|596388|762348|053231|278855|390776|610690|784081|075503|290323|411531|633459|846361|082621|300742|414494|646082|849103|084267|334383|439120|649523|874314|099962|345183|445919|682302|914958|103776|351010|476010|682664|948569|146132|356293|492123|699704|988457|157522|366534|535521|707546|996562|188683|386286|567335|744031|997919,006509|156510|412541|589485|803618|012867|158377|420732|608328|818792|013393|183952|420993|634296|823716|014779|187402|433548|634440|842072|030212|189350|439692|638230|845261|037503|189820|465203|639586|855291|045315|236776|467491|655194|855482|064925|239605|468815|663326|856884|064988|241248|471249|691350|883126|067149|244738|483376|708995|885643|078705|277269|514029|715168|907581|083332|302298|538116|716570|915111|083417|330461|538929|725016|919871|087936|331936|548660|729811|926153|095604|342573|549347|759521|926341|103029|345762|556926|759892|943377|115634|389890|559537|769992|950361|116334|392277|577934|794073|956421|136236|408503|579227|794556|981458|152241|411740|580680|799294|985473,True,https://myhora.com/lottery/result-01-09-2559.aspx,2016-09-01-BE2559.html
2016-08-16,ผลสลากกินแบ่งรัฐบาล งวดวันที่ 16 สิงหาคม 2559,2559,254004,6,596|631,33,254003|254005,,148217|318902|832477|838656|912375,216995|319940|406175|531726|594652|295628|350803|506765|583490|883798,054442|241076|423842|602930|770393|063901|270526|436867|612885|774843|068993|278915|470625|623940|810367|078780|323950|488187|627669|827901|086268|357031|539113|661398|830991|096967|359022|551361|665315|840974|103469|362307|556998|677690|899567|111416|397576|591077|695619|900487|134494|413078|595267|742598|923634|152338|414891|601459|749759|991262,004385|116032|316617|453224|708384|009843|121897|339171|487472|718076|016276|126761|339561|502138|719347|021007|127410|339946|502883|745656|022558|142789|349206|504280|756413|024185|159798|372459|520562|765660|030711|164174|386712|526858|771642|035527|166313|388038|539570|772915|036241|170119|396740|583340|802968|056521|174470|401155|590089|824296|059011|176428|403297|618900|834633|065107|178335|403306|623408|836431|078087|203634|406919|623590|857461|078236|208084|414849|623937|870296|096977|211297|416741|639225|886079|098323|227279|427476|641897|908706|100498|267671|427562|643196|913890|102781|278613|428697|666292|921527|107118|287822|444492|669694|934993|107850|309008|450412|675741|971642,True,https://myhora.com/lottery/result-16-08-2559.aspx,2016-08-16-BE2559.html
2016-08-01,ผลสลากกินแบ่งรัฐบาล งวดวันที่ 1 สิงหาคม 2559,2559,272932,6,472|871,57,272931|272933,,182698|201415|370011|621751|836615,158310|396313|481702|670029|804653|323348|480287|608519|690326|885212,023080|194544|366845|565590|732208|049468|196974|408085|568522|732917|055541|208542|443833|570532|751607|079404|217647|461527|576419|758213|095259|224338|474806|595168|760876|122613|230927|477834|599277|791625|130743|246426|494772|686738|791877|135064|268325|500731|695575|855574|144386|316212|520773|716881|970072|188799|324364|556436|717731|997372,006050|164102|389386|544671|746117|006347|168371|390629|545167|752962|008218|194256|401440|545442|768971|022263|215348|402337|548685|798736|028133|218679|426450|553423|804002|047595|219435|426639|556822|816784|057003|243247|439357|557681|839334|072079|251037|443904|569922|855174|076156|251757|462546|580679|857200|097451|261105|482060|589292|874562|104903|268984|486054|602950|877657|105451|288039|494767|610160|880637|110569|293287|500664|624421|884950|114333|299617|501539|638478|908588|118176|317490|505754|644413|931903|122112|323684|521888|645860|960239|130978|332079|524875|685976|973050|139224|332187|527401|709879|984877|158092|346982|528576|711091|985855|159866|351702|538276|733901|990395,True,https://myhora.com/lottery/result-01-08-2559.aspx,2016-08-01-BE2559.html
2016-07-16,ผลสลากกินแบ่งรัฐบาล งวดวันที่ 16 กรกฎาคม 2559,2559,449764,6,158|925,55,449763|449765,,028114|064796|193012|396107|583322,113094|421112|542177|593079|755458|383091|504646|571789|629656|845015,022365|151927|277993|630831|821426|028885|171277|356702|639495|873096|031449|175685|380980|678899|874192|033237|186569|461254|682270|880483|035109|189418|478628|696993|899385|078746|192339|523887|714385|924418|125565|199845|526206|727410|936116|128271|225639|555832|762466|944148|137440|238993|607454|788603|959297|149712|257600|625016|816808|974853,002315|159430|422296|570442|784673|005734|200035|427540|579161|802570|022366|206392|429334|608816|814354|039214|212631|430929|610737|820608|041166|244138|435117|617909|821600|046579|255764|435950|621228|852959|061478|330754|443985|624047|862295|066061|331729|445453|660102|879578|071129|342457|487693|692351|903699|072826|343246|487829|706010|905491|076477|344472|500332|707685|911637|090101|361661|509667|713605|915179|093314|373630|520166|717817|920281|101929|375021|521518|730007|935772|111574|382063|542909|741928|942660|121498|392546|548476|742337|950645|124934|398993|548824|767558|960818|125753|402217|554135|778052|971411|130294|408550|556335|779165|984780|139382|418789|557438|784373|998493,True,https://myhora.com/lottery/result-16-07-2559.aspx,2016-07-16-BE2559.html
2016-07-01,ผลสลากกินแบ่งรัฐบาล งวดวันที่ 1 กรกฎาคม 2559,2559,082460,6,173|302,53,082459|082461,,409355|417776|438104|623789|677926,008242|298511|523151|608720|925646|054156|379326|555331|611944|945503,014071|269579|455079|596401|750390|028834|274186|463899|601054|755614|053631|300809|475060|607943|816244|078013|308954|484426|661670|828046|176282|309514|514668|663975|836910|196914|364521|527145|665146|865799|207593|368894|531994|684392|873276|218356|421072|584324|694875|921508|246179|434405|589944|737640|952546|263376|434511|593114|749521|995048,034865|230932|419308|601114|794487|042693|236746|441458|604352|801536|043498|239357|449653|612473|803811|066516|242833|471214|615223|807912|069202|248542|482114|646200|811783|105883|264321|489990|660071|823665|109813|275921|498175|664613|833955|112321|284696|508401|677586|842567|114022|286445|509662|682812|854318|119337|315309|524557|685848|878577|122961|319114|526948|706638|905362|125276|336161|542487|716674|916101|140445|345157|558093|722521|935637|144527|360346|574017|730572|941200|168873|376050|575449|749396|943347|179635|377498|578310|774788|954028|193490|383685|585446|775155|968096|197608|393597|590345|776952|979339|219260|400453|598157|783598|988875|221998|418856|598953|789553|993577,True,https://myhora.com/lottery/result-01-07-2559.aspx,2016-07-01-BE2559.html
2016-06-16,ผลสลากกินแบ่งรัฐบาล งวดวันที่ 16 มิถุนายน 2559,2559,073816,6,321|749,79,073815|073817,,484842|522445|547936|804087|958911,094362|169467|411439|560494|950034|102256|358859|489860|625908|976991,012061|233953|397666|638556|877517|029012|257914|426532|701895|878822|049521|309735|427791|730363|885427|061529|321221|488810|739616|891514|067961|328154|499114|751388|891843|073383|345280|509948|754239|901129|124440|349182|514897|766634|955475|150387|354803|524520|840669|968275|176051|359850|589075|861955|987149|211871|369162|614173|877076|999519,003024|214820|421306|605319|836859|013035|215720|429650|619694|842469|030875|226442|434810|622498|844416|031078|232171|438623|630482|846631|055126|254518|462748|647112|847355|057760|265832|466713|656991|850685|076835|287051|469222|657827|850735|078539|301755|469853|668982|857223|084623|304243|473580|680455|858455|086196|313131|483484|706478|866138|092502|320510|487752|729641|875230|106678|324185|508308|731282|882312|116857|346093|511924|738412|917824|143236|350889|523155|754616|921322|146834|354594|530796|759837|928551|148967|360020|532344|771991|943362|164098|371597|554476|782750|954232|181071|373769|554985|812182|972368|182190|375282|582290|812276|983171|202383|378550|605099|819166|993690,True,https://myhora.com/lottery/result-16-06-2559.aspx,2016-06-16-BE2559.html
2016-06-01,ผลสลากกินแบ่งรัฐบาล งวดวันที่ 1 มิถุนายน 2559,2559,511825,6,880|937,14,511824|511826,,041316|051696|174632|262383|301461,151368|218010|441994|608530|960236|192853|381563|593440|958702|991980,005297|183328|457316|692884|891564|027175|203467|464915|725352|895659|034358|207682|477041|727202|927093|055970|221131|542542|761363|936443|100858|285542|558734|795866|967956|143532|308705|561361|813010|984090|151262|309366|580426|835838|986826|160471|426987|626565|840597|990225|175123|428397|674499|883250|994258|175672|434884|692634|888874|996299,018823|190371|352942|541518|861423|030122|200070|359324|571715|862093|047376|206781|376900|573928|863966|049905|209050|386258|599073|867382|051129|227324|396408|637094|869522|051242|265952|405928|654254|878668|052418|269239|416971|664963|881503|054447|286374|434541|705692|890915|060979|301301|451863|707115|902456|061270|308537|455643|707396|908825|074535|313865|456747|709349|919589|085212|318968|474167|734617|924308|102785|320576|481372|739412|928572|128721|324031|505554|767614|958601|132159|326875|506582|786639|960148|137750|327702|507898|788560|962359|156993|330428|508844|805061|971836|157814|330762|526775|811851|983191|176311|336489|529673|819033|983528|184563|352516|535855|829248|999541,True,https://myhora.com/lottery/result-01-06-2559.aspx,2016-06-01-BE2559.html
2016-05-16,ผลสลากกินแบ่งรัฐบาล งวดวันที่ 16 พฤษภาคม 2559,2559,141737,6,087|268,98,141736|141738,,061433|263817|287956|319674|424727,058224|292752|331992|645600|870753|211341|295536|477883|746775|910225,005506|215167|394310|676348|811971|064542|229333|397918|693977|819344|065720|231038|405470|716196|826881|069532|242426|410745|724221|839892|079667|258587|428651|751831|841722|090184|274781|474975|781821|843133|114403|331399|485916|783247|874636|136488|351828|595421|791429|897386|136625|375654|621889|794371|957300|202161|387664|635429|806686|989819,004306|150101|257225|544036|786165|009105|150752|257698|544485|800825|017435|159976|272758|556947|846718|017500|169679|282373|559596|862247|020936|169989|286737|571576|886478|027898|178794|297216|580897|891817|032810|179454|321874|597807|905697|035973|184968|369902|615062|907097|038860|187350|424767|618405|913313|044116|195626|433703|619314|918729|048352|197362|444098|637301|924707|053831|202792|455753|645578|928010|059270|203820|487813|653859|930249|066280|207433|496484|664771|938911|071360|215063|506785|678937|946820|106056|216652|507835|697126|947781|119075|217096|512401|736739|953029|120189|239901|515100|752063|953453|122202|246043|536722|752217|954318|137431|249896|540690|778939|985728,True,https://myhora.com/lottery/result-16-05-2559.aspx,2016-05-16-BE2559.html
2016-05-02,ผลสลากกินแบ่งรัฐบาล งวดวันที่ 2 พฤษภาคม 2559,2559,399459,6,046|671,02,399458|399460,,260875|457475|821768|905764|910975,183195|354718|580725|720322|776509|335611|366788|666551|726107|879649,003240|239865|354084|558172|785874|010257|240811|450154|569714|851245|012897|245041|451650|573258|859342|055581|280496|469958|646643|930569|083806|284027|479322|657554|932699|152394|294055|480415|688798|968961|171246|301649|510039|706285|969655|189228|327929|521919|741276|979293|197537|332524|531860|764357|988073|230460|337603|557978|765822|997199,018829|160764|398170|614985|837894|037150|161283|400983|625759|842815|051395|173796|403829|628453|848036|052490|182807|430963|654564|856976|058601|191227|437647|662525|878367|071254|226088|438408|680747|881855|072663|233211|440039|694637|882725|074345|290208|470440|701583|885237|079797|293469|470873|703334|894897|098010|302829|489077|715872|903172|098423|307415|489500|717901|907036|114963|312860|499288|743265|923329|122061|320368|529331|779670|945286|125313|358046|540337|791610|948669|134621|363221|545102|802779|956090|137559|366816|558843|806804|956255|138734|368839|562139|816214|969583|143185|380067|586040|817449|970802|155040|381062|608892|830007|980441|158836|382614|612815|831479|998633,True,https://myhora.com/lottery/result-02-05-2559.aspx,2016-05-02-BE2559.html
2016-04-16,ผลสลากกินแบ่งรัฐบาล งวดวันที่ 16 เมษายน 2559,2559,221609,6,507|523,87,221608|221610,,273392|399504|522824|525913|532412,008405|316039|461353|571349|639778|227654|451750|561762|588645|867284,029853|181377|308239|401563|640547|030930|184697|324718|431528|655773|031982|228660|345527|432519|663555|045238|239990|346230|486317|694772|061422|242378|348451|518079|794419|066115|254534|373009|524983|818909|103182|263316|380460|585691|847058|111672|266652|380575|600222|890278|117709|268646|383503|626828|928266|138544|280445|391208|636141|971812,017009|236502|415430|606922|790451|018263|242778|421506|611833|797257|019447|266660|432960|612417|807492|025606|276566|434094|622035|819420|032810|286282|470991|623443|821046|033302|290263|479783|626668|831078|048327|296740|480586|627314|836607|064599|297166|483991|635693|849065|085134|298216|487396|642758|850489|103701|298662|505119|646757|851057|120814|300322|506898|673704|876529|130509|300672|510709|676731|881686|143019|333445|526178|680340|918457|159188|335216|527062|694501|929430|161188|335740|539373|695652|930975|170589|355744|550987|707937|958570|188020|366463|565726|739187|963318|196476|378023|582132|740820|964703|222176|392057|589676|779839|976549|224211|409830|604044|788753|990463,True,https://myhora.com/lottery/result-16-04-2559.aspx,2016-04-16-BE2559.html
2016-04-01,ผลสลากกินแบ่งรัฐบาล งวดวันที่ 1 เมษายน 2559,2559,066720,6,285|852,92,066719|066721,,038054|194453|277373|286427|477370,088651|257968|551698|586687|773305|141643|387132|565119|732270|964778,034340|181591|403467|494036|786893|048187|183215|417439|539732|788130|049532|198106|442822|547527|847197|056674|198624|448786|648649|888353|073369|210493|462092|665946|898542|083878|258578|477515|689674|908398|107685|326524|478002|704114|920370|114887|363580|483446|741471|941889|157773|366231|484293|761549|973577|179614|390443|489774|765448|979237,005969|266474|447791|656433|809284|008312|271655|457607|661361|810469|014034|274776|460000|661518|810517|020135|279651|473283|663239|823830|031810|281374|483829|665700|828767|035772|295004|487489|673735|838291|036783|303791|534619|682350|843420|039820|318639|534799|691304|856976|041139|335883|569285|705758|863927|067096|355252|574017|714721|865249|078898|362596|591532|727635|905626|089156|386596|601712|748286|924189|094335|391401|606117|754554|939531|162903|404406|610357|756388|945668|167836|404711|629155|757739|946463|168842|408742|633434|768767|952533|209627|423966|634860|770719|962917|219456|425902|638283|784492|964482|219824|431444|647515|788864|973990|226538|433725|648685|802365|990976,True,https://myhora.com/lottery/result-01-04-2559.aspx,2016-04-01-BE2559.html
2016-03-16,ผลสลากกินแบ่งรัฐบาล งวดวันที่ 16 มีนาคม 2559,2559,134918,6,004|973,32,134917|134919,,150798|266095|344211|774653|991187,039021|081436|429579|663926|717290|059499|303263|555741|669881|936228,012231|134498|365317|575727|786138|023159|150741|381677|579158|828205|043625|185012|461620|601381|837802|049273|241146|471551|619951|845819|049856|253283|473373|643629|846012|063209|268841|489070|645053|921708|095263|276997|507590|690271|926293|097274|300765|527542|716112|933558|109098|331443|529358|720534|957154|114608|332427|565735|756395|983729,043829|220308|461545|659510|831889|054355|239591|465401|679545|844678|055963|254295|466712|680842|844721|082128|260221|471551|682063|845388|091147|281964|479409|702017|851770|092626|294026|485892|706897|851839|095064|297346|495919|710654|868306|105061|300003|496606|711593|875585|109727|303570|506098|713208|894580|117005|305429|510593|717731|900409|118968|328086|524221|736816|901178|148909|334714|542036|741195|907615|153042|342731|554459|742456|925981|156176|366643|557535|766326|928344|164463|398231|569068|774772|933087|171009|407739|582297|775057|933175|178488|411158|620330|776666|947627|197879|433665|629095|800033|952458|197961|454637|641407|809881|959304|217356|457347|642537|815844|972824,True,https://myhora.com/lottery/result-16-03-2559.aspx,2016-03-16-BE2559.html
2016-03-01,ผลสลากกินแบ่งรัฐบาล งวดวันที่ 1 มีนาคม 2559,2559,439686,6,155|743,06,439685|439687,,163511|400587|758539|933385|946111,175081|357923|600800|635449|704953|283724|531885|613653|678492|922237,014781|209737|410459|620475|846931|031173|264290|417601|638785|847390|050143|273061|462958|686385|858945|050885|283454|475223|710162|867644|073420|311719|491057|715523|894971|097768|320236|492245|727891|897741|125189|352123|527617|761781|925779|126784|367958|567514|768767|971837|183288|399534|597304|798291|977948|183447|404736|606450|817947|998215,014584|223219|391204|614083|835282|023342|235153|414677|627455|855984|055336|237061|443916|629358|857192|056466|246546|455644|631594|857851|056935|248532|468555|635611|861841|076475|254178|470692|653729|866772|083025|255304|490355|671635|868026|083407|258712|515150|693767|881485|095204|260729|522178|707502|907475|101904|265797|525223|712153|910582|118869|274405|526325|717057|932446|133817|289090|559323|734479|932669|154557|294723|566714|745694|936203|165076|299292|591927|747746|950036|169418|304248|594257|751884|955733|172714|311972|600110|764797|956409|185281|313892|601020|778053|967869|189068|347513|601259|801112|971249|213043|357681|605520|820039|971775|216565|389890|606407|833785|988007,True,https://myhora.com/lottery/result-01-03-2559.aspx,2016-03-01-BE2559.html
2016-02-16,ผลสลากกินแบ่งรัฐบาล งวดวันที่ 16 กุมภาพันธ์ 2559,2559,356364,6,309|535,98,356363|356365,,018534|195956|242689|451816|524505,078189|112368|379965|408059|764240|104621|135387|394733|723691|932890,020793|282504|386168|655952|879791|038248|282779|418115|671228|881010|078465|296183|518533|700717|881691|086565|301613|522740|717634|910470|131926|306050|522915|729875|917602|189744|321540|534356|748869|936959|230465|344320|567768|771284|938070|232910|348303|591277|775987|957080|254529|360883|614108|813260|960277|264128|379205|633766|814839|997861,000057|191978|362830|528526|808280|001973|196031|378095|530751|823077|005266|202499|385521|544200|850908|008944|207667|388387|545600|856548|009983|209134|388439|560121|875826|015002|225131|392811|569255|880278|021762|225777|395611|592965|880876|022018|234858|430580|598044|882660|031729|243305|434294|610929|886333|042016|245097|436341|671035|907350|084644|267914|444273|679622|910376|090186|269218|452392|680960|921913|100386|270135|455672|686870|929968|131649|270548|467633|696785|949804|133966|283561|474173|706205|952101|143534|305350|478435|709743|960070|169987|323974|502475|712367|984137|170473|335565|510244|769889|988426|178763|336880|520263|772995|989667|187366|352903|527189|780873|991737,True,https://myhora.com/lottery/result-16-02-2559.aspx,2016-02-16-BE2559.html
2016-02-01,ผลสลากกินแบ่งรัฐบาล งวดวันที่ 1 กุมภาพันธ์ 2559,2559,927800,6,054|076,09,927799|927801,,421977|513583|669966|877415|977144,327079|387830|480226|610214|803320|355179|470389|539207|700211|979451,033246|321202|466421|617418|828209|040352|333643|470459|628937|829788|045788|357228|477838|647383|866618|054060|384554|493526|649715|904982|093108|402789|499994|659610|913939|134510|412919|512905|697758|921838|206759|415922|528698|700370|958191|234686|417587|548571|765209|963196|291873|438140|598673|773763|966454|295527|462942|604062|797430|971741,006062|182722|380476|577984|774678|006355|193490|395720|586708|793680|012470|199136|407239|590005|836359|014447|219809|418100|627676|841181|016164|222429|419912|628948|842701|021085|292313|433055|653077|844012|064335|294723|437811|657625|855733|065675|298994|451385|661771|856877|067687|310461|455265|663099|859437|076515|315470|491146|664006|863137|096156|317656|510389|692466|865103|098149|320656|523955|700317|873227|104441|325148|530783|710071|909722|109141|327186|535279|723056|921934|115316|331747|544294|724789|950878|120448|337732|549054|725799|958966|120458|341954|552847|740040|961182|150767|347251|555891|751169|961268|168000|355552|556889|754764|966812|174107|365908|568042|756895|988013,True,https://myhora.com/lottery/result-01-02-2559.aspx,2016-02-01-BE2559.html
2016-01-17,ผลสลากกินแบ่งรัฐบาล งวดวันที่ 17 มกราคม 2559,2559,304371,6,743|786,50,304370|304372,,635517|719925|863250|898561|962172,101229|185130|302526|650979|747383|124345|195045|320976|706067|993241,028558|205631|356514|543544|773831|095082|217822|357000|579999|780324|112794|223805|403545|586163|781308|117723|238486|405225|593368|795907|120255|259133|430738|606197|796255|126501|286018|492525|637172|822465|136372|298330|497301|685737|887713|150501|313365|507035|734863|910444|152293|334606|518441|735749|924725|187945|338696|542928|758204|945904,001410|227537|489987|667935|840991|015229|247926|493681|679588|843574|025702|248412|497967|684441|848288|032428|257702|499563|696479|853220|039920|309046|500926|705460|880104|063057|309453|503198|711757|883237|073108|320003|517239|711772|896835|073924|323445|557136|712199|906654|086287|325507|569819|713505|912863|087905|359359|595300|715453|919646|108491|383443|600330|720116|926327|125111|384290|605871|720676|930026|126248|413559|615431|726732|953845|133201|421067|622532|730238|955097|146769|438128|622835|752440|956097|164688|444767|640420|777850|962931|174065|446406|658580|785520|974008|182305|451305|664989|789755|976609|193588|457869|666043|805315|990523|202830|485617|667827|810336|998358,True,https://myhora.com/lottery/result-17-01-2559.aspx,2016-01-17-BE2559.html
2015-12-30,ผลสลากกินแบ่งรัฐบาล งวดวันที่ 30 ธันวาคม 2558,2558,008217,6,596|895,02,008216|008218,,343328|543268|587804|690256|816492,009764|463963|695166|763512|901994|417994|547641|695442|837818|906490,038990|158314|360912|542603|714133|046243|197505|367057|585613|725962|067885|208894|370868|586004|793535|069814|215346|377485|589650|806755|080874|252344|443959|663715|816668|082126|278000|484512|677997|868430|095746|280362|487215|681234|918571|128198|332602|489797|698376|957590|130204|333382|492832|710844|974911|144847|359594|521074|712920|975397,022587|210506|352811|562959|841523|032601|215951|359044|575856|864328|034917|220392|367856|596963|864696|034944|242344|370892|619477|869157|038004|245977|374946|623471|870068|042747|257166|384975|625789|871299|061444|259446|391863|650932|873963|079421|260228|394448|673880|874688|079437|267133|410823|676409|876737|080712|272792|423728|759628|877823|106439|285852|432558|766930|900023|107356|287749|520015|770881|903299|128087|297963|526061|790971|915787|128439|300773|526851|798045|934717|142482|307538|528295|798104|954330|146519|316700|530525|804357|959184|152417|321926|531553|811891|961473|161027|329957|533327|820247|971938|182964|330533|546577|828751|980469|209056|345623|547734|839067|999429,True,https://myhora.com/lottery/result-30-12-2558.aspx,2015-12-30-BE2558.html
2015-12-17,ผลสลากกินแบ่งรัฐบาล งวดวันที่ 17 ธันวาคม 2558,2558,930255,6,094|638,08,930254|930256,,461747|572308|590195|709695|759077,013423|088572|469240|685092|979898|085308|267151|495308|908538|982424,019819|155419|339566|534724|811971|034603|186120|371783|581519|849498|044615|186350|384412|629220|862070|104970|198295|399480|664658|865761|107310|207989|457972|678787|914915|111463|240420|467375|690700|927545|130870|255350|478665|691104|932477|133775|259561|521680|736425|945949|134367|270450|521938|737428|961025|142164|331518|532062|805406|992743,003149|121118|356363|596354|813255|003159|148606|378575|596905|817431|006180|161581|381048|619849|823693|007523|166345|409983|624342|826285|017113|181624|421950|636004|843320|019319|196947|424536|657554|844466|022265|219174|434494|673136|868865|038905|226180|438891|677399|873170|044698|228403|451441|688435|881454|049059|231118|454195|700670|895612|057678|242060|459521|702630|901781|058183|247644|466274|711451|901813|065245|253181|478652|715412|908848|066253|262342|543608|716501|915455|080426|290004|544824|725862|915999|082160|292971|548844|748532|939309|086266|296708|564459|756233|943531|093384|314735|568848|760146|964067|106796|329416|580776|767711|992848|111623|334132|588762|793103|997307,True,https://myhora.com/lottery/result-17-12-2558.aspx,2015-12-17-BE2558.html
2015-12-01,ผลสลากกินแบ่งรัฐบาล งวดวันที่ 1 ธันวาคม 2558,2558,915350,6,175|714,78,915349|915351,,186547|262596|277403|713102|882666,056355|158468|259152|404975|906448|066975|204460|298530|521895|937315,034673|203345|545618|714515|915429|049528|243410|553186|724186|916632|077803|252157|564622|742799|921043|093154|312303|569165|773018|925790|116166|313975|625548|781062|932731|144406|331121|630233|787389|937784|150919|347483|694380|804360|961180|153979|348401|700169|828637|966567|159851|450528|708893|834797|974672|187428|452728|713359|866191|986125,013337|259197|454174|668686|844400|027756|268033|454804|669425|854338|043606|272460|456646|687271|854430|055057|308690|476346|706424|859326|075001|309167|489516|706494|866003|088558|309222|490160|711560|866685|089231|328121|496599|732635|867036|120412|341787|498401|736325|879082|122660|344678|510706|737303|902509|125713|348701|516827|751264|913027|139526|357685|524321|761991|927786|152213|392190|529196|786479|933329|154379|393469|538924|787971|938569|160534|409242|560478|815476|944432|173066|409840|582408|818846|945314|181739|415901|610846|820040|947432|215609|431201|642235|824318|959413|217645|433696|649462|826732|963533|225677|438941|651016|830418|983794|226265|446815|667602|842136|984016,True,https://myhora.com/lottery/result-01-12-2558.aspx,2015-12-01-BE2558.html
2015-11-16,ผลสลากกินแบ่งรัฐบาล งวดวันที่ 16 พฤศจิกายน 2558,2558,795283,6,643|802,03,795282|795284,,244435|374108|592500|722838|858446,010169|302555|525699|585880|796016|231159|393770|533275|641983|996479,024981|191997|463602|557759|748683|077694|251979|466546|595084|758945|093540|256808|468071|595570|777975|099286|262124|505036|614012|832815|117963|283406|507642|645249|834176|121828|286044|530590|652148|878194|149316|325439|539868|653353|894762|153511|330813|541026|653696|914502|181805|374333|546154|699078|923599|189179|389207|548108|720149|954622,000095|186317|435687|637910|795014|004196|200577|442628|646669|816524|007306|209119|455549|653804|818006|023123|213954|462470|657112|820515|031095|215988|471675|668572|822846|033479|220981|474762|681064|855378|057685|223383|479606|682520|858535|059527|226278|487189|693819|858679|074094|229018|492905|727175|880021|079263|264685|519645|729432|885932|087801|355617|525842|737592|887500|099304|361053|540447|738766|888647|102807|380976|569054|741978|898547|122445|384857|579985|752051|921860|134683|403042|589911|759962|935210|136467|410585|592654|770884|940306|139735|411941|601389|772586|955121|140579|415798|615688|790341|970992|162760|417164|616829|791712|973335|180862|430836|625154|794848|993595,True,https://myhora.com/lottery/result-16-11-2558.aspx,2015-11-16-BE2558.html
2015-11-01,ผลสลากกินแบ่งรัฐบาล งวดวันที่ 1 พฤศจิกายน 2558,2558,361211,6,166|473,45,361210|361212,,167235|460184|535698|719026|940103,016472|202526|488174|606561|915039|178625|403930|529989|691888|929866,016848|228010|453859|568464|839804|022426|242564|459811|579141|843791|040741|283428|473208|594448|855137|042710|289643|489778|636977|866989|087733|291242|525565|666508|923220|089089|313472|533577|716369|951031|094153|362402|535025|746968|970659|109916|374776|535486|773013|977579|158025|425814|543482|773935|979554|162529|450085|556590|811156|981360,014849|158692|340083|503805|736726|020250|164455|354729|506180|740849|041901|181084|365089|511650|755018|053773|182365|369496|525737|767556|060938|182403|375867|527550|777146|065269|213032|418592|531333|803614|070147|219685|424795|540006|803690|083930|234965|425999|555797|822135|087828|236373|429691|579411|832607|097817|241936|434949|588966|867985|100818|244557|446285|599494|880490|103335|279082|452432|617250|880975|113740|280334|456712|641361|912226|115053|282310|465926|652088|926168|115105|282649|467201|665634|930767|119685|296301|468972|684753|932370|121803|299410|475156|702717|963142|125805|308128|486435|711915|969332|145606|309203|495560|727276|979511|152729|338274|497998|729043|981356,True,https://myhora.com/lottery/result-01-11-2558.aspx,2015-11-01-BE2558.html
2015-10-16,ผลสลากกินแบ่งรัฐบาล งวดวันที่ 16 ตุลาคม 2558,2558,968630,6,054|412,62,968629|968631,,196331|451495|452060|714256|856636,053105|077564|241531|442786|716350|062781|211944|362825|571984|837619,018215|285693|519961|670599|895907|067735|292031|526437|670932|900777|093903|352970|529740|687918|928613|119436|388024|563440|703986|940840|140109|391078|602558|705160|941494|172986|416850|606619|758480|946146|243803|468011|619938|761766|950638|247515|488431|632403|814075|960529|275210|498738|643008|828436|963079|283110|504551|649631|864997|982384,010719|181569|381124|539220|774909|025719|185649|383463|540714|804308|035541|197165|391055|541713|811682|048430|199717|400061|569958|814216|052920|213770|425419|572464|820651|054353|236031|426724|590700|827269|091919|240685|449323|596817|837040|092837|241289|464580|626854|849805|097032|242742|470070|627543|852652|110346|271573|475041|632988|867331|113291|288930|476364|639336|868742|118044|290172|481742|645766|900661|126498|291465|486890|647778|930073|129306|309107|493899|655227|942340|130346|314070|495361|656348|958670|140606|316097|495690|689275|967050|155739|316907|498134|726257|969991|164904|317802|500615|726881|976063|168539|371977|508187|750922|982781|171055|374040|533194|759793|985804,True,https://myhora.com/lottery/result-16-10-2558.aspx,2015-10-16-BE2558.html
2015-10-01,ผลสลากกินแบ่งรัฐบาล งวดวันที่ 1 ตุลาคม 2558,2558,594825,6,440|799,07,594824|594826,,509215|638046|869272|978700|996260,010049|108084|521320|753257|887302|011171|191254|603684|872669|967921,015795|171885|342861|498626|739645|022358|192290|350303|510136|740891|056975|203879|415440|537878|803186|060074|235443|417147|553995|803395|068558|260449|424070|576157|831059|070971|284237|424281|592156|913313|096388|293371|438728|620591|913801|114665|303776|465561|658194|921705|125719|319911|473276|700786|950942|146596|320455|493214|730073|983892,014816|185306|441041|611840|768787|021479|217609|443943|619424|778229|025853|220060|452434|622227|783118|026488|254377|471658|623292|784860|027429|275701|473709|641702|798649|048185|282432|480238|680110|803861|054862|288172|502272|683273|811750|056819|289966|508607|691327|820108|077690|293672|513873|693914|833499|092570|302233|526102|707927|864556|095334|305913|542708|710460|869874|097119|308244|552190|725878|881885|106903|308748|554724|729186|893638|108145|351547|561971|733365|901882|112614|354088|566425|734679|917298|134829|361412|582439|737892|923902|135042|375741|590447|742862|941911|156493|391468|590819|753692|959375|178399|427690|599005|754430|984980|182124|433764|610968|764757|988221,True,https://myhora.com/lottery/result-01-10-2558.aspx,2015-10-01-BE2558.html
2015-09-16,ผลสลากกินแบ่งรัฐบาล งวดวันที่ 16 กันยายน 2558,2558,743148,6,084|375,06,743147|743149,,256213|428676|578050|902293|976084,018853|092726|197197|521349|852021|070764|193258|221784|558156|927532,002054|165713|324554|634626|830119|013707|199432|330006|690999|839447|018774|215573|364474|708124|844772|021487|224718|418325|733471|847966|024302|236129|424648|740194|927162|062855|239060|453359|759044|927719|088890|244300|473850|783103|979830|089428|269677|481484|799285|980987|101751|277245|625660|810452|985386|157472|321782|630980|823434|986398,001701|197327|404999|634384|811356|013966|198373|409022|642676|818158|024358|201718|413141|669859|846737|044997|206322|428748|676076|853694|058549|282166|428943|678505|853879|071829|283224|433892|700693|865128|085606|289236|446728|723338|874249|093382|290739|452320|726648|901627|098960|318311|472633|739596|906918|137390|335877|478830|741889|910223|143763|338169|511802|757868|915080|150682|354632|526806|759373|915447|160508|363639|533667|761758|943623|172252|367626|554406|767986|947011|173231|381794|563294|773062|955014|181304|384162|575914|781098|957331|182747|386726|589663|789150|969301|193847|392931|596704|793289|980499|195499|394992|605489|793289|990473|195896|397980|620641|809689|998835,True,https://myhora.com/lottery/result-16-09-2558.aspx,2015-09-16-BE2558.html
2015-09-01,ผลสลากกินแบ่งรัฐบาล งวดวันที่ 1 กันยายน 2558,2558,021094,6,068|819,89,021093|021095,,049585|227915|274514|312266|846674,082869|157263|247194|428710|754988|091929|218239|329358|507487|999770,000467|247871|404137|596172|813278|012922|253769|444269|606526|827256|028773|303019|448038|612032|900653|133727|305294|451399|630657|917919|145163|314291|461489|633808|922815|153683|343066|482564|641052|941864|155431|359022|499959|708203|963426|195921|367990|566718|754820|968072|228222|386389|586820|786095|978882|247236|393421|589288|790255|994729,002045|237676|438993|665931|843607|014668|242105|466266|675331|849198|046709|249674|483577|680183|871811|060774|267949|500182|698012|872795|065680|276768|501316|714964|877321|070660|285834|501857|729317|886018|079870|298071|504513|730411|898948|094668|298414|515226|741781|905468|095982|310209|518433|748095|906478|112817|324915|532886|751480|907877|115416|329764|536019|753390|911873|126796|337111|538987|768549|920495|126960|361678|551188|772857|924699|130145|367169|558572|784609|942249|130336|375351|568402|789425|954664|154153|388771|626795|793947|963887|164919|394083|634683|800415|967127|167353|399006|638011|812413|973082|210760|412347|660924|818296|983116|235597|415599|663878|829917|989930,True,https://myhora.com/lottery/result-01-09-2558.aspx,2015-09-01-BE2558.html
2015-08-16,ผลสลากกินแบ่งรัฐบาล งวดวันที่ 16 สิงหาคม 2558,2558,033363,6,227|624|648|781,40,033362|033364,,237761|311626|475040|666669|864720,001811|249450|308520|374916|558296|220927|249505|310775|531299|714957,042221|218017|455532|600204|826376|054403|275019|466114|614039|837674|118435|328762|491520|677653|847386|133575|376665|494005|696057|854138|160181|400155|517921|698960|884463|168551|428754|537468|714413|892735|170787|433049|538140|743343|933802|191297|433294|563338|760345|952146|199132|446796|569235|796369|952416|207791|453969|584717|798323|974407,004996|197289|375323|599294|758805|005291|202265|376568|620093|763600|015994|209025|388708|629039|763763|050321|220040|435384|636145|783970|054501|240973|435709|637095|785594|057666|247377|449567|654310|827188|064291|251284|453524|662319|839223|077229|262591|467970|681097|840466|082688|289918|504170|686362|843252|083327|300725|506248|688870|853290|085652|301881|506306|689797|867663|087837|302832|507155|711005|907143|099567|309638|539638|725660|944656|105013|309824|551736|728600|953136|113483|323302|553333|734833|965841|126813|340630|556001|738321|967433|129937|344414|580771|742455|975503|131836|356534|586796|744984|979833|183965|366514|589613|753049|981843|184680|372826|596565|757014|996611,True,https://myhora.com/lottery/result-16-08-2558.aspx,2015-08-16-BE2558.html
2015-08-01,ผลสลากกินแบ่งรัฐบาล งวดวันที่ 1 สิงหาคม 2558,2558,518677,6,333|598|648|889,53,518676|518678,,178566|251134|740798|762092|815107,020384|141504|384173|559790|716812|025519|192734|422150|605683|739097,008783|148345|311110|642670|808813|038204|149909|327820|655919|809336|044544|162704|332486|674912|826185|046283|214956|352515|694603|830792|047200|262441|371243|713268|849373|047305|267684|435860|726181|911701|073005|271008|443336|766569|913119|081092|273050|453890|788803|933920|124345|281517|498191|792257|935595|136798|307316|575751|793705|996464,007872|347068|537716|680094|890498|019796|348051|552024|695100|898593|027212|350704|556859|696116|899670|034878|358929|573060|699056|902509|040515|359447|577851|706076|905323|058714|363612|600013|707561|907227|072237|365241|606953|719826|907327|082076|382497|606964|726321|909004|100278|385366|611357|726406|913981|120791|426145|616981|730912|915652|133273|438295|617755|738599|919903|167365|444000|620599|742852|931002|176944|449871|621094|744312|935821|187033|466759|621659|746081|940388|225454|477960|636965|753101|953993|255617|480421|645083|759435|974086|259558|500667|650909|773252|978244|301638|502450|656557|822792|980152|315162|506826|666002|824011|980975|342107|510527|679142|886531|994067,True,https://myhora.com/lottery/result-01-08-2558.aspx,2015-08-01-BE2558.html
2015-07-16,ผลสลากกินแบ่งรัฐบาล งวดวันที่ 16 กรกฎาคม 2558,2558,121507,6,294|461|761|830,49,121506|121508,รางวัลที่ 1 พิเศษ กลุ่มที่ 1 รางวัลละ 30 ล้านบาท ชุดที่ 19 หมายเลข 121507 กลุ่มที่ 2 รางวัลละ 20 ล้านบาท ชุดที่ 51 หมายเลข 121507,186674|370940|544499|601679|837831,111057|276466|786170|823492|903008|165950|576343|822796|892478|952168,004386|168194|396006|527003|871140|007335|204736|425625|535977|894751|008940|215188|433709|561308|899444|057086|230865|437719|564762|916321|058601|261969|444843|576271|918834|089494|267381|461626|696563|948882|120541|267849|482182|703914|951724|140203|289129|483669|746958|956492|160247|342427|490115|837134|960832|164502|346712|518056|861983|978532,012703|296154|415458|590516|765382|015861|296781|419791|596631|774503|047720|302156|426948|616949|822392|052654|316397|430246|617861|822656|067309|325677|438119|635101|823427|072645|331488|443904|640287|830441|083192|338556|457846|662617|861319|083965|342712|466360|670414|863245|085607|343853|472847|688736|881610|088243|368799|472894|705979|891176|100706|373582|499884|708680|905161|104339|375517|504453|710382|926983|120961|383774|539106|711593|940461|143208|384068|541594|715345|947070|146105|387781|544982|722574|961156|185916|390818|552086|725551|965883|223102|400401|558533|726179|971495|249618|402638|562747|746359|976885|252116|405928|573511|748409|979796|294634|409385|576976|749673|994067,True,https://myhora.com/lottery/result-16-07-2558.aspx,2015-07-16-BE2558.html
2015-07-01,ผลสลากกินแบ่งรัฐบาล งวดวันที่ 1 กรกฎาคม 2558,2558,759049,6,081|565|567|814,26,759048|759050,รางวัลที่ 1 พิเศษ กลุ่มที่ 1 รางวัลละ 30 ล้านบาท ชุดที่ 08 หมายเลข 759049 กลุ่มที่ 2 รางวัลละ 20 ล้านบาท ชุดที่ 58 หมายเลข 759049,142165|448978|502364|753462|854574,144179|293814|413926|671896|727884|288876|324551|593692|699222|999461,006873|109030|350365|567537|746643|049127|135799|356966|596157|747900|054572|153022|364220|601731|763451|056744|153120|385016|610651|799386|064927|186666|405810|618490|810176|071259|191054|419578|687399|844396|086480|232738|468987|690745|899581|095174|282197|499648|703403|922658|099644|307547|512691|738619|975820|107939|313159|557359|740124|992640,012859|236430|424197|589751|757556|013023|239305|436420|642514|764070|019616|240403|439639|659263|774570|024132|241370|445431|668262|777749|046131|248781|465120|670345|785527|056763|252566|465254|676574|802076|062749|279034|474216|679549|804300|076192|285773|494849|691547|806104|082444|312933|498868|692394|830724|089338|320978|507636|707856|831657|090677|334637|508018|715316|843233|098863|335536|516337|718278|844877|158847|337919|532638|719458|899794|160613|343350|534538|726178|902056|173962|348777|535290|726746|926611|181185|353524|537647|731270|935923|182685|364776|548374|741051|949808|202971|392356|564236|750988|970075|204577|397410|579668|755131|974150|207748|403162|583908|757062|986856,True,https://myhora.com/lottery/result-01-07-2558.aspx,2015-07-01-BE2558.html
2015-06-16,ผลสลากกินแบ่งรัฐบาล งวดวันที่ 16 มิถุนายน 2558,2558,644742,6,253|386|429|532,05,644741|644743,รางวัลที่ 1 พิเศษ กลุ่มที่ 1 รางวัลละ 30 ล้านบาท ชุดที่ 17 หมายเลข 644742 กลุ่มที่ 2 รางวัลละ 20 ล้านบาท ชุดที่ 61 หมายเลข 644742,030318|466912|477531|514169|624107,020519|069920|094926|312720|652259|050950|085704|253213|465904|727902,002315|253017|382873|612157|797590|002635|262871|401366|639082|800734|013178|271447|403710|663379|802107|061510|271863|415399|681060|826522|063145|272709|508537|718956|832240|086317|321754|546591|719887|845517|188097|328289|553102|740728|865249|225661|338173|579732|749428|920576|242384|340122|581365|778272|939792|243160|358586|610807|787435|959594,037146|240370|413247|620680|794898|049286|241538|414631|622418|806234|056850|245634|414750|627917|843578|068839|247080|416869|634001|849817|074712|281252|422863|644404|852997|084921|297805|430942|660978|872499|084930|315308|442246|667333|883416|086723|354058|470269|679324|883610|089583|365704|481927|679837|886944|122048|369786|483250|699964|891000|123833|374680|484647|713188|892711|129188|376138|510235|716220|901607|136798|377030|538437|722096|919751|137042|381827|570239|730938|922291|154367|388657|572765|735041|932794|161380|388727|580583|739965|950366|165377|389766|594984|750335|960877|170308|399371|604596|760851|962850|233106|400189|610303|777702|968047|239792|402115|612360|788094|986283,True,https://myhora.com/lottery/result-16-06-2558.aspx,2015-06-16-BE2558.html
2015-06-02,ผลสลากกินแบ่งรัฐบาล งวดวันที่ 2 มิถุนายน 2558,2558,388881,6,314|700|876|969,65,388880|388882,รางวัลที่ 1 พิเศษ กลุ่มที่ 1 รางวัลละ 30 ล้านบาท ชุดที่ 29 หมายเลข 388881 กลุ่มที่ 2 รางวัลละ 20 ล้านบาท ชุดที่ 62 หมายเลข 388881,043212|397962|476940|547077|693749,197527|636485|737801|806487|849241|386592|726055|756305|810937|902054,013168|282451|404416|547853|782640|031256|283131|410767|570420|789142|064461|301689|430561|580903|792424|073253|308504|436285|586832|854863|095615|314898|476230|589793|873732|107528|371872|476658|604084|905778|193460|374637|521710|628879|906568|199664|376682|538624|684411|924100|230380|389980|539253|765560|985171|267488|397263|546570|774725|990305,012024|175768|393016|581605|833881|012814|188695|411395|590083|834142|019306|198490|411992|592303|853185|020696|208145|415451|592490|865145|035758|221848|419167|602660|870212|074831|235984|420301|628997|876680|083786|241283|426513|633654|884405|083894|252896|433817|639355|888259|096692|266379|436377|658275|905168|102500|268710|494560|683020|915634|102835|270051|517123|751452|921479|104669|289160|522734|756300|927873|121936|302591|525742|756456|937110|122586|308073|537297|766395|953021|154875|316425|543703|796586|956548|156450|336958|544657|797470|961390|158902|349449|551313|806991|977475|161977|354343|564393|813581|988211|162821|363200|576684|816422|993430|165744|363813|580766|818768|994918,True,https://myhora.com/lottery/result-02-06-2558.aspx,2015-06-02-BE2558.html
2015-05-16,ผลสลากกินแบ่งรัฐบาล งวดวันที่ 16 พฤษภาคม 2558,2558,011421,6,484|799|851|928,38,011420|011422,รางวัลที่ 1 พิเศษ กลุ่มที่ 1 รางวัลละ 30 ล้านบาท ชุดที่ 10 หมายเลข 011421 กลุ่มที่ 2 รางวัลละ 20 ล้านบาท ชุดที่ 61 หมายเลข 011421,108831|432344|776068|835445|888178,086820|299490|587421|681571|766304|123161|330393|610356|724764|778781,023394|171244|520522|652387|801522|029776|192735|523416|665894|820338|068564|205044|530536|678275|833645|089913|286411|551125|684606|834157|095382|310405|552844|692511|835942|105120|320625|561610|709730|842839|131316|390325|607521|716222|848619|134650|398039|614851|720911|912612|158822|408630|627875|740327|919429|164380|423950|640879|760695|986547,007825|206618|404006|616273|786738|017983|209427|423582|618787|802487|022681|214535|424328|619324|833428|043589|224034|456870|623016|838361|076147|228731|459579|639299|838966|091420|236829|471709|651655|849282|101492|263023|486669|660988|850302|102617|265190|494404|663348|863629|107879|272447|494769|664350|866849|116343|302298|508128|672644|884791|132021|309241|521725|695414|898108|133047|339706|528604|716507|915782|137850|355047|529206|728273|918441|158366|356357|531300|733448|923683|168867|358596|533784|736090|937261|176191|361382|543329|739813|946785|193296|365839|589817|741660|953554|199639|368486|596569|756359|961708|201161|375871|606487|778223|981060|205452|379963|610012|784951|986482,True,https://myhora.com/lottery/result-16-05-2558.aspx,2015-05-16-BE2558.html
2015-05-02,ผลสลากกินแบ่งรัฐบาล งวดวันที่ 2 พฤษภาคม 2558,2558,543466,6,163|195|366|818,30,543465|543467,รางวัลที่ 1 พิเศษ กลุ่มที่ 1 รางวัลละ 30 ล้านบาท ชุดที่ 25 หมายเลข 543466 กลุ่มที่ 2 รางวัลละ 20 ล้านบาท ชุดที่ 67 หมายเลข 543466,125430|136215|538676|699840|888856,025251|245134|360189|561270|842572|154249|303307|538540|575517|859431,006742|228682|434780|656045|817456|052167|242497|461090|669953|827229|056392|265038|463272|673561|863151|058537|307315|502877|697049|890822|067687|307667|512781|697087|895367|114033|337046|519866|728745|901278|128200|381958|569089|734811|917538|148251|385355|591474|745632|933862|148315|415936|607543|801386|973510|210686|427742|623578|804338|975159,012146|211369|447981|656675|840928|039664|216594|450090|659752|841677|049214|226514|453204|671246|841972|061797|243178|453219|674863|846636|069961|245637|461366|679291|890428|081450|252100|488367|706736|892103|084265|257180|498866|708820|908726|116532|277315|520038|712897|926237|123151|290047|522979|713029|930414|129411|299993|534769|716711|930733|131544|308427|547452|730566|933000|132958|311638|548204|733547|944218|134777|314992|551418|772704|958466|137664|339092|583697|797868|958685|157609|339996|593008|799349|959234|170021|402797|603630|810299|976490|180329|404006|622644|813632|977263|182749|428171|625945|819759|979350|184959|435863|626850|823395|984282|208077|440402|644360|839624|987779,True,https://myhora.com/lottery/result-02-05-2558.aspx,2015-05-02-BE2558.html
2015-04-16,ผลสลากกินแบ่งรัฐบาล งวดวันที่ 16 เมษายน 2558,2558,506260,6,101|164|495|973,38,506259|506261,รางวัลที่ 1 พิเศษ กลุ่มที่ 1 รางวัลละ 30 ล้านบาท ชุดที่ 17 หมายเลข 506260 กลุ่มที่ 2 รางวัลละ 20 ล้านบาท ชุดที่ 58 หมายเลข 506260,030850|221215|372884|643834|954583,026043|142065|254052|518371|813134|085367|233600|495354|617913|981828,006845|162147|388723|645746|835624|009766|186693|455746|647445|838578|013945|216682|462370|649480|864358|043858|230685|466590|662871|909196|063027|255379|487774|666136|910172|079637|259498|490542|713117|942437|092572|276008|537674|726657|958133|110224|286416|538511|752916|967420|115033|330812|545085|792014|973876|135376|354109|559727|830566|983215,011262|271408|470947|614908|737971|019426|273282|490627|625599|777646|057422|273920|508220|651030|796910|065635|283890|509574|658022|800548|068188|301330|515143|676797|807284|081587|308213|519979|677393|816458|082066|313976|530391|678875|831412|093156|318225|533905|683696|833692|095875|328147|542640|684510|841685|109331|353975|544435|686725|858633|113235|365235|551499|691882|860920|129995|365296|562693|707311|880217|167361|365848|562983|710090|886517|190397|367197|563793|712043|887959|204224|376713|588452|716302|896179|207874|411893|598156|719258|900192|228885|416861|599180|720595|922937|237152|426910|610593|726583|925561|239569|449646|611163|727066|926657|260746|457861|612636|727605|938458,True,https://myhora.com/lottery/result-16-04-2558.aspx,2015-04-16-BE2558.html
2015-04-01,ผลสลากกินแบ่งรัฐบาล งวดวันที่ 1 เมษายน 2558,2558,605704,6,557|558|861|962,70,605703|605705,รางวัลที่ 1 พิเศษ กลุ่มที่ 1 รางวัลละ 30 ล้านบาท ชุดที่ 06 หมายเลข 605704 กลุ่มที่ 2 รางวัลละ 20 ล้านบาท ชุดที่ 54 หมายเลข 605704,060886|190823|762036|768911|960814,011446|156158|261473|586544|746483|022912|171166|343539|624000|937313,020830|250032|535079|693238|872424|051037|290351|543487|705185|876526|104237|300144|563162|707628|896763|120606|303281|567045|708523|900169|153195|358599|574460|728655|908561|189553|370678|585207|754270|943203|217903|430527|659439|756069|953870|227821|482630|666449|815217|960591|234080|513091|676441|861227|961929|241255|533897|686985|861426|980218,012121|216153|410332|537280|833374|033475|216674|411533|538623|836942|041806|217432|411842|552208|839618|045488|224172|426657|569140|852647|094793|228857|430684|577572|857724|098464|240987|431899|600683|872335|115754|261914|433859|600896|875367|121846|274519|437269|609180|882274|125199|309995|439451|629136|895437|125601|318122|441812|641655|904204|129143|336138|448927|654017|906862|139282|356128|451286|663129|913137|152301|357273|462294|685682|924972|172272|369460|463767|735016|925547|172476|372058|467799|750251|930505|176509|378882|482337|757476|938260|183373|381007|508375|765268|946036|185571|393410|510680|767680|970895|201580|401302|528323|770533|979099|214581|410224|536795|770888|998181,True,https://myhora.com/lottery/result-01-04-2558.aspx,2015-04-01-BE2558.html
2015-03-16,ผลสลากกินแบ่งรัฐบาล งวดวันที่ 16 มีนาคม 2558,2558,048151,6,339|622|623|757,92,048150|048152,รางวัลที่ 1 พิเศษ กลุ่มที่ 1 รางวัลละ 30 ล้านบาท ชุดที่ 27 หมายเลข 048151 กลุ่มที่ 2 รางวัลละ 20 ล้านบาท ชุดที่ 63 หมายเลข 048151,000369|266527|331991|478311|899699,208689|567240|772370|833308|897377|349830|629122|824800|896662|944556,037258|241655|416593|628159|821305|048996|246886|427865|631039|822488|057469|264315|439132|647060|830751|065326|300551|443591|681316|839957|067982|339631|453158|699640|887360|077084|364989|522566|717534|904744|137182|373283|542600|728347|925142|160528|388337|549818|749898|927967|167993|388919|564753|753893|931127|176151|393221|565447|759879|935766,013320|161045|344120|532951|706281|018420|171320|354661|543866|726298|018535|175297|374628|554277|732524|020162|180728|382378|556468|740596|020356|187931|399643|559926|759294|023335|209034|414153|564374|761784|027917|213769|416833|581992|790075|029295|219636|423864|582946|794024|041815|219940|424777|600196|800886|043262|230694|430674|603318|801266|046545|231283|443284|605804|812194|055721|232086|444845|613414|851886|063451|240469|457434|616005|858447|066535|252667|461446|622104|870759|077902|265549|470948|622499|871619|101346|278833|472145|626655|896152|105880|298948|488549|635163|939514|127495|327798|493459|650300|946253|135919|334224|496993|660608|951102|154320|335554|500973|679055|964523,True,https://myhora.com/lottery/result-16-03-2558.aspx,2015-03-16-BE2558.html
2015-03-01,ผลสลากกินแบ่งรัฐบาล งวดวันที่ 1 มีนาคม 2558,2558,240237,6,008|031|498|857,34,240236|240238,รางวัลที่ 1 พิเศษ กลุ่มที่ 1 รางวัลละ 30 ล้านบาท ชุดที่ 20 หมายเลข 240237 กลุ่มที่ 2 รางวัลละ 20 ล้านบาท ชุดที่ 68 หมายเลข 240237,291528|324333|368353|802737|958936,032598|108880|204447|431950|746924|071014|145009|427689|575962|855942,016950|281611|410334|633047|870765|019495|292530|442409|659646|881248|041614|293350|463813|660327|893267|077229|308671|464338|666143|895969|131414|345444|503274|686321|906331|172875|377824|537525|724281|925696|209118|385295|545973|777708|927031|227620|388488|554648|793467|956210|241114|388971|563479|821752|960302|280414|405312|615241|822997|989189,021676|171786|441370|663115|777162|029808|180855|447374|666912|782044|030041|218337|454694|677349|792912|030814|223357|462833|681210|794355|041206|225107|478087|685287|801238|042305|239388|505837|692092|841492|043006|246868|530759|693329|862231|049737|264470|531772|707677|863892|053306|276941|538354|711598|866315|054997|290937|538869|714300|869881|075645|294884|540087|726237|888026|080905|325061|561920|728330|892760|105937|330645|562196|732632|909499|119474|351536|566908|732745|909534|121370|351830|570945|746152|923532|138275|352590|572318|757886|927126|140302|361604|630293|759365|930832|146254|365232|647009|760184|941324|148691|369762|654727|760687|949295|161666|420690|662929|761734|959239,True,https://myhora.com/lottery/result-01-03-2558.aspx,2015-03-01-BE2558.html
2015-02-16,ผลสลากกินแบ่งรัฐบาล งวดวันที่ 16 กุมภาพันธ์ 2558,2558,001864,6,103|392|825|843,90,001863|001865,รางวัลที่ 1 พิเศษ กลุ่มที่ 1 รางวัลละ 30 ล้านบาท ชุดที่ 01 หมายเลข 001864 กลุ่มที่ 2 รางวัลละ 20 ล้านบาท ชุดที่ 56 หมายเลข 001864,004811|339936|373123|846785|922634,015454|306513|469207|692125|961736|225154|401841|622383|809309|988458,010695|235843|472578|598641|726417|040121|284492|517629|642164|740726|058433|285858|519956|646967|827125|128578|287406|533367|672448|828181|130667|314207|543200|672800|871427|148485|325487|552203|695149|880409|153384|336463|556623|699611|895819|189002|369146|563938|717481|897566|212785|396020|572995|717573|907267|220552|412364|587529|723083|930063,005593|172283|417269|619258|846959|010934|205360|425406|631769|850745|011965|213058|434965|634866|855963|024151|214375|447843|643401|857132|038761|217807|466141|647091|861230|049437|220922|476922|648789|863943|060859|222489|478677|668025|868807|065982|232028|483666|672030|870480|081542|271325|487933|677649|889605|085495|327007|491946|682005|918564|085942|337520|507289|702768|919792|093130|340081|507791|704822|926864|115485|342334|521523|706233|938375|120655|342803|544878|742710|952065|134621|346219|559031|774540|962183|140213|355575|561011|782366|963730|140509|374699|563305|787678|965222|144302|385353|571463|810692|966122|148415|389286|584643|822095|967566|157769|395119|604147|840770|973709,True,https://myhora.com/lottery/result-16-02-2558.aspx,2015-02-16-BE2558.html
2015-02-01,ผลสลากกินแบ่งรัฐบาล งวดวันที่ 1 กุมภาพันธ์ 2558,2558,155537,6,008|083|286|813,79,155536|155538,รางวัลที่ 1 พิเศษ กลุ่มที่ 1 รางวัลละ 30 ล้านบาท ชุดที่ 25 หมายเลข 155537 กลุ่มที่ 2 รางวัลละ 20 ล้านบาท ชุดที่ 64 หมายเลข 155537,029158|275175|349398|390416|973598,166630|287595|456144|702469|861653|223822|389944|526312|721265|935825,023775|178508|345248|662028|830410|032740|180650|353288|683550|835717|050355|183615|411932|724385|838249|075244|190244|513418|744626|843337|088119|196560|517387|747454|851047|102040|277102|521643|751289|917373|114592|282394|526125|800808|920634|122515|284518|590117|806008|924031|134910|312400|620313|812291|934231|175720|328513|629098|814491|944085,004313|236469|380346|541126|756614|010671|238441|397550|576136|766593|016702|243867|399686|598104|847711|017418|246463|399809|625181|866567|021388|253209|413985|631275|867854|023357|253243|419621|635918|870630|032851|269205|425595|636598|885778|070723|271033|440012|636876|888685|071275|274378|444436|656013|899057|079026|289083|454822|662646|917098|088015|293423|458388|667733|920040|120023|297742|460498|693636|922148|122398|336563|486561|697651|922558|172270|340408|490817|702501|948028|189214|340918|492782|703114|948847|190777|342476|493954|705150|949489|190879|344028|499159|707800|961261|197748|350402|513631|712184|967829|206468|351482|524783|723666|978184|208041|365326|534066|752979|988136,True,https://myhora.com/lottery/result-01-02-2558.aspx,2015-02-01-BE2558.html
2015-01-16,ผลสลากกินแบ่งรัฐบาล งวดวันที่ 16 มกราคม 2558,2558,244351,6,068|398|595|877,74,244350|244352,รางวัลที่ 1 พิเศษ กลุ่มที่ 1 รางวัลละ 30 ล้านบาท ชุดที่ 05 หมายเลข 244351 กลุ่มที่ 2 รางวัลละ 20 ล้านบาท ชุดที่ 60 หมายเลข 244351,105716|140088|367023|428499|560726,197025|311573|578700|721787|836807|226773|319047|638054|732913|958110,024394|202134|368945|615287|817082|042860|205279|406432|621036|825394|048244|247564|421989|656642|855472|049184|262302|434662|689626|863919|133408|264492|490401|698557|866712|155737|267706|494362|722642|936585|167250|286787|570047|736509|941020|181783|307345|590845|744972|953553|185114|339975|600928|754629|954083|198609|363502|604947|812792|978351,005531|165931|347669|560188|736294|014857|166317|366117|570529|737565|018487|186003|370868|571536|746698|033001|191281|373898|596298|759781|039051|201321|413372|607553|760458|046679|201836|418503|624804|765168|047874|203157|434722|625368|772933|053446|215608|435486|639690|778030|060017|216981|439296|668771|786036|070705|217897|446350|676240|788451|072421|231665|459059|681469|802514|074164|247207|460743|682396|848962|093312|251622|462190|685604|873110|093740|265202|482633|687337|873981|105653|277463|493642|690726|881207|131326|282104|522282|700531|896548|131784|299441|527745|714997|906053|146066|309910|530333|718933|920870|152787|325843|542355|719234|984557|164942|341560|551676|720658|993251,True,https://myhora.com/lottery/result-16-01-2558.aspx,2015-01-16-BE2558.html
2014-12-30,ผลสลากกินแบ่งรัฐบาล งวดวันที่ 30 ธันวาคม 2557,2557,461704,6,535|853|950|982,57,461703|461705,รางวัลที่ 1 พิเศษ กลุ่มที่ 1 รางวัลละ 30 ล้านบาท ชุดที่ 13 หมายเลข 461704 กลุ่มที่ 2 รางวัลละ 20 ล้านบาท ชุดที่ 59 หมายเลข 461704,173698|232840|464050|646240|682065,010503|326244|400532|601796|795974|192551|358615|565372|789881|798504,032473|262561|428145|757518|896413|046253|268712|439727|760367|900257|093200|321492|526313|771786|908465|137045|324361|578991|780871|916202|175765|333257|583133|795850|938587|178722|386046|589780|805202|957923|184525|394776|611373|827064|958465|196837|396280|644245|839966|972836|201259|399177|665678|854339|976555|257541|421036|735551|856343|979527,004245|149212|301930|499132|761594|017944|150710|306955|507069|781754|035286|155596|323965|514431|830735|041044|158475|334297|517976|840983|041826|166952|335666|521156|849141|050732|169505|344781|541465|872963|054382|169955|346360|563476|879372|067240|169986|354710|568431|893407|068584|186424|360608|581558|899747|071163|210564|364594|604455|901867|073224|213260|371470|608451|910658|078452|221047|377822|614347|911343|086722|226057|383983|653294|911426|096788|233206|393673|659251|915075|110062|274909|395119|666135|917378|116117|278391|406697|692781|925173|117371|285822|418916|702628|946913|125060|287963|431301|713283|956878|141805|290725|472359|725821|960177|146552|298709|477584|739196|994746,True,https://myhora.com/lottery/result-30-12-2557.aspx,2014-12-30-BE2557.html
2014-12-16,ผลสลากกินแบ่งรัฐบาล งวดวันที่ 16 ธันวาคม 2557,2557,948354,6,080|763|775|901,90,948353|948355,รางวัลที่ 1 พิเศษ กลุ่มที่ 1 รางวัลละ 30 ล้านบาท ชุดที่ 30 หมายเลข 948354 กลุ่มที่ 2 รางวัลละ 20 ล้านบาท ชุดที่ 55 หมายเลข 948354,215527|305155|390096|469497|769143,061228|390110|684344|823715|918536|307098|516904|751542|906533|926158,030048|203885|400932|617683|757761|048326|210762|427948|639871|788957|079263|277420|437264|640198|809153|116405|282377|440509|653787|841184|130783|302828|466279|687239|902875|135931|320371|483311|709073|944086|153990|323797|528547|720899|952126|167508|346059|529268|729258|956282|167899|346425|559389|737760|960623|197040|382732|610262|749725|989204,019909|256228|506090|639461|806194|028921|272540|511724|642165|816658|039363|297975|519496|649986|819435|061327|317823|534040|651878|829066|064512|329329|534788|665182|851662|069888|343326|549340|674847|871658|104286|361809|552554|679251|875923|114289|368081|557231|679288|878509|115436|369666|581522|691158|879075|116561|427409|584756|711920|883125|118742|442264|585444|726747|906529|124182|444504|595225|747946|911161|127529|448875|597707|755569|930042|138347|466985|601672|759253|933295|151387|471345|602618|779747|951569|178606|478160|603440|780354|957359|184408|481019|608187|782511|960263|196370|489427|617168|792091|962130|246592|499733|623201|793239|972327|247319|505454|630997|801488|995955,True,https://myhora.com/lottery/result-16-12-2557.aspx,2014-12-16-BE2557.html
2014-12-01,ผลสลากกินแบ่งรัฐบาล งวดวันที่ 1 ธันวาคม 2557,2557,480449,6,161|380|580|820,11,480448|480450,รางวัลที่ 1 พิเศษ กลุ่มที่ 1 รางวัลละ 30 ล้านบาท ชุดที่ 18 หมายเลข 480449 กลุ่มที่ 2 รางวัลละ 20 ล้านบาท ชุดที่ 70 หมายเลข 480449,052015|267636|372639|523153|562855,162006|261716|357940|627619|846065|167990|328728|560226|667632|894517,001542|172642|399493|597354|858078|004738|190325|399678|604896|881579|033945|206903|404031|647485|888041|036790|209403|407022|663022|899410|040462|210166|447102|679788|910006|046363|230196|504825|686230|914482|072872|245166|521648|713955|931559|120216|259625|548482|727659|932712|145768|359161|558809|818973|940813|152001|397103|582382|838150|962499,009768|266378|453488|673159|852384|018726|268758|466468|682449|857042|052254|273063|468571|689938|861256|058070|289564|472523|692123|870552|058477|290236|481636|697024|876623|061657|293225|487648|708886|878482|082425|302437|494360|712680|879479|126000|360181|497532|751085|886095|143635|363461|528576|765175|886989|170684|381913|553519|766184|887655|174540|397600|555385|777008|897246|180931|422174|567255|782991|903084|182127|425412|572758|787186|912833|200263|425505|579153|789062|917656|209878|428768|608007|790836|918153|215919|437199|624344|800328|928697|230102|440358|636961|822853|930436|231689|441081|645460|823918|950423|235937|446588|655253|843165|970358|258959|446668|659203|846042|985881,True,https://myhora.com/lottery/result-01-12-2557.aspx,2014-12-01-BE2557.html
2014-11-16,ผลสลากกินแบ่งรัฐบาล งวดวันที่ 16 พฤศจิกายน 2557,2557,479804,6,179|422|480|709,25,479803|479805,รางวัลที่ 1 พิเศษ กลุ่มที่ 1 รางวัลละ 30 ล้านบาท ชุดที่ 10 หมายเลข 479804 กลุ่มที่ 2 รางวัลละ 20 ล้านบาท ชุดที่ 58 หมายเลข 479804,001831|134473|150252|367863|773636,027762|098738|333790|692585|795812|055963|201425|503755|723387|963959,000014|140615|301588|496653|816616|011724|153457|305525|504832|826432|060974|157702|312910|568112|832410|069168|166370|340131|575340|850341|075159|185672|405692|601403|897541|086789|189324|413155|656417|904348|088732|199203|434294|705520|916131|096077|216080|479983|751532|933697|129393|231383|483754|781404|957569|130303|271289|494959|803782|983321,021196|259476|432899|608290|756906|024396|261586|437305|611292|806399|026284|268474|451700|613299|810527|034375|285104|455204|619278|810980|035517|287093|456964|624345|814725|044334|288205|461753|627046|819801|063793|292107|479241|641922|831124|078913|312404|491042|643202|850426|092760|338739|519429|650605|861860|147503|363604|543538|657945|911860|151356|368830|543922|681418|916990|170518|371057|544333|691472|931997|177896|375923|550357|692903|933145|185027|376860|564309|694047|937988|196672|380618|571236|713395|949036|221146|391450|575014|724015|964252|225741|392742|582207|730459|968314|229635|404451|586956|738234|968840|249878|415695|594641|739514|970546|255070|424400|595028|751849|985307,True,https://myhora.com/lottery/result-16-11-2557.aspx,2014-11-16-BE2557.html
2014-11-01,ผลสลากกินแบ่งรัฐบาล งวดวันที่ 1 พฤศจิกายน 2557,2557,206608,6,203|607|855|979,44,206607|206609,รางวัลที่ 1 พิเศษ กลุ่มที่ 1 รางวัลละ 30 ล้านบาท ชุดที่ 04 หมายเลข 206608 กลุ่มที่ 2 รางวัลละ 20 ล้านบาท ชุดที่ 65 หมายเลข 206608,189478|514847|628367|783409|793465,031919|097787|478206|687455|780211|061128|413327|621303|750209|914656,061181|309521|453639|678893|786822|070936|334677|515785|684302|788628|134793|364742|533163|705857|810430|146647|366388|562241|709895|834145|147999|381522|567834|727796|849296|154970|385509|569283|732885|855638|205888|395030|573513|744381|885430|249498|396319|597595|749851|941614|253417|429382|611977|771016|944068|269526|432789|651358|774291|949162,010850|233997|390504|574560|751136|024850|244851|402896|579805|777013|028896|245588|404089|579981|793572|041460|251994|408479|584023|797210|043836|253616|412333|591422|807086|048481|265364|417879|595123|811346|057138|274440|418430|599932|817841|064422|277694|421965|608782|831265|069430|281210|430728|612252|838692|069468|281963|452404|616212|846022|084649|285425|456380|616615|853355|096127|296917|466289|616751|868132|106766|302802|508103|625645|892380|111482|318087|510334|627656|895644|135824|343436|518244|631067|914109|165365|346727|519223|657304|918536|200732|348155|523375|667837|938762|202326|372338|525103|679093|947047|211603|386985|560418|694090|948942|225076|389909|565432|703438|987850,True,https://myhora.com/lottery/result-01-11-2557.aspx,2014-11-01-BE2557.html
2014-10-16,ผลสลากกินแบ่งรัฐบาล งวดวันที่ 16 ตุลาคม 2557,2557,656409,6,647|784|848|910,94,656408|656410,รางวัลที่ 1 พิเศษ กลุ่มที่ 1 รางวัลละ 30 ล้านบาท ชุดที่ 04 หมายเลข 656409 กลุ่มที่ 2 รางวัลละ 20 ล้านบาท ชุดที่ 67 หมายเลข 656409,070861|181752|390493|691404|724660,125537|393451|503961|736403|903889|349018|415350|537883|752585|987543,051106|319341|507891|680218|862507|074043|390398|511663|713660|888371|084715|398195|525740|718179|895245|115404|413728|533518|757632|901329|130303|415565|533861|771136|930233|177206|437862|547043|777592|943072|184200|461738|585146|777971|952468|210055|480454|618344|779057|957452|239185|491439|634169|788465|978171|283718|503058|644759|849995|983354,013541|215709|390666|616625|825371|054955|229503|398785|617992|828316|058308|247058|428460|636422|848339|062954|258818|451779|640494|853159|067617|262902|458064|644024|854192|080772|268492|459924|652926|858397|083295|276925|485122|658981|873748|109456|287684|491708|692221|878321|114185|298554|497305|695250|885415|132542|307739|510058|714786|892241|135664|313556|514564|733487|897304|148924|316816|515928|741200|916966|150344|317333|538902|756938|922053|163090|324986|546733|757444|934405|176132|337167|549918|760272|948713|178546|339913|568263|772560|949661|194319|367648|570871|775307|953196|199101|370067|610347|785807|960120|208484|375872|613128|795452|975909|212814|378471|616404|816009|996864,True,https://myhora.com/lottery/result-16-10-2557.aspx,2014-10-16-BE2557.html
2014-10-01,ผลสลากกินแบ่งรัฐบาล งวดวันที่ 1 ตุลาคม 2557,2557,375615,6,086|159|251|520,44,375614|375616,รางวัลที่ 1 พิเศษ กลุ่มที่ 1 รางวัลละ 30 ล้านบาท ชุดที่ 12 หมายเลข 375615 กลุ่มที่ 2 รางวัลละ 20 ล้านบาท ชุดที่ 58 หมายเลข 375615,251639|438907|726980|782437|885899,062320|279415|413384|623337|792023|147464|351053|551569|751679|830528,007462|201921|421934|543429|779152|010183|231891|434431|589658|792923|026027|277636|435069|608896|827181|051214|290155|439961|613014|842042|070478|297764|452376|613343|849617|080754|341695|465085|618488|893050|087209|397386|472981|646923|898537|139862|405990|473162|692485|904587|154029|412955|515669|707264|909397|162630|419360|526682|733033|988259,002617|208280|422561|661692|790876|004252|211024|422729|664420|808697|007361|239735|432795|665661|811563|009654|256250|450640|667403|812183|010461|260867|484375|672826|812318|039902|269474|503170|674855|830214|050845|271820|509434|684456|860381|057619|277954|536665|685480|865526|112603|295359|544875|694489|867555|113939|322043|551552|696275|870034|131830|324274|551771|719376|874175|142354|333052|601407|721681|887122|152115|357830|602038|729204|923255|153641|364805|602935|730734|929508|161509|383137|609603|738809|945600|163316|385947|625597|739427|959073|165730|393118|626981|748981|976501|190068|406267|648513|778845|976524|193735|411855|661441|779339|977182|198334|421774|661471|789214|989736,True,https://myhora.com/lottery/result-01-10-2557.aspx,2014-10-01-BE2557.html
2014-09-16,ผลสลากกินแบ่งรัฐบาล งวดวันที่ 16 กันยายน 2557,2557,772269,6,112|257|342|790,35,772268|772270,รางวัลที่ 1 พิเศษ กลุ่มที่ 1 รางวัลละ 30 ล้านบาท ชุดที่ 08 หมายเลข 772269 กลุ่มที่ 2 รางวัลละ 20 ล้านบาท ชุดที่ 50 หมายเลข 772269,390353|427895|641026|649141|917455,000626|080936|318896|548454|643543|036655|310197|530712|548627|907771,057996|206551|504329|707198|816234|066141|222857|512174|720426|827274|066447|233754|532188|735055|831612|076042|234808|542977|743010|854889|087956|292323|545229|757022|870677|097497|334622|546806|758943|927966|124272|345725|562070|760306|943411|140815|363925|620058|770062|944964|170598|367490|664663|781597|975270|195082|372205|668946|798511|977328,015710|265008|483364|678352|798453|036994|277428|516449|681014|803180|039165|294394|526623|682353|804232|058945|295302|553913|685968|812141|083372|295383|557620|694355|831189|096483|303999|571382|706555|834464|107930|304460|586979|714219|854705|110128|341270|590450|721959|882554|110945|352078|596362|723651|886319|127497|372329|610741|732299|904716|166394|379612|617361|732582|908965|167174|396140|618041|735088|914070|186822|410140|620312|760666|922212|193386|412407|624557|767901|935294|193793|414092|643098|780944|945923|195278|422147|648931|783886|947731|210491|422176|659446|784318|957469|236075|441966|660165|785930|959809|256183|452188|666422|792020|980007|260649|473287|669176|792416|996852,True,https://myhora.com/lottery/result-16-09-2557.aspx,2014-09-16-BE2557.html
2014-09-01,ผลสลากกินแบ่งรัฐบาล งวดวันที่,2557,856763,6,,,,,,,,,False,https://myhora.com/lottery/result-01-09-2557.aspx,2014-09-01-BE2557.html
2014-08-16,ผลสลากกินแบ่งรัฐบาล งวดวันที่ 16 สิงหาคม 2557,2557,662842,6,187|633|639|912,91,662841|662843,รางวัลที่ 1 พิเศษ กลุ่มที่ 1 รางวัลละ 30 ล้านบาท ชุดที่ 20 หมายเลข 662842 กลุ่มที่ 2 รางวัลละ 20 ล้านบาท ชุดที่ 67 หมายเลข 662842,222402|317839|678678|879563|918905,050275|123839|282197|567280|701763|056323|126666|537167|685076|784839,011033|242520|494410|682462|889636|016559|256840|520911|732003|898007|034164|287892|521456|744461|907436|041617|357274|527122|747592|926248|083503|375024|530052|796472|932484|135908|393046|538030|800125|949268|151095|410699|561542|803811|956328|158159|445433|572079|811527|956780|159209|462261|599906|836224|970286|164700|484577|670074|859546|973565,004452|205198|477382|650538|854098|042960|227778|481576|660904|863117|051708|250684|485354|666593|876866|056703|254893|489178|673057|882727|076851|269662|494537|675399|884835|086916|282183|498152|685311|891561|098831|289776|500666|686414|906605|099398|331670|511149|700459|909207|103396|343249|530794|725489|910168|105868|361323|531097|759086|911172|121382|370098|538527|784364|919107|129763|397228|544758|788387|919447|138136|399652|567684|790118|924834|145750|414505|581841|798778|926863|148788|416562|600820|813367|953602|151804|417280|606228|819441|955130|161607|430476|616877|824969|959153|192677|435102|621454|830625|971198|194909|443875|638907|842798|995198|199186|451141|643340|848477|998182,True,https://myhora.com/lottery/result-16-08-2557.aspx,2014-08-16-BE2557.html
2014-08-01,ผลสลากกินแบ่งรัฐบาล งวดวันที่ 1 สิงหาคม 2557,2557,766391,6,349|576|623|637,82,766390|766392,รางวัลที่ 1 พิเศษ กลุ่มที่ 1 รางวัลละ 30 ล้านบาท ชุดที่ 28 หมายเลข 766391 กลุ่มที่ 2 รางวัลละ 20 ล้านบาท ชุดที่ 58 หมายเลข 766391,020982|206276|268103|667289|944117,236374|470025|718780|856296|980458|401403|559818|819724|912571|987926,006794|244071|489142|762377|886218|016189|247726|533845|766694|886291|034207|274019|550336|795198|916763|071524|292660|555906|795298|920483|077833|351434|565611|795668|921781|130009|361546|589760|818265|922736|150092|380115|606975|835549|927854|155835|399386|611521|852619|969328|196932|401938|627705|865376|975866|200887|411587|639255|881750|981338,000151|239627|470345|638151|856732|019981|251968|481153|651389|856979|028222|265556|498335|676095|873513|048832|268445|502358|677789|883638|053488|270245|513925|696422|884519|054127|303759|517308|699890|890192|073144|308788|521361|709004|897098|079801|329371|522925|731721|906244|081236|334162|528982|754209|913059|096497|341572|530288|756037|935104|108018|365574|534079|759183|935516|117227|370289|537136|766766|941730|125399|373514|545087|783605|942144|129770|378982|580771|793203|949703|153415|410437|590672|794081|961743|168715|412770|596199|803859|961914|174215|417434|608492|812513|970721|206067|462112|626199|815945|973945|206170|463648|628569|827859|985280|231794|468818|633731|837684|991262,True,https://myhora.com/lottery/result-01-08-2557.aspx,2014-08-01-BE2557.html
2014-07-16,ผลสลากกินแบ่งรัฐบาล งวดวันที่ 16 กรกฎาคม 2557,2557,468728,6,104|117|205|944,45,468727|468729,รางวัลที่ 1 พิเศษ กลุ่มที่ 1 รางวัลละ 30 ล้านบาท ชุดที่ 21 หมายเลข 468728 กลุ่มที่ 2 รางวัลละ 20 ล้านบาท ชุดที่ 59 หมายเลข 468728,120512|525891|654093|752268|993569,010717|127917|196057|775828|909930|090796|169844|763792|838119|956197,031970|256269|457280|626640|753514|092395|260936|459194|638659|764624|103341|268291|489894|638711|792176|103627|289993|499612|662988|848302|108505|291404|524465|672237|861149|113608|300223|528632|672990|862467|141781|343217|542873|688273|869341|177561|379784|543829|694170|942606|196418|384315|545261|711204|955990|242912|405411|560730|711247|983082,008118|206544|407562|604123|854803|029482|209049|415801|605450|866543|037670|228274|418312|606140|874069|039596|232060|427046|629747|877033|044963|271764|428503|640342|882633|065021|285751|430757|647474|895947|078044|285960|434722|650902|914594|081939|288369|434773|656487|919088|090265|288932|448459|713277|920992|102570|313386|454416|727803|926530|108418|317835|461661|735439|934479|122670|325231|483712|746370|935818|124657|341428|485973|747735|936327|125653|361660|491949|757300|940873|161745|362687|492572|814755|942319|176196|362997|528153|819036|945493|187215|371621|530594|823505|959185|191270|377325|531593|824340|992391|195462|379252|547191|828754|996829|206170|389338|548722|829396|998670,True,https://myhora.com/lottery/result-16-07-2557.aspx,2014-07-16-BE2557.html
2014-07-01,ผลสลากกินแบ่งรัฐบาล งวดวันที่ 1 กรกฎาคม 2557,2557,378477,6,123|271|441|864,39,378476|378478,รางวัลที่ 1 พิเศษ กลุ่มที่ 1 รางวัลละ 30 ล้านบาท ชุดที่ 11 หมายเลข 378477 กลุ่มที่ 2 รางวัลละ 20 ล้านบาท ชุดที่ 69 หมายเลข 378477,271428|342723|663814|868236|997074,134429|420390|616079|821510|841499|209153|560174|658264|834450|849971,007224|262279|427351|532961|741829|010783|295558|436516|566710|742164|023787|309973|446451|596475|766706|032693|321483|446983|604942|775870|077076|331414|451270|637981|792834|085941|334883|454996|646218|844821|170174|371904|470734|681075|864116|236554|373185|510494|703065|960111|242419|396625|512239|709853|992321|245562|421734|512743|722857|995850,012746|141790|378983|575668|804127|014917|148765|396780|577815|812588|018920|158682|402256|578353|826662|029321|175680|404098|590513|852173|029770|201537|406669|603402|853395|030591|224920|409444|606927|865831|032187|225124|412175|609932|868526|045266|228290|415366|613387|888857|056560|240131|425161|638880|894687|069468|241221|455875|642722|906029|075789|243899|459781|651578|911339|088802|258763|482721|665235|920047|090793|303199|493963|694055|921880|098855|312924|509048|703174|922508|102412|320388|509575|714171|922620|106773|332772|525522|715618|927026|114975|343121|528753|727647|929536|123233|347629|539724|776379|945453|133272|357667|541748|778342|962469|140124|365441|559794|783844|985322,True,https://myhora.com/lottery/result-01-07-2557.aspx,2014-07-01-BE2557.html
2014-06-16,ผลสลากกินแบ่งรัฐบาล งวดวันที่ 16 มิถุนายน 2557,2557,673920,6,140|158|576|639,95,673919|673921,รางวัลที่ 1 พิเศษ กลุ่มที่ 1 รางวัลละ 30 ล้านบาท ชุดที่ 14 หมายเลข 673920 กลุ่มที่ 2 รางวัลละ 20 ล้านบาท ชุดที่ 63 หมายเลข 673920,141835|170343|519417|643944|891169,189337|425057|581674|748356|946450|218402|536875|586396|750326|963592,016268|281980|500278|631922|769643|025656|299792|510240|645931|791980|027377|310520|542823|698330|810754|062483|341638|562086|712259|838885|082658|370596|567605|716079|845772|089350|411141|568818|730119|853866|123165|426181|581823|730139|872039|175219|428987|609173|734914|897474|199246|431450|625207|741250|959219|219289|492190|627503|758123|974532,002061|210548|315142|542395|773217|016339|210716|321941|554589|788666|026440|216131|336329|568392|795457|027307|218282|336562|569536|799109|033402|219069|343138|574503|814386|043031|223107|354524|574606|815869|073472|229457|359517|580533|817655|073708|234811|380553|590093|819497|079057|250484|398161|615130|847152|085595|256319|402096|628908|852114|097829|261629|418410|651357|874484|124572|263054|437105|651972|876452|126040|271928|452815|662161|893155|156373|274331|477739|666765|896337|165087|274788|485236|673287|913878|165565|286759|488075|685754|916583|182062|290426|498385|708691|933535|198890|291951|513862|759652|938210|199323|297447|524492|765845|943013|206457|301785|541363|767594|957593,True,https://myhora.com/lottery/result-16-06-2557.aspx,2014-06-16-BE2557.html
2014-06-01,ผลสลากกินแบ่งรัฐบาล งวดวันที่ 1 มิถุนายน 2557,2557,781198,6,160|324|409|636,18,781197|781199,รางวัลที่ 1 พิเศษ กลุ่มที่ 1 รางวัลละ 30 ล้านบาท ชุดที่ 23 หมายเลข 781198 กลุ่มที่ 2 รางวัลละ 20 ล้านบาท ชุดที่ 57 หมายเลข 781198,405023|493803|599778|830587|871445,078043|199807|380561|579372|677580|107060|289139|396122|665012|954099,003883|317698|451517|560703|768018|041200|324726|465502|575237|786291|087983|332740|467720|580667|796651|122796|361739|469055|618366|838720|137892|364462|481147|627809|856954|159305|371024|487486|632678|885518|201135|374551|487880|642432|913521|234490|402649|518792|649841|928944|237206|413723|524725|683086|951485|238775|450122|542511|737847|966991,008828|205276|409815|574440|804765|015718|221388|415197|587407|817717|019812|225025|432295|588265|820056|038442|228764|447389|630825|820935|045866|228983|449390|632007|826235|065846|252185|459181|634204|829645|066482|255004|467654|637607|860230|066854|259277|471345|650026|861285|068330|267746|488917|669146|863854|088886|286514|494602|672133|864125|091686|294372|496194|674210|877078|104372|302246|511966|679265|878427|108903|308021|521461|701744|880125|118616|308221|533768|718578|893758|123671|312616|537343|730215|896652|128520|314235|546151|730622|904390|135218|344827|546386|738451|924091|174736|346936|550816|747522|929422|188705|367115|551821|761255|946764|195207|400525|571951|786083|975694,True,https://myhora.com/lottery/result-01-06-2557.aspx,2014-06-01-BE2557.html
2014-05-16,ผลสลากกินแบ่งรัฐบาล งวดวันที่ 16 พฤษภาคม 2557,2557,087523,6,112|150|246|505,20,087522|087524,รางวัลที่ 1 พิเศษ กลุ่มที่ 1 รางวัลละ 30 ล้านบาท ชุดที่ 30 หมายเลข 087523 กลุ่มที่ 2 รางวัลละ 20 ล้านบาท ชุดที่ 58 หมายเลข 087523,095867|204342|230599|349498|406242,177694|209826|483657|799020|938089|209541|225048|563254|804562|979747,006825|159073|489898|631808|864912|028590|167633|530191|645407|883330|045766|230087|537557|654838|900166|085847|230929|539810|673605|901309|100507|259341|542993|707637|911834|131867|281003|561606|752705|918148|135973|301651|587312|760133|922909|152562|353032|613304|764645|932142|156405|355385|614886|805102|932504|157582|413466|618543|848838|997812,002449|275343|486435|630697|783458|002774|275907|488434|632601|788463|010691|295926|494640|635460|798356|011510|308620|496480|645890|813310|021323|332449|497635|648545|823328|075294|337939|501777|649104|825472|079564|344257|503319|652424|826736|088868|352808|510201|662139|863841|096580|356247|521689|662960|887534|104849|361389|530969|678748|893591|106016|363852|532099|734831|895111|108455|364784|536703|735857|908046|119961|379963|546577|741581|913176|147546|381425|546818|745922|919811|190742|390416|561486|746368|936583|197809|397175|567036|748813|936908|201333|405733|589424|752342|937043|266924|467844|602632|768821|941622|268272|481716|617445|780338|953750|273093|483466|623352|782337|966076,True,https://myhora.com/lottery/result-16-05-2557.aspx,2014-05-16-BE2557.html
2014-05-02,ผลสลากกินแบ่งรัฐบาล งวดวันที่ 2 พฤษภาคม 2557,2557,103297,6,143|158|673|797,52,103296|103298,รางวัลที่ 1 พิเศษ กลุ่มที่ 1 รางวัลละ 30 ล้านบาท ชุดที่ 19 หมายเลข 103297 กลุ่มที่ 2 รางวัลละ 20 ล้านบาท ชุดที่ 60 หมายเลข 103297,152896|233285|643849|745608|997929,063718|231491|296872|479526|667962|150048|257592|468558|626482|890989,043838|191458|321331|580972|790233|069933|196585|344470|588239|794316|089350|200995|362198|595025|831982|132925|246832|367234|595209|901308|138961|269974|422331|600287|940642|152225|282412|512080|609908|941220|169572|284519|512639|626266|949221|178716|286118|526045|646773|973289|181468|291030|534355|647298|978854|184368|294868|577845|763828|981673,007527|189164|400578|553892|787155|008928|195602|413272|584832|797940|010306|199754|431545|587071|799701|014095|212344|435836|588027|808739|043310|215736|441829|598026|811301|045389|220683|446131|598089|846635|057638|234516|457466|636083|846663|060527|254959|458738|636809|847102|067064|274745|500401|656183|847387|069836|275037|502334|656676|849953|084325|276981|506634|695632|865356|128464|281863|507238|699464|875404|140860|287834|512135|702248|887441|146650|303355|512611|706965|894554|152223|312011|516270|732792|898916|154714|315696|517790|733506|930333|156763|317078|534468|757310|974001|158245|341923|539638|769021|986535|159636|354483|544170|771192|987527|174708|395333|549273|776714|990609,True,https://myhora.com/lottery/result-02-05-2557.aspx,2014-05-02-BE2557.html
2014-04-16,ผลสลากกินแบ่งรัฐบาล งวดวันที่ 16 เมษายน 2557,2557,153406,6,013|344|355|634,26,153405|153407,รางวัลที่ 1 พิเศษ กลุ่มที่ 1 รางวัลละ 30 ล้านบาท ชุดที่ 18 หมายเลข 153406 กลุ่มที่ 2 รางวัลละ 20 ล้านบาท ชุดที่ 70 หมายเลข 153406,103387|130436|144031|586019|983897,063897|241751|494794|629029|851658|190497|275620|527194|731594|853225,004754|243089|507832|648420|798269|009646|336996|532410|668643|832870|010956|339712|573169|674904|836678|026403|353485|578244|680747|839050|030994|361639|583347|689884|853010|113772|434209|599124|695203|892426|121713|440773|602222|723369|900993|131924|444856|606782|748802|906454|206746|469706|617229|780136|912160|217260|503395|630934|793870|919239,006994|277849|460796|656744|809033|010168|288893|466308|670559|809056|035522|290757|480947|680829|817430|045872|294451|482552|680967|831804|073065|315747|491436|682087|841452|083648|318051|492447|687112|845795|086307|353043|516255|692951|846115|094256|353512|518408|704035|860460|097821|356106|544319|708851|864496|101287|365676|560542|711663|866989|106499|366293|562843|722492|867514|119770|373532|569201|723420|878541|121086|380949|575221|725557|882904|126733|387532|595872|733727|899314|137204|396874|607805|738245|900857|164420|397998|612260|745710|901606|196279|418006|618429|763690|926127|200926|431866|625805|778438|962455|207617|445044|635895|779671|964572|247436|460221|642043|803873|970407,True,https://myhora.com/lottery/result-16-04-2557.aspx,2014-04-16-BE2557.html
2014-04-01,ผลสลากกินแบ่งรัฐบาล งวดวันที่ 1 เมษายน 2557,2557,028866,6,186|499|835|938,95,028865|028867,รางวัลที่ 1 พิเศษ กลุ่มที่ 1 รางวัลละ 30 ล้านบาท ชุดที่ 27 หมายเลข 028866 กลุ่มที่ 2 รางวัลละ 20 ล้านบาท ชุดที่ 68 หมายเลข 028866,183830|295971|765754|780617|924161,204032|325056|464872|592290|948476|296733|392234|501806|656343|958103,021585|248563|442353|671585|813686|063422|262898|461841|675736|827564|082607|284845|483363|684293|853640|083364|310090|501985|736323|869144|097891|329687|523398|738075|872347|136902|332698|589255|747768|903997|208935|361414|601008|755385|911726|214134|378660|643866|762418|928218|230010|386406|646816|777032|936076|233002|389013|663426|798038|961887,008174|195134|373356|503428|757443|016882|209744|377816|512707|770242|038104|219880|378102|517327|775204|047901|220139|386258|522542|782444|052621|221179|392717|531066|787652|053679|223146|394599|538755|801054|061233|225993|405363|548689|812448|062291|258294|407004|548734|833935|065951|260044|407664|566407|834243|072683|264037|411529|582637|849129|078923|266082|417985|605525|857823|078979|272036|432042|619459|858478|091434|282710|432197|636298|891605|099644|320254|472487|643103|909385|109222|322936|473113|651657|913405|129335|326874|476711|687349|927311|139167|328949|485310|689439|939220|145462|350222|486177|701068|986535|187227|359586|491034|738284|997062|193366|366442|502160|754711|999101,True,https://myhora.com/lottery/result-01-04-2557.aspx,2014-04-01-BE2557.html
2014-03-16,ผลสลากกินแบ่งรัฐบาล งวดวันที่ 16 มีนาคม 2557,2557,531404,6,250|305|400|904,79,531403|531405,รางวัลที่ 1 พิเศษ กลุ่มที่ 1 รางวัลละ 30 ล้านบาท ชุดที่ 28 หมายเลข 531404 กลุ่มที่ 2 รางวัลละ 20 ล้านบาท ชุดที่ 56 หมายเลข 531404,055439|511645|553581|895294|985704,028201|429046|449538|701942|956542|241314|446456|549823|778988|971148,001276|241730|414695|615250|810731|067663|249470|426692|630276|845524|073714|257074|481817|665173|848310|083115|278592|539039|676859|875023|141453|279377|564894|695198|890193|142302|331547|566819|708157|924429|170599|366170|574177|710341|962001|203906|386498|578998|714644|969862|208472|393606|591313|729595|981005|217118|411973|600068|755770|982999,003642|168522|364957|545800|751595|004277|170925|368566|556038|759448|015845|181550|372481|564592|764539|016923|198019|385767|570030|785164|019265|229183|392960|580692|816286|021952|233416|408766|586045|834435|040510|240470|449952|593210|841580|043647|247786|451574|604026|871720|048641|283795|472501|613075|888129|049544|291508|478403|628089|892608|051609|298897|511056|635295|893123|052653|315514|517748|658369|893819|067521|319424|518411|662088|909513|076711|323142|520398|667414|914273|083511|328012|520435|669850|931006|105516|328528|522728|674487|932623|116778|329208|529159|684709|939956|117184|336048|530470|719659|959155|153784|343117|533468|721415|964566|165428|350355|535820|732871|970061,True,https://myhora.com/lottery/result-16-03-2557.aspx,2014-03-16-BE2557.html
2014-03-01,ผลสลากกินแบ่งรัฐบาล งวดวันที่ 1 มีนาคม 2557,2557,906318,6,116|537|753|798,35,906317|906319,รางวัลที่ 1 พิเศษ กลุ่มที่ 1 รางวัลละ 30 ล้านบาท ชุดที่ 14 หมายเลข 906318 กลุ่มที่ 2 รางวัลละ 20 ล้านบาท ชุดที่ 52 หมายเลข 906318,054014|332227|471879|860777|967193,096702|165872|426288|731723|926272|137363|216213|632850|895373|981678,009045|218448|481944|690566|808473|079862|247315|485346|691174|819473|109827|255604|492608|703251|824393|118473|312783|522859|720597|861145|144896|312948|540849|723058|880023|183510|351476|560066|780647|936399|191973|390287|604253|783035|986639|205041|401085|612470|785974|990834|214743|450206|612556|789129|990927|217255|480715|685901|807705|994727,008930|300050|457513|581946|759897|032195|306661|473574|603229|777002|056007|328925|476185|609434|789621|086012|329236|484440|613471|808373|105771|341157|485035|625296|815732|107039|344805|511188|630038|829242|108036|348676|516868|643866|848722|109861|351325|517475|648030|875203|114546|351791|520242|655270|877776|118891|359020|533447|655355|887403|160982|376921|535125|657562|888226|171686|417719|535928|663162|899940|194176|428204|536766|688708|900546|209798|429262|550981|714650|903179|214524|431587|562814|720400|904690|216240|433209|569685|728485|921376|217923|434725|575460|737352|932491|218188|443891|575568|749348|952941|271365|446010|577397|752460|987402|299496|449344|579958|755181|999702,True,https://myhora.com/lottery/result-01-03-2557.aspx,2014-03-01-BE2557.html
2014-02-16,ผลสลากกินแบ่งรัฐบาล งวดวันที่ 16 กุมภาพันธ์ 2557,2557,384245,6,074|397|521|530,01,384244|384246,รางวัลที่ 1 พิเศษ กลุ่มที่ 1 รางวัลละ 30 ล้านบาท ชุดที่ 20 หมายเลข 384245 กลุ่มที่ 2 รางวัลละ 20 ล้านบาท ชุดที่ 66 หมายเลข 384245,211144|314246|365798|365867|950021,030875|247486|426050|726592|936093|144310|423088|540764|887522|993983,000659|166792|447881|655931|809882|015706|186754|468664|675233|814352|101933|208548|477430|682795|826751|115669|287980|489978|692796|847411|122180|321793|490953|701392|851089|128905|353291|552719|717499|858047|129152|395056|557983|733202|860192|130866|410294|571299|743336|921506|156601|440965|585250|754878|952421|164991|446112|606569|804099|993467,005649|193416|411778|689674|833954|017357|197780|425273|699249|841704|023675|204585|441423|702772|849351|039417|227424|442449|711817|853225|053416|240788|463703|720991|858024|062885|245214|465764|735498|858642|069896|252316|510154|752308|867690|070313|255662|522303|754880|873408|094818|283713|576299|763897|876561|104932|286407|588926|768782|877049|105550|294040|595269|769513|880397|107814|310195|599844|771827|912150|133412|312986|610348|789674|918886|142552|349013|626626|794687|934438|147471|370191|631974|796010|938454|165322|376443|656865|797083|965857|166273|396020|666689|801084|984043|177305|397090|670636|812996|991919|186874|397812|673485|818993|994376|189201|401778|688675|825651|996235,True,https://myhora.com/lottery/result-16-02-2557.aspx,2014-02-16-BE2557.html
2014-02-01,ผลสลากกินแบ่งรัฐบาล งวดวันที่ 1 กุมภาพันธ์ 2557,2557,180149,6,406|492|888|976,95,180148|180150,รางวัลที่ 1 พิเศษ กลุ่มที่ 1 รางวัลละ 30 ล้านบาท ชุดที่ 19 หมายเลข 180149 กลุ่มที่ 2 รางวัลละ 20 ล้านบาท ชุดที่ 53 หมายเลข 180149,005062|421973|439504|706083|822840,186078|267128|412651|797600|870154|258463|401660|661148|798551|930464,039612|218630|390556|589238|795160|050281|234017|409039|607394|814727|050309|276995|421006|610430|847920|062077|292520|446427|611681|863864|064438|296835|487724|614059|891133|097851|308860|499783|620281|919504|146667|316553|503359|620377|937816|165349|328492|522916|642310|969129|198649|336192|536402|708004|971506|208215|378471|563024|777879|998808,017103|256533|441680|572025|855642|032184|266288|442455|579811|860406|052391|267032|443349|588471|866536|054240|269105|445707|588749|890354|059466|271170|457523|596626|892265|060617|281061|464005|605243|899017|060783|306168|467628|642682|902043|065362|306638|468298|657448|910202|097728|309715|480586|676037|924789|111783|320299|483571|686989|927015|117680|340436|500262|703202|932966|118310|348311|501279|706166|935822|135781|348492|501610|707235|939322|147796|354400|502279|709373|944498|149272|366863|507911|729664|948560|176965|406397|519525|762318|949588|179566|419592|530334|792989|957316|203609|420410|543459|803783|973902|206253|426573|546016|844184|997538|210142|441464|556851|848050|998805,True,https://myhora.com/lottery/result-01-02-2557.aspx,2014-02-01-BE2557.html
2014-01-16,ผลสลากกินแบ่งรัฐบาล งวดวันที่ 16 มกราคม 2557,2557,306902,6,077|149|242|510,52,306901|306903,รางวัลที่ 1 พิเศษ กลุ่มที่ 1 รางวัลละ 30 ล้านบาท ชุดที่ 01 หมายเลข 306902 กลุ่มที่ 2 รางวัลละ 20 ล้านบาท ชุดที่ 69 หมายเลข 306902,160023|202375|416088|600455|945241,052424|281902|432317|791326|986137|253285|292140|721748|831315|987022,003040|061042|282188|479231|750280|005150|066647|290420|498251|783280|011032|087239|298872|597084|817745|011724|105036|337144|617406|878761|014755|202281|339614|626098|899240|015566|216269|350069|671571|946494|025363|236669|388294|694605|948660|042073|258907|393732|699036|962443|044016|261336|427014|715866|977353|053924|269387|439462|730109|995117,002000|248663|402741|642420|804484|018528|260429|403009|652033|804867|025513|314767|411908|660690|813393|043369|314880|416269|677460|830580|067776|325705|417017|684084|831530|079139|328436|441655|691506|838709|095994|328632|485506|702562|842864|102279|334961|488679|708438|844814|104520|335959|503022|719216|850780|110065|343245|512197|720699|855266|121588|344930|544190|721226|856226|128288|350947|555663|734375|880497|136945|351906|555825|743264|882449|154409|361460|566821|747732|883583|154939|372413|567242|749215|892477|194574|375163|572170|765807|917135|200129|375630|572322|772720|939551|220150|376842|608519|786756|949966|243342|396594|619829|786850|965838|244491|399864|620249|788260|985581,True,https://myhora.com/lottery/result-16-01-2557.aspx,2014-01-16-BE2557.html
2013-12-30,ผลสลากกินแบ่งรัฐบาล งวดวันที่ 30 ธันวาคม 2556,2556,561072,6,275|503|513|750,48,561071|561073,รางวัลที่ 1 พิเศษ กลุ่มที่ 1 รางวัลละ 30 ล้านบาท ชุดที่ 07 หมายเลข 561072 กลุ่มที่ 2 รางวัลละ 20 ล้านบาท ชุดที่ 54 หมายเลข 561072,073733|146220|355738|376543|642081,140470|486917|580902|689120|963696|183987|525347|634206|794277|977053,075511|413904|558514|732155|848037|077428|435609|574963|743686|888580|080169|460246|575453|757823|901837|149916|512650|577150|759101|937034|190715|518760|579154|768005|945686|206735|520960|580009|782376|948594|239652|531038|613150|789044|978704|255519|539328|654574|799674|981263|304416|543071|683761|836754|985978|325670|545391|705793|841302|993399,013150|194726|337743|557719|757543|016166|196916|355423|560760|767048|018556|199200|371871|562861|770979|035388|207383|371904|576352|793255|036902|216657|381925|576536|802149|037104|219925|389710|586806|813778|056994|237057|398272|610492|853400|061257|244021|411865|618868|863477|061829|245695|428980|629672|884705|072787|257235|429479|641751|899870|091984|257463|439100|647704|902674|098572|260805|439535|658118|917034|115406|262388|445883|670997|938170|119346|268669|446325|686336|943695|127920|297539|462466|707838|948060|131712|310285|464591|709986|955686|135049|310543|494499|710201|959001|165197|314260|505024|710294|964712|182757|317292|512687|728609|964851|190590|332147|551337|735394|975307,True,https://myhora.com/lottery/result-30-12-2556.aspx,2013-12-30-BE2556.html
2013-12-16,ผลสลากกินแบ่งรัฐบาล งวดวันที่ 16 ธันวาคม 2556,2556,341767,6,111|228|742|826,79,341766|341768,รางวัลที่ 1 พิเศษ กลุ่มที่ 1 รางวัลละ 30 ล้านบาท ชุดที่ 20 หมายเลข 341767 กลุ่มที่ 2 รางวัลละ 20 ล้านบาท ชุดที่ 70 หมายเลข 341767,054393|324473|515708|544104|816259,069405|395678|457683|572478|854710|139953|456894|543004|709692|856888,009236|153111|310297|539373|737539|032450|157638|327816|553672|778511|045870|181051|337292|562996|830206|046726|189343|382169|583456|840550|070298|197414|382212|586562|871452|073034|230537|403595|623296|896055|086411|243008|419773|644381|918148|105924|248552|493327|654297|925608|118217|269474|495917|673774|951297|148153|294118|535205|713264|967356,018380|183838|397251|628453|779361|021733|206243|419714|629664|792881|027076|206352|427082|648269|800858|033537|211444|438074|664353|822817|035056|211479|439323|685818|832242|044412|227836|449158|686077|833989|047614|245269|490319|688367|850964|047628|271407|492937|688525|851808|052454|273748|496541|692777|857250|077253|279741|507301|694734|869117|081099|281600|513530|705263|870043|089991|295543|514049|708006|885581|097509|304135|516108|710862|923404|117391|304533|547246|717148|940712|127211|320244|553889|743250|941174|143777|323143|572123|744804|953434|162719|328672|582856|745767|972826|174068|338177|593860|765461|972883|175669|345265|618284|774003|974081|177868|381370|621350|777982|985277,True,https://myhora.com/lottery/result-16-12-2556.aspx,2013-12-16-BE2556.html
2013-12-01,ผลสลากกินแบ่งรัฐบาล งวดวันที่ 1 ธันวาคม 2556,2556,168795,6,074|734|766|980,27,168794|168796,รางวัลที่ 1 พิเศษ กลุ่มที่ 1 รางวัลละ 30 ล้านบาท ชุดที่ 02 หมายเลข 168795 กลุ่มที่ 2 รางวัลละ 20 ล้านบาท ชุดที่ 56 หมายเลข 168795,020987|033379|158730|322702|811767,101279|175782|535016|600938|951254|152988|521475|586981|656847|962227,034329|182488|390884|618859|808512|065904|209501|457160|642346|842238|069559|276142|493678|653270|856099|075490|286984|512532|659682|876446|105925|288858|516904|663785|883984|134770|300242|557613|675343|918036|149234|319014|563013|682443|925655|169070|327241|585264|685383|971426|175327|337773|607027|688056|980344|180264|378046|608124|786347|984614,006780|220869|489252|684452|862869|008208|244850|506765|685091|883418|010580|292631|510545|721403|885838|013902|294996|547456|738502|886020|029099|310344|564672|740098|893130|049312|325626|578862|759703|903191|061301|328367|579113|766580|904555|064983|328440|609763|781184|906424|079388|334897|614751|788342|908813|081605|354800|622878|788476|911369|089010|359071|627124|793095|915450|089436|378697|627743|811317|920505|100054|390962|632154|814245|920706|104833|397928|632172|817434|924750|112908|399872|643408|818791|931321|163317|409206|654603|819200|945126|182972|429842|666831|821920|951967|204037|433491|666854|834168|963989|208623|437809|675119|843503|967887|216342|477447|679192|851889|993888,True,https://myhora.com/lottery/result-01-12-2556.aspx,2013-12-01-BE2556.html
2013-11-16,ผลสลากกินแบ่งรัฐบาล งวดวันที่ 16 พฤศจิกายน 2556,2556,806925,6,069|304|672|753,28,806924|806926,รางวัลที่ 1 พิเศษ กลุ่มที่ 1 รางวัลละ 30 ล้านบาท ชุดที่ 19 หมายเลข 806925 กลุ่มที่ 2 รางวัลละ 20 ล้านบาท ชุดที่ 60 หมายเลข 806925,219595|492940|500967|803534|873926,023766|196752|407411|882783|893139|196491|236731|857650|884116|899224,013362|220796|482204|668480|818120|026155|243066|483787|700258|850772|039499|286163|522303|714968|869947|043437|298597|546160|762651|873159|088817|330427|591695|768162|891211|119438|354243|594272|781337|911224|122840|354637|621137|784144|913567|123286|439928|621303|785657|941092|125503|467788|628269|790314|953541|189408|477830|639626|813479|953907,000331|292972|472744|641171|806093|011254|305011|477016|644139|812476|019295|307050|479124|648050|837033|024910|323956|489262|649333|839003|038550|324384|524102|651431|842844|057976|328006|526385|659079|853706|060196|328082|526817|659639|859670|063032|346470|531787|660678|871278|125762|359988|537290|670620|888985|149529|372071|543516|679273|914936|155617|395526|562470|691616|917077|187093|396693|572401|711436|917772|187139|401543|574940|718087|957607|191738|409838|583444|723018|967121|194680|414237|596054|730574|968911|223888|414688|602315|741171|984149|231934|416597|614050|763676|984942|244226|429038|622752|779838|985537|251238|436872|634575|783182|993475|271119|458216|634720|801896|995366,True,https://myhora.com/lottery/result-16-11-2556.aspx,2013-11-16-BE2556.html
2013-11-01,ผลสลากกินแบ่งรัฐบาล งวดวันที่ 1 พฤศจิกายน 2556,2556,739804,6,020|173|256|502,47,739803|739805,รางวัลที่ 1 พิเศษ กลุ่มที่ 1 รางวัลละ 30 ล้านบาท ชุดที่ 04 หมายเลข 739804 กลุ่มที่ 2 รางวัลละ 20 ล้านบาท ชุดที่ 61 หมายเลข 739804,419543|554825|603408|810755|980354,026630|236465|424225|592317|763857|072944|323561|438062|712363|853678,038896|305421|442559|556143|823066|058973|324964|473124|561734|832391|139446|325058|474156|626249|848196|153957|331739|484441|707879|882105|190098|365154|487543|718043|906716|202978|367898|491390|728842|958056|203610|374244|493747|733380|967340|223506|394250|497089|778359|984639|260222|396983|502898|795108|988128|292267|397455|521177|822749|998680,005494|206713|451484|661824|795573|017174|235754|457850|662300|802886|034070|251022|462164|667370|804979|038522|259206|473864|671471|805039|054970|268043|476408|675490|817191|068647|269776|502033|679471|821652|076026|270671|508033|698084|822297|080016|307509|510123|698688|826532|087014|315510|514417|701644|833697|104115|345752|549331|704694|834278|105239|358434|556609|731496|861472|107330|371862|589141|737623|915276|120830|378997|600149|741282|931784|139757|395411|606232|744192|935254|142827|399735|606236|771284|949230|161252|419004|612549|772107|952351|169707|419837|620048|777804|958980|174494|423771|644117|789523|961869|189489|439563|655682|792618|971165|199554|451063|659127|794981|996405,True,https://myhora.com/lottery/result-01-11-2556.aspx,2013-11-01-BE2556.html
2013-10-16,ผลสลากกินแบ่งรัฐบาล งวดวันที่ 16 ตุลาคม 2556,2556,963289,6,402|529|876|952,60,963288|963290,รางวัลที่ 1 พิเศษ กลุ่มที่ 1 รางวัลละ 30 ล้านบาท ชุดที่ 15 หมายเลข 963289 กลุ่มที่ 2 รางวัลละ 20 ล้านบาท ชุดที่ 52 หมายเลข 963289,066230|689681|840627|958117|971202,129649|159552|423680|546025|708444|144148|316649|480196|696321|738638,009073|182128|344159|555797|867826|038757|196500|370844|561866|885268|045725|219642|385896|568526|895908|064687|224979|407702|577909|902202|080778|288265|407751|608770|902329|135317|296071|409166|635502|931873|136187|331229|467048|673497|948468|152092|332294|476381|704068|953305|164920|336204|524562|709569|976029|165168|339223|533808|842691|993628,005083|254029|431759|634429|838627|011335|254723|433961|672832|855708|041406|278566|437402|703648|858333|047621|291157|439609|704928|862306|067978|293259|441292|718797|863256|074765|294767|452748|737439|873947|098472|298940|458305|741035|882403|099179|300780|464465|741811|883239|140342|301949|484822|742648|884531|178343|324937|492443|744066|900612|178792|328924|496496|745714|903838|178879|329612|511324|750148|914205|189885|351439|525525|770394|926517|193134|352451|530305|784179|942149|198656|373942|544316|787049|949219|220499|388593|547463|798547|963989|222332|391567|556648|803187|967196|230321|413046|571953|805873|972253|243596|423327|579361|829790|984302|253167|427111|587145|831233|992264,True,https://myhora.com/lottery/result-16-10-2556.aspx,2013-10-16-BE2556.html
2013-10-01,ผลสลากกินแบ่งรัฐบาล งวดวันที่ 1 ตุลาคม 2556,2556,647882,6,028|324|576|650,14,647881|647883,รางวัลที่ 1 พิเศษ กลุ่มที่ 1 รางวัลละ 30 ล้านบาท ชุดที่ 03 หมายเลข 647882 กลุ่มที่ 2 รางวัลละ 20 ล้านบาท ชุดที่ 51 หมายเลข 647882,248358|276524|284013|347445|669695,058181|509406|624071|844223|918619|083010|542476|832880|863893|928779,032170|258861|512535|668611|838381|074249|278845|517270|672248|886919|100251|310237|527033|678657|895741|118783|319534|562908|690965|895882|136632|357292|606666|712367|909970|175189|403844|607051|713379|927031|198349|412851|617937|723141|932301|247955|416281|618769|740009|965700|249949|437738|649210|756539|976610|258854|485132|653472|837055|996700,011387|231893|368250|539194|751343|022879|233257|370143|542361|758440|040408|237400|381304|546220|762623|042743|244638|391180|561954|789127|043602|249939|410427|566058|800758|048027|253662|417603|569991|823458|054358|257999|426579|575849|834833|057433|258084|426968|617641|840474|059297|264993|431683|619882|858263|072117|265946|435717|626151|883100|080599|266943|439616|655789|887225|090060|267844|448427|662666|887863|125036|284369|463138|689048|892381|125953|295727|467846|690231|901772|146741|323529|470995|703572|912216|156176|326829|475447|707204|920718|192566|327013|477370|709900|932411|211312|343086|480407|718762|941597|221657|349862|517030|727214|944704|226770|353721|533902|751289|966979,True,https://myhora.com/lottery/result-01-10-2556.aspx,2013-10-01-BE2556.html
2013-09-16,ผลสลากกินแบ่งรัฐบาล งวดวันที่ 16 กันยายน 2556,2556,562684,6,056|235|574|754,63,562683|562685,,354648|388241|417659|420042|735413,040606|131906|305025|565312|837055|085020|156903|434028|705073|853482,014200|146859|297462|482295|711776|016352|189617|313801|484772|804921|037386|199832|318111|542403|807399|068469|253095|342924|568069|824871|073048|255405|344935|612453|880143|089774|263298|390675|613712|902806|123842|279223|403677|658653|918122|133346|288638|423485|663795|954060|137706|289725|424182|666642|975919|143078|296204|476599|671713|978291,019378|225936|395429|549733|788787|028925|228618|397247|614223|789763|030885|239436|410315|616542|801217|032897|246906|411980|619603|824176|050453|247741|413025|627651|828640|059275|255901|422282|633574|831027|072934|263005|423787|664732|832974|086297|301102|468532|674558|833335|090445|307003|474656|699347|836008|100235|311179|476262|700913|844586|101067|312367|494238|709116|846837|121259|317903|505632|734768|884990|130346|344547|512399|739193|904883|162886|356344|515578|743071|925887|165224|364253|517463|753505|937917|165700|365924|518815|755972|951272|176852|366890|526519|756042|964182|186818|375572|527861|761027|975082|212754|382915|536052|778529|987590|222172|386661|538311|778966|999461,True,https://myhora.com/lottery/result-16-09-2556.aspx,2013-09-16-BE2556.html
2013-09-01,ผลสลากกินแบ่งรัฐบาล งวดวันที่ 1 กันยายน 2556,2556,548123,6,045|281|570|800,05,548122|548124,รางวัลที่ 1 พิเศษ กลุ่มที่ 1 รางวัลละ 30 ล้านบาท ชุดที่ 27 หมายเลข 548123 กลุ่มที่ 2 รางวัลละ 20 ล้านบาท ชุดที่ 53 หมายเลข 548123,131385|257569|432402|441703|877965,082063|207528|269958|537776|922282|170697|224448|379470|676032|949308,000148|171721|365046|535962|884243|016805|202746|365393|565055|900920|036992|202866|368239|591738|925077|040827|274176|424896|593756|926267|043407|281128|427858|594441|947946|065072|285279|440448|683860|972213|126973|312638|465546|715311|972981|132127|323253|474483|771689|991672|153008|338904|499864|862518|997736|157381|339530|502521|882203|999834,014965|176025|365264|548485|801918|018978|176373|367012|553883|828240|019494|231857|377044|555954|835487|039220|237392|378674|559307|846871|044453|249239|381769|563311|856372|045436|251567|398763|607222|869312|047615|261544|418529|611616|878260|048852|264167|426519|635841|878521|053022|271715|432914|680509|880060|074281|280142|442778|681640|899744|075583|292632|443870|713549|904627|081409|295052|444977|716714|907045|084836|297613|454035|718450|941918|085280|320200|455652|729781|943674|102299|331088|467824|736877|970228|108248|335982|476378|738339|980883|129614|336243|490461|740139|984874|131599|336846|500439|759459|986953|141868|341232|504119|782565|989172|149434|349328|519268|791494|994122,True,https://myhora.com/lottery/result-01-09-2556.aspx,2013-09-01-BE2556.html
2013-08-16,ผลสลากกินแบ่งรัฐบาล งวดวันที่ 16 สิงหาคม 2556,2556,321327,6,201|417|448|945,20,321326|321328,รางวัลที่ 1 พิเศษ กลุ่มที่ 1 รางวัลละ 30 ล้านบาท ชุดที่ 08 หมายเลข 321327 กลุ่มที่ 2 รางวัลละ 20 ล้านบาท ชุดที่ 62 หมายเลข 321327,033977|308017|313251|318292|322237,022196|250789|390929|717997|840777|028577|334680|710204|825308|920658,003974|115571|336143|589280|834129|007619|138398|344764|602572|854690|026404|140537|346512|620410|869999|038190|148752|364260|627363|874082|038675|165277|430770|674246|880124|050768|180328|481901|770854|949354|055163|222907|526673|805574|968815|056083|258977|551473|806063|970873|062165|305795|556001|827472|973741|105587|319221|582700|828875|990188,003071|166542|389457|575179|769261|005713|195042|391582|591566|787604|007741|216736|398913|599615|797531|020552|224183|404470|616085|826043|020964|232418|408842|630905|828241|033151|242244|430412|632968|840884|033579|244383|432499|634084|859182|035413|251940|438358|640147|867813|035964|251972|442010|641985|876722|047039|255733|458086|643289|884850|047691|265082|462453|650351|894931|060513|272106|482420|651629|906721|072362|333416|517449|673848|922270|094108|337951|525575|685255|926210|101814|349954|544683|690374|928007|105942|357662|548248|706807|930741|120499|365016|556571|721404|932262|138399|366123|561373|722705|956189|156270|374296|570224|723994|956208|157037|386295|571734|752962|960791,True,https://myhora.com/lottery/result-16-08-2556.aspx,2013-08-16-BE2556.html
2013-08-01,ผลสลากกินแบ่งรัฐบาล งวดวันที่ 1 สิงหาคม 2556,2556,356435,6,329|451|718|880,82,356434|356436,รางวัลที่ 1 พิเศษ กลุ่มที่ 1 รางวัลละ 30 ล้านบาท ชุดที่ 08 หมายเลข 356435 กลุ่มที่ 2 รางวัลละ 20 ล้านบาท ชุดที่ 52 หมายเลข 356435,540197|821579|868181|967589|979608,069251|101068|325830|845982|941963|097301|236686|671476|879981|947125,017418|195153|376215|567855|868047|020455|209286|395077|574698|868149|035132|209633|407333|608595|917017|038408|214819|410830|624558|934158|039000|275258|473235|670745|952845|092679|281181|487112|683288|956105|099657|286088|502347|714410|957220|131265|298622|522747|799499|964191|190399|306069|552481|814861|987720|192632|317523|566244|835980|995630,029887|221072|402081|627231|779092|044821|233212|410179|648318|784310|050474|243162|417793|649891|788550|066190|264861|440081|665341|798983|073829|272442|443253|670220|807937|086367|280846|444409|672329|808518|091278|298602|466644|675781|816045|145048|300297|466951|677022|820809|145573|302405|502792|678492|827633|155307|306562|504242|695745|838795|157649|309297|505046|705632|860864|160123|331917|511558|706332|865381|169803|340955|517283|715850|885254|171270|342442|519073|719423|888581|181238|352272|521357|719529|892128|200088|353543|525707|730207|894459|201915|355904|537062|736329|939201|208675|364308|580978|745393|951005|215211|367968|602322|757616|958061|217943|387980|614957|775102|986808,True,https://myhora.com/lottery/result-01-08-2556.aspx,2013-08-01-BE2556.html
2013-07-16,ผลสลากกินแบ่งรัฐบาล งวดวันที่ 16 กรกฎาคม 2556,2556,566996,6,210|352|526|584,86,566997|566995,รางวัลที่ 1 พิเศษ กลุ่มที่ 1 รางวัลละ 30 ล้านบาท ชุดที่ 11 หมายเลข 566996 กลุ่มที่ 2 รางวัลละ 20 ล้านบาท ชุดที่ 66 หมายเลข 566996,140640|282630|674367|771127|953009,023692|344929|617234|674421|946004|044371|448657|645055|910822|972327,084350|241262|526460|632438|804722|111139|341029|550495|632449|805834|126904|347963|558587|659297|867357|131234|367935|561094|682278|878157|142533|369367|566904|687721|888349|150595|394059|570858|691213|913580|222237|422815|573314|693231|927003|232672|429927|578436|744536|933237|239066|440480|586011|758854|940131|240485|471814|592460|781988|972225,018426|208191|332602|536479|776558|021396|220729|336474|574038|780739|032393|225047|359422|581673|781295|039903|225355|367837|584232|788435|049971|230366|370328|600161|790358|057408|234712|399934|610299|800011|064884|236228|406292|610942|800226|094017|243762|414532|629152|811644|104811|266140|419368|632793|819721|120213|266636|435083|634449|856651|122358|266805|438179|656072|858022|128202|281050|441172|670669|874398|132590|287240|448859|693173|882157|146019|303099|449909|698340|898708|162593|309768|450154|698464|930909|175370|312455|452163|703864|941350|175649|315697|468236|727670|944668|183738|323939|469634|742100|963319|199721|329119|481009|753960|966104|204118|330813|515808|765918|978440,True,https://myhora.com/lottery/result-16-07-2556.aspx,2013-07-16-BE2556.html
2013-07-01,ผลสลากกินแบ่งรัฐบาล งวดวันที่ 1 กรกฎาคม 2556,2556,646905,6,075|284|903|904,51,646904|646906,รางวัลที่ 1 พิเศษ กลุ่มที่ 1 รางวัลละ 30 ล้านบาท ชุดที่ 27 หมายเลข 646905 กลุ่มที่ 2 รางวัลละ 20 ล้านบาท ชุดที่ 54 หมายเลข 646905,146124|221087|228260|330017|826362,016088|029653|204838|390598|564415|028601|199053|315491|538460|943945,015979|239879|497550|638656|825417|051737|299886|509127|671090|830967|059275|305103|519439|674081|877989|063335|323022|534785|705143|901143|109735|341769|543762|719056|904559|157270|352256|544851|766210|906209|170706|382682|547479|773259|923705|178458|383474|557337|783927|925726|211613|402682|615896|795146|987910|217937|455851|623842|812749|992105,002060|156116|329540|527634|732568|003274|158898|333049|546507|744111|019024|160327|337182|548248|744115|024921|171211|352617|556571|750682|042810|176834|352622|558598|757255|048280|183108|362124|568193|805594|058392|186975|375118|619502|819473|063894|203535|377955|621250|821412|079768|213963|389358|626182|854156|088802|224258|415243|640027|867416|089887|235350|420879|656866|869229|090390|249094|433553|665773|882810|090819|252818|453628|669301|883185|095666|269233|455050|674429|900030|100556|272087|463806|674999|902109|125023|297240|467176|690964|903829|127482|300624|480821|706824|909921|132313|302436|510687|728456|928660|139247|321526|514872|729525|959435|149473|325635|521117|729698|993784,True,https://myhora.com/lottery/result-01-07-2556.aspx,2013-07-01-BE2556.html
2013-06-16,ผลสลากกินแบ่งรัฐบาล งวดวันที่ 16 มิถุนายน 2556,2556,289673,6,098|114|390|502,69,289672|289674,รางวัลที่ 1 พิเศษ กลุ่มที่ 1 รางวัลละ 30 ล้านบาท ชุดที่ 10 หมายเลข 289673 กลุ่มที่ 2 รางวัลละ 20 ล้านบาท ชุดที่ 55 หมายเลข 289673,521283|616409|648792|830053|844058,036765|190091|212359|301550|479789|049778|200224|266442|320487|703800,011889|200413|405274|654833|842826|026340|212947|437150|680954|855369|103479|219308|460692|687633|871094|108722|278322|500403|702603|872256|137294|304830|509276|745702|877373|143417|329117|539622|763863|889813|153177|339703|560336|796135|937503|154118|364677|578594|823629|941044|164008|401783|579949|826541|962000|168948|403101|637083|827060|992272,001167|265123|457947|626643|849462|010088|281220|480897|659321|862696|014997|287539|484849|660337|866733|024050|290916|486076|679810|868350|034363|302239|488300|688050|879339|040794|305390|492687|716355|885251|051401|314414|505811|729932|897117|051860|329912|515599|745645|899399|115997|332953|531810|746589|917342|135655|338190|533312|754318|929629|145673|347413|539369|756238|941947|148929|353110|550656|774402|942237|166887|395088|554569|782608|947887|167906|413817|559400|792391|959295|176204|416272|579150|794327|966759|192236|426267|582970|802334|971503|203418|432594|591280|803510|978707|217014|434431|600529|824881|981407|221680|447851|607141|834590|992252|222506|454043|614180|841683|999600,True,https://myhora.com/lottery/result-16-06-2556.aspx,2013-06-16-BE2556.html
2013-06-01,ผลสลากกินแบ่งรัฐบาล งวดวันที่ 1 มิถุนายน 2556,2556,935489,6,480|713|716|768,90,935488|935490,รางวัลที่ 1 พิเศษ กลุ่มที่ 1 รางวัลละ 30 ล้านบาท ชุดที่ 16 หมายเลข 935489 กลุ่มที่ 2 รางวัลละ 20 ล้านบาท ชุดที่ 68 หมายเลข 935489,640995|714698|772781|900456|994912,220842|348674|556208|602632|882612|237128|450358|559807|693667|942895,056301|314078|446578|561263|773249|056504|321704|448155|577956|788784|066024|334533|452996|584444|807843|145336|341015|466898|674712|849835|183461|341369|467339|687298|859510|216156|352991|502944|695834|888857|264775|363018|529207|711205|898616|282680|372617|535851|750025|942830|294034|375369|545014|756143|944083|312810|437121|550491|769096|997504,017470|193001|404130|644591|800835|033391|198887|410266|650665|839624|033923|204942|412474|660261|841108|044982|213784|449505|689186|864303|049956|215265|503374|691284|884818|061194|235744|513462|693807|898790|091783|235875|517067|708264|917408|099305|247071|517111|710510|922522|102231|248338|519320|718620|926968|107444|260170|529759|721012|934170|119757|282346|540560|722854|936708|120471|287411|572994|727082|946199|123348|300147|579739|748267|951909|124410|310156|582554|757479|953021|131222|312805|597566|772290|954400|145464|315327|598368|772995|968321|147368|320668|613077|773285|972729|177437|360393|616780|776965|983691|181927|372586|633328|782445|984814|189746|399104|643834|785817|986763,True,https://myhora.com/lottery/result-01-06-2556.aspx,2013-06-01-BE2556.html
2013-05-16,ผลสลากกินแบ่งรัฐบาล งวดวันที่ 16 พฤษภาคม 2556,2556,687125,6,034|261|390|945,56,687124|687126,รางวัลที่ 1 พิเศษ กลุ่มที่ 1 รางวัลละ 30 ล้านบาท ชุดที่ 26 หมายเลข 687125 กลุ่มที่ 2 รางวัลละ 20 ล้านบาท ชุดที่ 52 หมายเลข 687125,207239|436870|645921|709419|848178,034948|227581|381868|632851|856786|207577|304629|524992|831951|981416,036111|246967|467757|645199|834379|064601|251239|502016|656207|835839|067010|270905|517321|711967|836828|105914|301856|518245|716994|845414|139712|303998|545175|756319|859978|158151|318044|548285|766286|893395|169977|350240|561040|771251|942206|193572|375464|582054|777918|943703|202951|401938|608521|795863|975761|212299|464651|613134|796473|998355,013509|177398|439288|636547|876798|014676|194613|451865|637404|882178|023166|198259|453259|658739|884576|040022|208711|454882|666214|894999|058620|211546|479414|684133|900070|061374|218358|485071|732545|908860|068353|227650|489188|744609|928890|069515|242023|500514|756005|935319|073524|242329|513453|782003|952539|084948|256192|532858|788819|963589|095189|270013|554028|798145|966314|095290|276886|556615|810662|969145|101638|284633|563958|814383|981408|105075|297423|569984|820267|983453|144518|309711|599185|823858|991389|148085|348510|599317|827604|995082|154369|369023|608195|851495|997442|154877|371620|610970|865920|997511|172128|409624|620017|870954|998656|172411|412921|633025|873049|999192,True,https://myhora.com/lottery/result-16-05-2556.aspx,2013-05-16-BE2556.html
2013-05-02,ผลสลากกินแบ่งรัฐบาล งวดวันที่ 2 พฤษภาคม 2556,2556,603458,6,272|359|516|830,07,603457|603459,รางวัลที่ 1 พิเศษ กลุ่มที่ 1 รางวัลละ 30 ล้านบาท ชุดที่ 27 หมายเลข 603458 กลุ่มที่ 2 รางวัลละ 20 ล้านบาท ชุดที่ 61 หมายเลข 603458,156868|238822|242952|771243|817310,041122|143901|316555|655676|870637|054583|145851|368125|850936|960208,007571|065468|189372|329027|657104|009080|081868|194562|339018|657904|028452|092850|208443|382767|744215|031453|104935|220456|391112|758987|034145|108461|226882|417010|805802|038867|140434|230633|441849|822755|043787|147710|246118|534945|858128|044525|156183|302919|612927|885847|060179|159127|321981|616704|900025|060451|176814|325261|632070|987066,003534|153060|393442|654646|871087|007590|194205|432956|656387|873213|008040|201216|455819|678117|884086|024326|204945|465118|679561|890226|028247|205721|490744|680072|890348|037591|212072|529081|683036|892286|064286|214560|529783|689746|895515|067169|274227|530972|710685|908268|073745|285339|534824|713189|910712|084195|292403|543893|714139|917131|092323|292404|548437|742413|934085|102574|296937|563205|745833|936368|105046|316673|570875|746400|940654|106828|322058|573739|752566|942740|123389|322930|595983|757265|952267|123398|333860|626457|774552|976044|132703|342122|627436|782964|980474|137035|370144|642696|791206|985269|137247|385449|648483|811056|988440|150691|388180|653196|818348|998759,True,https://myhora.com/lottery/result-02-05-2556.aspx,2013-05-02-BE2556.html
2013-04-16,ผลสลากกินแบ่งรัฐบาล งวดวันที่ 16 เมษายน 2556,2556,843846,6,828|834|862|906,86,843845|843847,รางวัลที่ 1 พิเศษ กลุ่มที่ 1 รางวัลละ 30 ล้านบาท ชุดที่ 02 หมายเลข 843846 กลุ่มที่ 2 รางวัลละ 20 ล้านบาท ชุดที่ 65 หมายเลข 843846,238499|275764|324238|444774|812223,087498|506353|603255|728041|892902|262509|549591|652927|850822|961646,031453|176814|377540|650959|905313|034145|189372|402664|661927|908859|043787|208443|427097|667928|916123|060179|220456|443362|693156|920832|060451|226882|463703|746237|923584|065468|230633|472343|761603|927723|092850|321981|517227|785464|929088|140434|329027|619140|842370|967309|156183|344303|625843|843135|972280|159127|355292|646752|897672|992362,004101|145806|304662|520629|741141|016927|169782|315207|522529|743907|027430|176133|319434|549633|786841|029612|184154|332047|550422|802109|036201|192273|374401|575059|826542|039289|220813|390948|579809|841408|042174|225824|430138|598350|844479|044399|237540|444544|600827|849483|051746|241558|444710|638018|850171|054404|247643|445433|640557|858320|074813|260402|451361|642561|860422|075102|264764|453473|644566|874781|088310|264814|457949|650091|877363|089964|267134|466054|651264|878700|091900|269567|468804|660980|888663|097720|270199|484289|672859|929735|106410|287422|487074|678736|946744|113657|291966|489120|700642|960797|121134|297696|500250|711881|968993|142356|298531|505815|727050|989863,True,https://myhora.com/lottery/result-16-04-2556.aspx,2013-04-16-BE2556.html
2013-04-01,ผลสลากกินแบ่งรัฐบาล งวดวันที่ 1 เมษายน 2556,2556,571688,6,170|430|670|725,53,571687|571689,รางวัลที่ 1 พิเศษ กลุ่มที่ 1 รางวัลละ 30 ล้านบาท ชุดที่ 10 หมายเลข 571688 กลุ่มที่ 2 รางวัลละ 20 ล้านบาท ชุดที่ 61 หมายเลข 571688,335183|483797|541321|918967|940379,031115|244419|266846|447350|697246|211465|260400|391814|674011|700197,019671|206629|451350|710680|866343|024975|210970|452703|752256|900783|050341|256733|455289|753640|902028|059993|257804|504293|772046|929341|132404|266366|513261|773573|950121|138771|337969|516571|781436|964320|139373|394946|524427|813163|979605|155794|404140|646873|825201|980986|161642|431382|662683|849867|984502|188944|447532|702777|857781|988637,008584|197725|400689|623839|795116|015052|198630|405548|625738|795894|016453|201417|463750|634689|809647|028802|202702|480660|639366|835304|035208|220995|483987|640544|841976|035305|227486|506695|640592|850878|049010|230392|509407|647486|856170|092390|256692|529128|651657|866088|105657|260875|535932|662847|869934|129709|279123|536706|665552|873060|131160|279813|539539|667955|892947|132697|280020|541230|677381|895246|144824|292130|547708|678157|897002|158214|298451|552663|686274|916157|161660|306877|569498|696184|923494|162313|321234|575149|723472|923918|166808|323074|586198|738310|945986|169839|336343|596621|753123|976148|177969|353655|609862|754748|984527|192430|381834|615767|792396|998077,True,https://myhora.com/lottery/result-01-04-2556.aspx,2013-04-01-BE2556.html
2013-03-16,ผลสลากกินแบ่งรัฐบาล งวดวันที่ 16 มีนาคม 2556,2556,968433,6,175|529|860|959,52,968432|968434,รางวัลที่ 1 พิเศษ กลุ่มที่ 1 รางวัลละ 30 ล้านบาท ชุดที่ 16 หมายเลข 968433 กลุ่มที่ 2 รางวัลละ 20 ล้านบาท ชุดที่ 66 หมายเลข 968433,388076|525254|650123|835580|956492,003052|507776|641493|799847|822004|035945|522257|735395|817216|971995,006412|226957|393094|679684|841097|032014|244688|404716|683704|842169|056615|259754|408819|689898|878019|056841|262969|421622|700129|884256|088669|328681|448283|730853|907923|108339|331122|449731|731304|912514|125393|337201|557154|759001|936088|131611|342598|609921|795450|940889|135121|362220|632431|807338|954680|226198|369250|654922|824790|973272,009454|281075|453446|615224|753569|011979|323010|463043|617516|760422|027966|333324|468596|621988|769427|039987|340714|485784|624384|788400|041788|341676|513121|632795|832985|044315|356751|519858|636505|833599|062008|361549|529230|640110|874456|070694|396871|539188|648358|900743|083991|402960|539704|657081|923744|113767|405725|548209|674074|934905|114402|407435|548820|686881|941510|116374|407939|549694|691257|957656|120231|416161|553365|699875|961671|151092|419904|557420|703100|967091|158262|420133|579192|706933|968954|168374|421776|580797|714314|969862|172944|440145|584611|722166|976953|242577|446617|596380|731532|985498|252843|447660|606162|748087|992468|277850|449739|609587|749316|998445,True,https://myhora.com/lottery/result-16-03-2556.aspx,2013-03-16-BE2556.html
2013-03-01,ผลสลากกินแบ่งรัฐบาล งวดวันที่ 1 มีนาคม 2556,2556,976241,6,133|721|775|972,37,976240|976242,รางวัลที่ 1 พิเศษ กลุ่มที่ 1 รางวัลละ 30 ล้านบาท ชุดที่ 11 หมายเลข 976241 กลุ่มที่ 2 รางวัลละ 20 ล้านบาท ชุดที่ 52 หมายเลข 976241,200902|292247|769135|867127|910098,016221|305890|487847|655560|746961|295930|332145|520602|725599|818735,004578|221871|410566|670049|761077|014685|222904|412996|672185|764030|027031|245192|417774|679705|793231|101231|254644|438361|691541|826522|111641|283056|477931|692457|835939|139861|300553|532177|708033|854744|142825|323893|539603|734789|936682|184769|332904|543875|734871|939214|188147|359846|610797|752136|949077|218906|369601|622821|758532|979633,000454|194523|417544|589738|777839|001212|196158|429470|604877|799853|019152|199105|435454|609552|812697|023248|201115|439499|612915|817294|029784|224142|440804|630636|818479|043558|238314|441389|637927|846909|060948|242007|458422|644270|884550|067987|257935|459825|654336|893208|068038|274044|476827|676142|894178|071072|287017|508368|681841|902480|101088|308104|526237|684677|904229|115250|309254|534665|702648|923594|131791|314302|555387|706861|951512|131961|318846|555551|712889|954478|134538|323962|561532|720886|963156|136100|338630|569776|727291|963620|139421|346349|577555|727500|963776|151621|349447|585961|732223|966451|177889|352080|586633|754257|993622|185965|408442|589293|770361|994725,True,https://myhora.com/lottery/result-01-03-2556.aspx,2013-03-01-BE2556.html
2013-02-16,ผลสลากกินแบ่งรัฐบาล งวดวันที่ 16 กุมภาพันธ์ 2556,2556,368257,6,109|386|657|708,09,368258|368256,รางวัลที่ 1 พิเศษ กลุ่มที่ 1 รางวัลละ 30 ล้านบาท ชุดที่ 23 หมายเลข 368257 กลุ่มที่ 2 รางวัลละ 20 ล้านบาท ชุดที่ 61 หมายเลข 368257,176979|629690|721136|852539|919881,223366|469887|559243|642097|728701|410442|496886|625827|642844|740164,016126|248961|499178|689279|803403|067068|278770|501654|719157|816468|087204|279483|549944|729881|830387|113248|285393|561943|737356|837810|125615|292512|602121|739411|851335|126678|309728|632444|739710|855337|160932|313054|639644|750352|879673|179393|348377|640545|785733|946183|184091|443434|653557|788128|983513|241227|450792|668845|802049|987904,002696|186327|402973|552228|773053|003182|196574|404843|560735|777815|009587|221301|432593|583385|785584|015076|224650|437360|589626|810255|023795|234491|440152|592916|812141|025254|245791|441594|603174|822034|042182|275303|444174|637128|828756|057930|281151|451817|638870|830415|071878|283924|485262|649719|851933|081986|287124|487897|655213|879108|086533|301683|495457|678915|887058|087362|321329|495885|697327|897296|092677|328169|503797|710690|911894|115904|361435|507586|724291|919521|117797|362402|512579|725845|931539|125966|362757|515967|732803|967804|128432|381846|516056|747893|972351|139212|386687|517143|753850|981250|153812|390586|526862|764638|993011|158642|397124|531475|766784|996814,True,https://myhora.com/lottery/result-16-02-2556.aspx,2013-02-16-BE2556.html
2013-02-01,ผลสลากกินแบ่งรัฐบาล งวดวันที่ 1 กุมภาพันธ์ 2556,2556,565566,6,452|641|695|782,66,565567|565565,รางวัลที่ 1 พิเศษ กลุ่มที่ 1 รางวัลละ 30 ล้านบาท ชุดที่ 07 หมายเลข 565566 กลุ่มที่ 2 รางวัลละ 20 ล้านบาท ชุดที่ 51 หมายเลข 565566,503703|547335|671110|840246|919268,078503|224859|498513|692039|775599|132394|227493|552158|770776|784615,016038|190089|366456|599016|760041|028310|193353|380834|658898|791043|065732|237153|382035|661986|808641|065768|256415|424545|665951|826875|069422|263317|437429|682316|861406|112977|266052|461643|683018|861910|116852|269248|497603|708859|862786|124320|294662|501993|732352|908516|173651|298286|553128|742946|917927|177745|359676|588802|749063|959973,006303|201827|433995|657650|791262|012837|208356|439138|661989|795726|019267|218842|460544|682470|803238|052232|220761|461157|687421|806583|060232|221109|461360|694551|823826|061383|221508|471867|695846|830037|062942|230439|478584|699327|830807|079065|235293|503309|699359|850787|087544|236157|522852|699676|861779|088628|246120|529203|701853|866024|098569|269220|554490|713026|867140|101457|271057|567606|716573|878715|106217|302919|590425|727686|879503|132590|327587|603061|730340|904279|143190|352140|614362|731680|938215|152057|381809|616678|740706|941232|165988|389349|623255|765487|943923|167285|389952|641227|773395|970577|181448|395665|649766|780432|978873|187283|426896|651617|789443|992675,True,https://myhora.com/lottery/result-01-02-2556.aspx,2013-02-01-BE2556.html
2013-01-16,ผลสลากกินแบ่งรัฐบาล งวดวันที่ 16 มกราคม 2556,2556,820981,6,196|334|374|555,08,820980|820982,รางวัลที่ 1 พิเศษ กลุ่มที่ 1 รางวัลละ 30 ล้านบาท ชุดที่ 06 หมายเลข 820981 กลุ่มที่ 2 รางวัลละ 20 ล้านบาท ชุดที่ 61 หมายเลข 820981,028515|034234|244271|559027|780790,031701|195700|412820|633762|813503|064377|302847|595414|723570|905744,010727|115560|274151|496192|776897|023736|122197|285974|552401|822554|025850|133395|316791|565253|830193|031249|146506|318777|624541|856642|042164|151668|352848|652778|867274|044193|173743|386201|671077|872719|060578|183424|395806|704759|885911|082506|199093|420000|746950|924009|088669|210265|424761|770124|979056|109570|229095|434544|770703|998107,015973|267142|474097|646852|814348|018491|267809|474999|646999|825043|030924|270906|479209|652023|841235|092569|291878|482084|654720|859207|092603|297250|502749|671129|859609|096990|300958|506432|672200|863359|107252|306550|512442|692302|866742|125598|324814|517666|705348|883232|134676|341568|530448|714051|890371|139854|347028|536162|715140|898102|151021|351280|550131|717899|900612|174191|358042|554880|725526|903036|178632|362896|584290|737593|930498|188021|371684|586267|748596|940409|188099|373876|589855|750548|957014|203456|381943|633230|758854|969624|207049|404900|633760|789258|977927|207694|436772|635723|793066|978343|248418|443070|638459|800523|983829|263250|469266|646368|810308|993792,True,https://myhora.com/lottery/result-16-01-2556.aspx,2013-01-16-BE2556.html
2012-12-30,ผลสลากกินแบ่งรัฐบาล งวดวันที่ 30 ธันวาคม 2555,2555,302358,6,126|589|832|864,00,302359|302357,รางวัลที่ 1 พิเศษ กลุ่มที่ 1 รางวัลละ 30 ล้านบาท ชุดที่ 09 หมายเลข 302358 กลุ่มที่ 2 รางวัลละ 20 ล้านบาท ชุดที่ 62 หมายเลข 302358,196146|233041|446296|638488|990081,064514|122365|296963|586314|718802|082129|239400|384862|646482|744548,011889|131673|346210|560844|742636|014629|168331|370429|576930|753108|033311|173619|381321|620925|864613|052877|185296|444648|646864|886413|055254|188301|449187|668707|899490|072527|235904|480136|671846|927602|098445|236107|508449|673485|947039|107465|239321|527730|690800|955576|124005|335524|538195|728073|996646|127885|341249|543227|740264|998437,000741|284109|441623|559558|733871|004447|287536|444981|572692|738633|015476|291849|454955|580125|752432|018394|325522|464541|588886|753557|018634|330925|473341|600807|771645|032215|331236|474679|603024|814462|055585|349669|484034|604030|822822|069749|366300|484119|616124|823371|099514|371533|485688|640088|843586|141827|381132|489429|646438|864410|170853|383795|502084|664601|864588|172515|384606|528170|667388|892133|180476|389524|534980|671784|923347|190162|392425|535373|679417|928680|212763|394962|537896|682376|929970|213699|395261|543240|695973|954955|229936|395553|543519|701000|971298|233333|409895|544762|705928|984031|235700|417351|545703|710880|995560|284076|419573|550501|713131|997740,True,https://myhora.com/lottery/result-30-12-2555.aspx,2012-12-30-BE2555.html
2012-12-16,ผลสลากกินแบ่งรัฐบาล งวดวันที่ 16 ธันวาคม 2555,2555,529524,6,008|734|745|778,72,529525|529523,รางวัลที่ 1 พิเศษ กลุ่มที่ 1 รางวัลละ 30 ล้านบาท ชุดที่ 03 หมายเลข 529524 กลุ่มที่ 2 รางวัลละ 20 ล้านบาท ชุดที่ 52 หมายเลข 529524,016169|299611|388078|524517|751749,361578|571881|868594|896699|931834|464041|691885|871878|896976|981517,021288|207531|515128|698851|888948|080263|249734|541766|715318|898081|087061|277554|581070|718116|910416|122016|386287|593381|730293|912407|147193|398098|618665|734287|955987|150489|419851|626564|736865|957202|165705|461908|634034|739003|959171|170969|464644|665228|795831|969863|188258|468821|670382|811537|974503|207114|491037|684954|839343|982227,003253|167159|335051|559294|830564|024246|167936|341642|571223|832541|038906|170925|372839|589370|838630|049189|176435|378206|612018|840051|062106|190229|385116|619164|865183|065037|205996|392771|637985|871353|069170|209100|405736|639655|896961|086126|221043|411807|653244|902951|087526|224816|414310|657291|904389|121005|225762|414427|659377|927330|124049|226722|421012|671929|930668|126909|249215|427895|707804|938482|127588|249542|431062|710420|962805|133565|252046|443127|714869|962989|137429|255741|462969|739220|963149|138050|260214|482126|756402|963922|158146|265460|485742|776045|965962|158848|278587|501966|782388|968199|161643|286705|523135|804931|993182|165423|301631|538228|814467|996884,True,https://myhora.com/lottery/result-16-12-2555.aspx,2012-12-16-BE2555.html
2012-12-01,ผลสลากกินแบ่งรัฐบาล งวดวันที่ 1 ธันวาคม 2555,2555,110443,6,303|434|489|553,43,110444|110442,รางวัลที่ 1 พิเศษ กลุ่มที่ 1 รางวัลละ 30 ล้านบาท ชุดที่ 25 หมายเลข 110443 กลุ่มที่ 2 รางวัลละ 20 ล้านบาท ชุดที่ 59 หมายเลข 110443,070949|333362|661224|863065|912881,043978|366295|460105|779220|940021|248435|387700|624706|814567|969699,000632|164786|335431|565014|832760|031402|194552|343398|600924|861058|032346|204259|344268|640093|863744|059333|249465|366254|660852|906291|104388|250917|411036|665567|909468|110385|252897|436429|668453|919954|112959|261930|444025|739816|961152|129391|295131|482146|740831|980662|154766|313260|504506|769589|987650|157337|321331|534951|830576|991709,009853|172056|356414|583142|805077|017727|177815|367930|590013|806196|033072|182618|374659|595824|813979|049490|231390|394823|600367|878134|050881|232357|397971|616286|892450|052726|237898|424603|622072|894866|067581|254653|447004|627708|895502|070305|257336|447610|637201|914300|072816|278243|452967|641914|924242|078257|285192|454409|644096|932895|088300|290590|466184|650006|933798|116712|292778|502001|661271|935416|122758|296337|525022|671375|938412|124631|324394|531445|686793|938884|132307|329751|536177|714608|960733|136081|329989|537779|723806|966453|146842|336213|541535|734999|974253|155710|336603|546008|738482|976845|165069|342453|556564|790071|982125|166937|342865|557974|791917|989462,True,https://myhora.com/lottery/result-01-12-2555.aspx,2012-12-01-BE2555.html
2012-11-16,ผลสลากกินแบ่งรัฐบาล งวดวันที่ 16 พฤศจิกายน 2555,2555,639500,6,560|576|627|804,15,639501|639499,รางวัลที่ 1 พิเศษ กลุ่มที่ 1 รางวัลละ 30 ล้านบาท ชุดที่ 03 หมายเลข 639500 กลุ่มที่ 2 รางวัลละ 20 ล้านบาท ชุดที่ 63 หมายเลข 639500,097338|157883|328601|872960|893331,148453|370496|502317|686626|741182|323271|370524|597165|701267|780836,037467|244418|365719|613395|840853|041361|246379|370403|639166|861639|043081|258743|402302|668456|876660|059572|269550|438661|681507|877876|078679|292116|524290|709610|880148|120335|302370|584585|752520|922289|120339|351402|588238|764585|929677|125343|356867|592117|779799|953580|207864|360214|596195|780351|961834|231895|365671|609441|781251|989414,013940|165629|362200|530476|815339|024962|178638|371625|557461|835906|028014|195763|372776|568329|838685|035405|197904|375578|639432|844567|051187|203651|388833|651427|846048|058480|205447|401418|668182|847434|062518|216008|406336|689550|860226|070209|231174|424794|728097|860808|074683|236391|432838|748431|868487|077612|246214|433470|749830|889225|081403|255332|441892|753933|895867|082274|267118|448138|757256|901078|086828|275186|460661|761566|917925|111724|287662|467945|767130|919613|121976|293813|476062|771166|940581|123594|304648|485338|774832|942997|145202|324486|491531|790473|944379|149533|333355|505786|800436|961594|151194|342983|506610|801429|976353|151414|356870|518219|812075|989325,True,https://myhora.com/lottery/result-16-11-2555.aspx,2012-11-16-BE2555.html
2012-11-01,ผลสลากกินแบ่งรัฐบาล งวดวันที่ 1 พฤศจิกายน 2555,2555,524694,6,188|217|285|338,63,524695|524693,รางวัลที่ 1 พิเศษ กลุ่มที่ 1 รางวัลละ 30 ล้านบาท ชุดที่ 13 หมายเลข 524694 กลุ่มที่ 2 รางวัลละ 20 ล้านบาท ชุดที่ 59 หมายเลข 524694,011175|062423|110978|120827|364394,115259|185801|359812|504014|907109|137818|240798|501385|901773|939109,001047|218146|445378|590972|806272|004702|249267|451971|593090|807183|086700|268078|453386|608310|810614|086982|275487|464021|608771|822184|091394|283685|473706|620857|972759|101995|297013|515728|709315|975570|109930|405224|524655|741444|981061|118411|412510|530806|753809|983109|135413|425501|546607|769726|992247|173172|432016|585091|781268|996170,001739|216570|419443|587275|817457|020373|225496|421500|593739|834981|032343|227309|436111|618439|838387|052514|229607|436859|636207|860820|055976|230152|439449|651838|868361|067988|244649|455828|662089|868497|089130|246725|461895|665237|870074|096457|247010|475165|698336|873039|100271|264533|488725|699578|902981|102857|314588|494828|705443|910407|110307|326204|499058|722072|911477|120136|326662|499843|728269|929069|125536|328093|508400|732263|940805|150108|329348|512519|735829|945672|155502|331849|518903|750462|947429|166577|340400|527971|755463|949757|171674|358136|534494|792711|969569|187470|375912|545397|793420|975006|193855|380639|547007|802996|978309|209090|409340|570390|806348|981896,True,https://myhora.com/lottery/result-01-11-2555.aspx,2012-11-01-BE2555.html
2012-10-16,ผลสลากกินแบ่งรัฐบาล งวดวันที่ 16 ตุลาคม 2555,2555,281343,6,089|152|396|868,28,281344|281342,รางวัลที่ 1 พิเศษ กลุ่มที่ 1 รางวัลละ 30 ล้านบาท ชุดที่ 05 หมายเลข 281343 กลุ่มที่ 2 รางวัลละ 20 ล้านบาท ชุดที่ 62 หมายเลข 281343,324094|397955|412432|489161|920204,016882|265455|391183|422843|828483|091607|287513|399459|752361|976771,004335|277692|505119|657278|873876|006735|283251|516584|670826|880029|021119|338627|519013|704856|889545|074189|338946|520255|726161|900760|076802|360298|551025|748098|906847|129033|376459|596880|761629|949626|157920|410952|601089|791709|953205|165033|413753|613715|837072|956735|168100|463425|614353|838317|969469|175531|494463|640830|845429|997625,003258|209862|361239|563031|756603|009392|212153|374441|592701|797064|013518|214117|398890|601543|801598|034853|230313|420139|606616|821663|035987|234172|425465|614033|842590|036986|261679|442046|649104|865668|070601|267880|461189|654690|870080|073511|276981|462049|657243|881333|096449|284214|471773|658350|881529|100735|292131|488413|660208|884965|110372|293593|493019|663566|886675|117501|297766|507932|665567|890367|119458|310606|508886|688733|894024|175791|323399|516152|690269|914196|178895|325532|521874|700801|930321|193224|331199|529598|701465|949115|199560|332730|530558|737483|954412|205181|342513|542634|740190|964431|207014|358090|554803|748348|991353|209507|358586|562589|753356|993012,True,https://myhora.com/lottery/result-16-10-2555.aspx,2012-10-16-BE2555.html
2012-10-01,ผลสลากกินแบ่งรัฐบาล งวดวันที่ 1 ตุลาคม 2555,2555,124025,6,291|554|873|940,58,124026|124024,รางวัลที่ 1 พิเศษ กลุ่มที่ 1 รางวัลละ 30 ล้านบาท ชุดที่ 09 หมายเลข 124025 กลุ่มที่ 2 รางวัลละ 20 ล้านบาท ชุดที่ 68 หมายเลข 124025,057371|058926|078851|212223|823483,090462|210894|387364|541163|667293|159272|231341|418812|597502|931770,007046|161651|352576|448853|712028|015683|167559|372405|548089|747243|049906|175911|394786|580964|749766|078523|192930|401630|600724|782149|089671|220643|409157|603808|818048|109037|249614|415346|629487|857121|109285|251862|423173|672291|883196|122025|284345|431991|680196|891167|129024|332697|437177|693713|911796|158376|335313|441286|708832|921867,011675|188607|359429|558162|801958|015400|205971|377274|559776|806773|020019|217354|386744|574787|811216|023668|220302|391744|590827|811826|033653|234193|407247|602331|877900|045003|243074|407623|624600|882013|048839|247433|415819|626423|892607|060332|255648|438541|632184|900675|064754|257754|468182|655289|916775|076702|273097|471410|676345|928683|088594|287752|474418|690895|936531|098462|290352|485369|705060|944011|121585|305210|504643|707336|950839|132099|305965|507289|709964|959145|151636|326913|514589|718394|960162|155707|341411|520817|718552|965664|161772|344261|521527|740608|978905|169926|346353|526418|786973|986148|175733|353233|532020|795566|991424|180975|356934|557843|795744|994109,True,https://myhora.com/lottery/result-01-10-2555.aspx,2012-10-01-BE2555.html
2012-09-16,ผลสลากกินแบ่งรัฐบาล งวดวันที่ 16 กันยายน 2555,2555,540143,6,123|242|752|770,79,540144|540142,รางวัลที่ 1 พิเศษ กลุ่มที่ 1 รางวัลละ 30 ล้านบาท ชุดที่ 15 หมายเลข 540143 กลุ่มที่ 2 รางวัลละ 20 ล้านบาท ชุดที่ 51 หมายเลข 540143,186711|260215|332356|400818|408134,048617|094649|582753|674397|881235|090031|435606|612914|829597|994796,004446|101746|426618|588278|702985|005452|103526|477107|592359|713320|017394|234831|494324|598471|724870|026981|245070|501322|598907|799126|034903|263706|517438|611244|863022|043240|299678|528387|617096|865473|055353|338564|549893|618350|914719|055729|348460|557888|627484|926336|083905|414209|572939|660734|953560|096752|416561|586793|699933|986885,000929|151713|347898|535335|740374|013194|152976|347908|538293|744737|027948|165734|363006|551364|753295|031147|169882|378087|571099|757621|038330|192029|384837|584022|791231|052936|192264|398640|592649|833768|053696|194787|402782|598770|840813|056135|194953|410322|611580|841669|066836|211158|412858|618950|861666|068759|215686|415480|631704|878524|079787|229695|420380|632698|894282|089287|255339|427494|646797|907181|100617|263557|447623|652567|919506|108409|272372|449301|654390|923727|112997|290809|461237|662568|924508|114588|311296|469512|663874|942385|118410|315714|485109|679725|958570|124474|319105|494291|736268|970836|141195|325263|503269|736385|987884|149134|339766|519661|738368|991524,True,https://myhora.com/lottery/result-16-09-2555.aspx,2012-09-16-BE2555.html
2012-09-01,ผลสลากกินแบ่งรัฐบาล งวดวันที่ 1 กันยายน 2555,2555,329997,6,148|598|639|736,07,329998|329996,รางวัลที่ 1 พิเศษ กลุ่มที่ 1 รางวัลละ 30 ล้านบาท ชุดที่ 08 หมายเลข 329997 กลุ่มที่ 2 รางวัลละ 20 ล้านบาท ชุดที่ 59 หมายเลข 329997,057084|137845|794286|853903|988286,071253|159801|466636|632311|742775|144471|454992|535723|717132|794130,006014|151616|414817|575093|862109|013008|199975|432488|659613|901274|026434|205986|434698|660317|939150|050479|231955|442160|698997|953366|055603|276407|458459|706748|955264|077761|281656|496185|728983|957985|100741|293620|506975|740659|963655|113604|316689|515545|815813|972624|117010|353541|518780|822274|976101|131932|409311|559524|832996|984222,007760|241313|395798|560360|855069|040587|243906|397486|562434|857890|051494|249179|403369|570051|859723|051804|249197|404149|606354|898380|074400|251354|416277|618574|913613|074435|258123|434905|633438|913636|075098|265909|443769|652600|914545|099876|267654|451095|674677|931419|109075|275770|458114|698402|931434|112022|281717|458330|734329|934168|119094|291039|467876|744704|942287|123451|302168|470214|767870|945864|131940|321931|473824|782889|950379|135031|329255|487138|789833|959300|138844|338735|501191|804556|966328|159425|339820|503391|826246|972883|185548|342455|503923|827746|974778|186372|346305|506695|829882|976425|223627|352868|530324|839898|985649|226831|371988|558268|853483|990990,True,https://myhora.com/lottery/result-01-09-2555.aspx,2012-09-01-BE2555.html
2012-08-16,ผลสลากกินแบ่งรัฐบาล งวดวันที่ 16 สิงหาคม 2555,2555,683877,6,032|612|730|775,28,683878|683876,รางวัลที่ 1 พิเศษ กลุ่มที่ 1 รางวัลละ 30 ล้านบาท ชุดที่ 20 หมายเลข 683877 กลุ่มที่ 2 รางวัลละ 20 ล้านบาท ชุดที่ 62 หมายเลข 683877,193867|221117|604811|884831|980179,011403|115070|271347|304622|884665|073342|258151|301472|558992|897294,032967|244415|413340|587378|869215|063102|248433|429131|602455|890107|089080|250238|459303|608005|890543|108256|251583|471331|614980|899953|136658|260506|487692|637739|900384|138576|294466|489333|727764|937745|146256|341630|501047|751560|939311|214670|349327|550308|756100|955614|219309|369753|568930|784592|992948|239439|392185|579567|821743|996269,020184|169191|404802|627081|807726|026416|219308|410730|637029|808419|038792|221805|413290|638158|820575|045281|223867|460092|657335|826723|046893|236534|460709|659391|827400|056328|247702|480080|659776|845269|074613|264348|487653|662978|855606|096773|267268|490633|672696|866715|097349|267500|495203|678287|867061|102320|271282|523074|708080|901106|106799|281684|536738|713064|913963|118454|320426|537552|723025|953376|119505|333524|549048|731046|965902|129862|337108|555644|736670|974542|130225|340069|558116|737270|975085|138767|343903|571304|773972|980457|141161|363957|575135|782542|980807|154062|371975|601996|783096|985181|160338|393699|611947|803491|990506|166180|404326|617576|804956|990972,True,https://myhora.com/lottery/result-16-08-2555.aspx,2012-08-16-BE2555.html
2012-08-01,ผลสลากกินแบ่งรัฐบาล งวดวันที่ 1 สิงหาคม 2555,2555,895590,6,599|745|796|820,50,895591|895589,รางวัลที่ 1 พิเศษ กลุ่มที่ 1 รางวัลละ 30 ล้านบาท ชุดที่ 01 หมายเลข 895590 กลุ่มที่ 2 รางวัลละ 20 ล้านบาท ชุดที่ 64 หมายเลข 895590,118054|127106|516488|883421|932739,110903|194695|328457|552549|776647|151813|291902|489109|603021|871671,051400|225699|445955|738578|882998|057774|232194|449563|760190|884712|080481|248243|472018|761151|888371|115350|311309|544035|768258|889027|145772|326928|578666|785921|910061|160186|330293|603434|791600|934315|169736|387095|621932|807093|941838|198450|409936|630087|857287|955374|205280|413741|655668|857399|961677|219397|445778|702140|876150|987051,012901|221704|440023|623953|803117|012902|236568|440236|644173|804995|018753|237639|449271|654731|805264|019691|243698|456905|662356|815834|019698|245392|466013|662810|817174|048661|245781|510412|672835|839436|055264|246343|513754|689484|876069|060502|246505|513784|690613|878520|072479|255269|518831|694402|924612|082670|277964|520766|699694|924711|084580|279448|523739|730312|928740|100474|297735|555322|734732|936385|108135|302705|557183|737291|957813|151159|314427|561085|738923|964622|160203|317289|563007|760495|968136|168579|327814|601227|762191|971034|181202|342711|607331|767091|982084|183767|358479|617762|782374|986796|191735|420621|620285|783464|991360|218904|435138|623789|800437|998458,True,https://myhora.com/lottery/result-01-08-2555.aspx,2012-08-01-BE2555.html
2012-07-16,ผลสลากกินแบ่งรัฐบาล งวดวันที่ 16 กรกฎาคม 2555,2555,904050,6,042|159|224|897,11,904051|904049,รางวัลที่ 1 พิเศษ กลุ่มที่ 1 รางวัลละ 30 ล้านบาท ชุดที่ 29 หมายเลข 904050 กลุ่มที่ 2 รางวัลละ 20 ล้านบาท ชุดที่ 58 หมายเลข 904050,047572|210066|420284|560273|860919,005798|134397|184875|729459|938250|123882|173368|491391|777457|994110,057558|312779|414712|637313|825559|066497|319889|423310|644448|840599|070060|343798|445285|652944|919778|092005|357382|448822|668271|926575|094659|358901|461656|761436|928902|108646|363894|477426|764197|935857|141594|367204|481790|788128|947530|274620|372861|499723|790855|986955|304629|377725|523908|805992|994521|311572|412791|625896|813476|994797,015445|169252|357984|690368|828404|022366|169306|380337|690706|831120|026463|177267|426155|704384|847852|041326|182553|429969|712492|850280|046412|183537|453116|723893|858272|054927|190083|498223|729507|866815|056121|194058|506116|740320|872569|064806|216891|526671|744551|881101|070938|219209|529326|745486|881383|073956|227091|534630|746542|891140|083200|230421|540062|771000|895713|085026|252475|543879|771294|897944|087619|256754|562832|777331|903198|093299|266301|566643|792599|904673|096594|280522|586235|793149|930373|115275|294103|588638|794922|967795|117929|314954|606488|797150|974368|125591|339811|614575|809168|975143|159686|343240|639418|813094|990737|168616|353192|660676|815146|994804,True,https://myhora.com/lottery/result-16-07-2555.aspx,2012-07-16-BE2555.html
2012-07-01,ผลสลากกินแบ่งรัฐบาล งวดวันที่ 1 กรกฎาคม 2555,2555,915900,6,530|611|656|715,60,915901|915899,รางวัลที่ 1 พิเศษ กลุ่มที่ 1 รางวัลละ 30 ล้านบาท ชุดที่ 12 หมายเลข 915900 กลุ่มที่ 2 รางวัลละ 20 ล้านบาท ชุดที่ 55 หมายเลข 915900,002575|260757|391610|408923|691388,033919|355485|513806|664698|845154|062266|511746|537024|807223|880174,004716|181996|380683|649717|733017|037476|200382|414687|682401|745538|043824|205646|423990|684104|764187|060111|225717|490072|689507|769788|065033|232838|497157|693290|791313|083675|244956|585811|698154|830856|119426|247316|589024|702278|872858|146650|273413|604855|725259|920258|146736|289098|611484|728478|934688|162106|341285|632382|728841|968971,008208|220501|444498|606357|867051|024397|228973|468261|615967|876858|030132|228997|476013|616439|884954|034181|254609|493465|628104|886901|046890|255563|506702|633972|888975|051252|255849|507163|645180|889620|056025|257940|512914|645942|895616|057775|266071|521594|727992|904807|063800|269423|549813|778627|934811|088961|294646|550073|790589|941883|096140|323345|561069|804892|943126|104074|350364|565699|811596|945852|150332|379314|580932|817531|949861|167349|388802|584029|821528|950526|168383|394779|585085|823650|954241|171610|400645|586002|835234|969959|172939|404994|591619|842513|978953|180897|411739|599790|843643|984956|193207|426558|602806|862544|985222|218413|430008|603276|862643|988887,True,https://myhora.com/lottery/result-01-07-2555.aspx,2012-07-01-BE2555.html
2012-06-16,ผลสลากกินแบ่งรัฐบาล งวดวันที่ 16 มิถุนายน 2555,2555,159373,6,238|479|547|790,51,159374|159372,รางวัลที่ 1 พิเศษ กลุ่มที่ 1 รางวัลละ 30 ล้านบาท ชุดที่ 02 หมายเลข 159373 กลุ่มที่ 2 รางวัลละ 20 ล้านบาท ชุดที่ 56 หมายเลข 159373,206112|438124|546149|748249|835739,009662|283482|586676|765137|912261|089200|483012|667483|773736|966651,006443|180561|348174|584940|742485|026871|204901|395719|613256|742599|028897|227950|442306|647578|747936|031470|259451|461881|699173|812319|051093|295298|470697|703251|863940|098333|295742|482809|703281|884387|125502|327790|496860|708914|954853|155679|336189|554619|730604|968122|159772|339501|556310|735439|973681|160236|344024|576827|736799|992890,006076|195641|465198|630156|883230|014064|224035|468474|641210|886011|020409|241191|477439|644096|887279|021546|274163|485078|680586|887777|036987|282753|489819|694653|889202|037442|294581|492012|714650|890282|039603|299519|493919|741428|892006|054639|306486|500672|742314|896444|059978|330768|501608|742417|902169|061146|333035|516666|765621|928084|076971|333236|529244|775305|938350|102021|336396|532795|801849|938430|103942|350958|532950|808777|956334|120199|370420|553915|822905|958472|133173|372016|589394|834051|959274|145252|373910|600117|838397|966541|159056|379473|602796|850098|973245|170843|402995|612679|851982|994305|177821|423752|620080|862819|995332|179274|453882|620416|869535|995989,True,https://myhora.com/lottery/result-16-06-2555.aspx,2012-06-16-BE2555.html
2012-06-01,ผลสลากกินแบ่งรัฐบาล งวดวันที่ 1 มิถุนายน 2555,2555,882727,6,399|576|606|895,38,882728|882726,รางวัลที่ 1 พิเศษ กลุ่มที่ 1 รางวัลละ 30 ล้านบาท ชุดที่ 01 หมายเลข 882727 กลุ่มที่ 2 รางวัลละ 20 ล้านบาท ชุดที่ 63 หมายเลข 882727,185177|377222|386831|472605|966326,334294|543337|724500|757663|944226|444103|659371|753132|937735|958586,004391|242647|322266|625582|882307|015978|252782|326673|649883|916548|035595|265064|328242|653445|936231|036776|265620|366291|696002|956415|054715|286715|369752|721092|959948|069789|300101|411389|734718|962322|082550|301266|419083|749156|969812|120351|302961|440555|750902|969848|168559|304439|538529|792669|992002|186794|306089|541360|823334|997679,018868|229066|488655|681966|854101|020907|243406|498932|699199|854864|067512|244360|505701|701883|856952|067847|250398|515023|716812|863049|068716|268348|520749|718139|869847|074781|278149|536051|723555|887761|102643|278888|537424|730248|907920|114916|325084|542208|730703|916959|121947|354028|553202|743819|922387|125584|364921|557755|748739|923238|129491|375858|578892|756703|929990|142268|417698|585698|763565|942052|188934|434827|591361|770461|950260|191426|443275|600349|775495|955999|194285|443279|614532|793638|956049|194827|448105|626492|812129|966170|197474|452997|636786|817919|966299|215680|468825|643567|821790|994947|222876|475924|659995|842972|998233|225481|483296|675711|849870|999809,True,https://myhora.com/lottery/result-01-06-2555.aspx,2012-06-01-BE2555.html
2012-05-16,ผลสลากกินแบ่งรัฐบาล งวดวันที่ 16 พฤษภาคม 2555,2555,814418,6,101|309|504|902,31,814419|814417,รางวัลที่ 1 พิเศษ กลุ่มที่ 1 รางวัลละ 30 ล้านบาท ชุดที่ 08 หมายเลข 814418 กลุ่มที่ 2 รางวัลละ 20 ล้านบาท ชุดที่ 58 หมายเลข 814418,233030|264585|458845|491760|703878,127033|478657|623441|791337|957359|214369|548224|735411|937711|958087,032049|245693|347036|483207|808059|051408|247529|383509|499005|829296|052432|249194|391338|596261|836653|116654|266965|402262|649306|877842|136877|276587|412834|676494|903320|142978|276650|442973|688111|904402|173445|284942|455362|706237|907155|187448|307048|464281|709097|948127|196146|308972|464776|726044|948344|205103|316613|468129|783435|975066,004212|183170|347052|569547|803636|005258|184696|356048|572450|807257|020876|185518|356350|576111|817906|030747|194896|357617|597021|819222|035949|201958|368904|612021|832880|036726|203677|373265|633116|845073|053767|213603|387019|655847|859209|057593|231717|398438|665420|860296|059559|248453|403591|669343|883641|061027|263478|415811|673804|910848|070686|266309|425833|676977|913901|075456|274840|437351|687617|939688|076845|277246|438746|687902|942761|081845|291530|444194|698443|944282|083235|295105|452787|733343|952650|133935|300703|500255|740949|955560|134479|316964|503767|769264|975713|135464|323098|510862|774680|977894|139397|330470|544127|797104|983271|166448|333709|545760|802050|988129,True,https://myhora.com/lottery/result-16-05-2555.aspx,2012-05-16-BE2555.html
2012-05-02,ผลสลากกินแบ่งรัฐบาล งวดวันที่ 2 พฤษภาคม 2555,2555,889501,6,426|468|589|597,29,889502|889500,รางวัลที่ 1 พิเศษ กลุ่มที่ 1 รางวัลละ 30 ล้านบาท ชุดที่ 05 หมายเลข 889501 กลุ่มที่ 2 รางวัลละ 20 ล้านบาท ชุดที่ 64 หมายเลข 889501,042376|221008|560676|590744|738125,330029|392383|428619|563739|760914|383215|396907|515325|610591|860501,009498|186707|309197|529801|827601|028718|190770|310258|582895|834418|030077|198735|310482|617240|845812|031347|218149|324036|668341|903781|050932|233261|337952|720618|933190|084603|234138|344935|725224|936487|088154|245090|366648|757034|938285|140743|250674|455311|780458|961816|174703|287611|472953|807152|965836|181876|307615|474424|818547|994560,006535|196325|447253|671984|810603|013089|199079|470807|678206|832175|016797|202996|488916|692096|835158|019161|226438|492115|692809|839103|035280|229586|499383|695825|843979|057319|231072|499780|711419|866572|057880|248897|499981|715156|883933|071090|278689|503224|724452|888538|082672|289369|521993|726096|892637|082908|297096|522109|734717|910410|091367|317626|523459|735998|916978|100981|317694|535406|744531|934159|106763|321203|568822|749959|951175|112973|342619|596713|755016|960330|130361|369710|599655|757836|963640|136306|371946|617277|763458|967346|152937|377952|619141|771381|968969|155865|379650|625800|796264|977689|165650|397650|645164|800965|981419|187895|439967|660341|803571|990724,True,https://myhora.com/lottery/result-02-05-2555.aspx,2012-05-02-BE2555.html
2012-04-16,ผลสลากกินแบ่งรัฐบาล งวดวันที่ 16 เมษายน 2555,2555,583470,6,088|216|722|754,62,583471|583469,รางวัลที่ 1 พิเศษ กลุ่มที่ 1 รางวัลละ 30 ล้านบาท ชุดที่ 12 หมายเลข 583470 กลุ่มที่ 2 รางวัลละ 20 ล้านบาท ชุดที่ 62 หมายเลข 583470,372828|430239|515049|606377|806245,061987|168758|413044|517738|836600|110514|321304|451119|559408|952954,053673|260761|426359|658590|885289|156216|301870|475362|685903|900848|162622|338325|475486|710232|913077|178556|347448|482499|720750|923860|185164|374430|515782|731472|927314|187341|377852|520102|778591|929001|191543|384670|528084|782561|957679|196110|388923|605724|823144|978285|237824|396289|611062|858795|984875|256963|419635|629481|868039|988290,002176|196013|368509|605868|781461|005819|200546|380234|633973|792280|014828|216938|387933|638127|800573|020352|218766|395860|640038|800798|023365|221782|406138|655046|818776|026122|226349|410633|658641|822099|033396|231312|411360|682941|837056|034059|244725|433952|683296|846935|047311|253516|434509|685670|864739|074553|256186|442586|693348|867545|079001|280249|467785|711119|879844|086003|296431|468313|713392|886069|100092|304083|469715|715521|887509|100633|308438|475172|718841|905701|164023|314395|486161|731527|913538|168344|314982|514900|740503|917672|174473|323507|523851|753241|932206|177624|328451|537105|769478|948260|184007|344264|539617|776539|953513|190431|363028|600991|778688|981766,True,https://myhora.com/lottery/result-16-04-2555.aspx,2012-04-16-BE2555.html
2012-04-01,ผลสลากกินแบ่งรัฐบาล งวดวันที่ 1 เมษายน 2555,2555,257562,6,074|332|581|616,69,257563|257561,รางวัลที่ 1 พิเศษ กลุ่มที่ 1 รางวัลละ 30 ล้านบาท ชุดที่ 07 หมายเลข 257562 กลุ่มที่ 2 รางวัลละ 20 ล้านบาท ชุดที่ 68 หมายเลข 257562,173402|189468|219517|233360|305949,108799|220969|451460|576483|882212|143430|337127|533338|718001|992661,004754|129444|407809|659410|772033|020941|139001|413960|659744|777813|049780|155049|416219|660493|788725|056144|162025|482809|676901|840610|058070|173608|537926|678192|845983|071505|244605|545080|704471|852271|083839|262164|551486|721733|886797|095259|304113|630119|727570|956867|108303|340433|631118|749558|971861|113790|350889|643936|759836|975145,001141|208515|412288|602811|814896|010019|213869|427388|607135|828880|012841|228445|430850|613681|836760|016986|231145|466241|615786|858444|032468|233058|470536|635229|864250|035758|235933|477337|643168|868723|037009|236079|483462|648111|871505|050537|245660|494952|653848|873442|058120|249738|514023|722972|886544|061155|273410|516599|724711|899026|063818|274191|521858|730074|903998|064256|287153|523073|742493|926202|070127|315833|525278|749234|928037|106268|315980|528558|750715|961800|109467|323408|562467|755172|962579|140062|355757|564241|757013|962970|166366|358145|567108|778192|991591|173432|361459|575097|786245|992992|182973|377037|577182|793723|997086|192989|401392|588065|805933|997973,True,https://myhora.com/lottery/result-01-04-2555.aspx,2012-04-01-BE2555.html
2012-03-16,ผลสลากกินแบ่งรัฐบาล งวดวันที่ 16 มีนาคม 2555,2555,607064,6,333|350|573|606,08,607065|607063,รางวัลที่ 1 พิเศษ กลุ่มที่ 1 รางวัลละ 30 ล้านบาท ชุดที่ 24 หมายเลข 607064 กลุ่มที่ 2 รางวัลละ 20 ล้านบาท ชุดที่ 57 หมายเลข 607064,226110|297879|575154|702982|959731,055354|255702|498473|576033|776538|224291|359645|513937|665364|907392,024941|155093|312531|533772|743669|042119|179416|319547|552058|752723|048458|222972|323328|560320|770849|094973|224220|367018|561808|822962|102498|241374|370300|613658|869482|127217|258559|374301|614539|874549|127323|283039|417241|650175|889303|131083|285328|430707|651677|905621|131537|289090|491854|692389|951943|146641|300204|495773|736188|964303,001423|198122|374397|567803|791930|006197|205258|382377|569003|805163|007729|212945|389122|578538|806357|009180|215140|389413|588589|819192|045540|229077|404803|590290|820880|048589|244078|417491|627455|857964|061298|251870|417747|647362|879956|062705|252169|435940|662308|880819|085184|257173|458481|664487|897187|113168|276303|459119|681024|897486|115701|288412|465287|685176|901068|118967|293846|468730|694816|903050|128980|302223|471357|707282|949387|136373|305304|482457|710291|959865|136565|306320|499425|711463|961432|139906|325522|521177|717041|975105|159340|331157|523788|731788|977703|162442|357167|524408|733830|990531|164269|367254|534879|752315|998206|185375|367506|550609|769677|999495,True,https://myhora.com/lottery/result-16-03-2555.aspx,2012-03-16-BE2555.html
2012-03-01,ผลสลากกินแบ่งรัฐบาล งวดวันที่ 1 มีนาคม 2555,2555,222518,6,135|199|295|711,79,222519|222517,รางวัลที่ 1 พิเศษ กลุ่มที่ 1 รางวัลละ 30 ล้านบาท ชุดที่ 26 หมายเลข 222518 กลุ่มที่ 2 รางวัลละ 20 ล้านบาท ชุดที่ 68 หมายเลข 222518,112810|173506|464801|758152|803142,060797|385506|426445|538835|818283|082729|407360|515654|541416|950723,043037|212255|416425|663016|861967|049773|225219|447609|674773|862968|092185|248784|454332|688420|867517|100195|309856|455398|699804|873797|103114|312618|504448|748156|930529|118165|327075|507434|754865|935578|128411|329119|535107|778972|937987|134698|330047|562494|782322|961092|149859|341586|582199|810386|992388|174614|414330|594316|842726|994478,000584|157302|357647|576423|755395|005414|157484|389934|583816|769057|020793|159383|413405|597933|769205|048934|161230|422437|605005|769659|066394|185623|449896|616122|773419|067310|189317|463395|631952|773828|067415|191972|466390|633904|800430|075615|201671|468346|635162|800716|076058|219641|470576|636565|815309|078667|230302|474994|640236|817544|080657|231823|494135|644197|818740|084192|232510|496866|651861|833651|093735|260364|509863|666375|835020|096701|281103|546464|683806|847968|097978|307944|550720|690194|871616|102655|321521|555705|704600|887796|103711|330686|557106|717017|889338|114506|339899|561749|722473|943314|140245|348848|564281|723983|956432|141489|355728|572829|739977|961430,True,https://myhora.com/lottery/result-01-03-2555.aspx,2012-03-01-BE2555.html
2012-02-16,ผลสลากกินแบ่งรัฐบาล งวดวันที่ 16 กุมภาพันธ์ 2555,2555,648684,6,111|214|420|906,18,648685|648683,รางวัลที่ 1 พิเศษ กลุ่มที่ 1 รางวัลละ 30 ล้านบาท ชุดที่ 01 หมายเลข 648684 กลุ่มที่ 2 รางวัลละ 20 ล้านบาท ชุดที่ 69 หมายเลข 648684,260928|319675|432305|680340|739190,098637|222859|286961|387292|531402|142064|261665|287054|515591|660837,000498|133151|230420|558993|816537|007037|147649|286271|565415|830289|045480|163413|296189|567016|859608|062302|165652|318269|604889|864087|086872|167015|408744|612634|886110|093717|179678|418292|625655|927893|119712|184030|464742|685583|938270|120953|184063|479585|701601|974260|124184|196300|503614|755993|984394|129729|220731|549856|789784|997266,001403|173911|396234|673000|840845|004693|175053|403897|682145|845526|011958|184131|406733|682210|863582|019449|215737|425730|688898|876136|030266|222431|440125|689893|880256|031366|223507|443728|690670|883051|034602|225897|506619|705590|890755|052359|229455|522243|705637|901601|054513|233373|527335|709241|905559|061300|262915|529601|731632|906345|070463|266662|552441|749296|910205|073230|272641|568501|752031|911271|086270|321079|579970|772897|937417|091921|322651|604055|774558|938656|107227|330242|620855|776965|942281|108101|331737|624561|787781|965966|124253|350353|630632|795891|968161|147549|351629|649671|802540|969994|154304|373645|654132|813639|982432|165800|379679|660316|835593|986658,True,https://myhora.com/lottery/result-16-02-2555.aspx,2012-02-16-BE2555.html
2012-02-01,ผลสลากกินแบ่งรัฐบาล งวดวันที่ 1 กุมภาพันธ์ 2555,2555,320605,6,426|498|598|749,32,320606|320604,รางวัลที่ 1 พิเศษ กลุ่มที่ 1 รางวัลละ 30 ล้านบาท ชุดที่ 28 หมายเลข 320605 กลุ่มที่ 2 รางวัลละ 20 ล้านบาท ชุดที่ 70 หมายเลข 320605,382917|656079|693587|732718|930227,041168|101374|374888|678543|744222|079976|254426|438887|737431|944934,010492|146517|494683|625068|762290|065028|250259|519465|659084|804515|068794|272166|531960|663215|808206|072531|273439|540273|674517|815058|087463|275328|544874|677723|830689|090698|285550|553219|706910|835417|104990|387009|556167|708081|857482|123054|418511|585079|745772|872024|127630|418696|593790|749230|887665|135860|483143|599333|758466|996554,000273|188988|399640|618737|825029|001583|201893|420713|627619|829738|004078|216101|429281|636795|835137|019867|250924|433868|639771|845581|025896|257667|444836|681630|855771|075747|258100|446513|682764|884061|075883|284652|450889|683983|894766|077706|288938|468458|719191|900293|092100|297742|498906|725810|906204|092771|313449|521518|731196|916917|108870|336184|527196|735385|922478|114985|342182|551619|742605|924532|116366|351600|563080|756432|936650|120263|352809|563669|771768|937294|135388|359508|567547|774822|938601|140178|361946|571541|780848|941294|144301|375458|579065|785674|944116|156249|386795|592633|789264|965399|172876|392065|603707|806354|986704|176363|393574|611516|824661|994983,True,https://myhora.com/lottery/result-01-02-2555.aspx,2012-02-01-BE2555.html
2012-01-16,ผลสลากกินแบ่งรัฐบาล งวดวันที่ 16 มกราคม 2555,2555,451445,6,150|328|639|941,81,451446|451444,รางวัลที่ 1 พิเศษ กลุ่มที่ 1 รางวัลละ 30 ล้านบาท ชุดที่ 15 หมายเลข 451445 กลุ่มที่ 2 รางวัลละ 20 ล้านบาท ชุดที่ 61 หมายเลข 451445,213372|471036|542908|912778|994777,417549|644350|741116|811783|981248|643462|733853|763376|931113|981951,002871|196091|386223|570286|858006|042843|203249|388358|603896|863390|048953|206232|395272|631060|880744|059643|211891|416513|633667|889991|073314|269056|461820|644676|901277|077256|310891|485404|696924|914626|088647|315325|487861|705542|929701|096427|365262|498798|746905|940132|097659|371658|505775|769468|944975|180659|380423|562150|852468|970707,002722|175678|426697|598078|762423|012128|181571|429153|609046|776180|014644|183078|432766|617060|778449|014741|204957|434938|621501|792862|018065|206914|436622|627965|825569|041591|218704|441699|636226|857692|048593|232488|448606|645178|865960|061582|232521|464166|645899|885371|066834|250476|467068|646943|890874|090993|266636|469355|667830|894012|111191|304181|473659|669206|894200|143532|305790|490283|675191|922130|147777|313904|498266|681626|925882|151677|333459|519880|690329|927111|153300|360623|560626|691366|929933|160624|376361|566070|717297|969204|164289|388595|566417|719243|976307|166131|405884|570587|752662|986490|171756|407593|575442|756069|988673|172310|414055|579992|759305|997627,True,https://myhora.com/lottery/result-16-01-2555.aspx,2012-01-16-BE2555.html
