draw_date,draw_date_text,year_be,first_prize,first_prize_digits,last3_numbers,last2_number,near_first_prize,special_first_prize_raw,prize2_numbers,prize3_numbers,prize4_numbers,prize5_numbers,has_detail_section,source_url,source_file
2011-12-30,ผลสลากกินแบ่งรัฐบาล งวดวันที่ 30 ธันวาคม 2554,2554,526402,6,026|168|541|597,65,526403|526401,รางวัลที่ 1 พิเศษ กลุ่มที่ 1 รางวัลละ 30 ล้านบาท ชุดที่ 07 หมายเลข 526402 กลุ่มที่ 2 รางวัลละ 20 ล้านบาท ชุดที่ 69 หมายเลข 526402,224304|234593|370101|626135|676686,147519|350103|388649|523279|892539|162161|375889|431056|866130|897729,063867|212590|400368|546679|782276|079502|218795|408327|546751|830779|083130|218946|415613|565831|840774|110902|225233|419873|567598|863266|116493|226431|442584|587718|877005|126071|228951|447585|590605|899943|127054|320524|452928|607999|913805|154399|323174|464781|711937|937088|171544|335264|518319|744406|939489|199035|368469|531782|766077|953521,010878|193364|345299|602551|795924|013805|207840|357728|615916|804304|018131|212457|360609|624025|814466|035203|213953|376261|630607|814842|039799|223336|383338|636085|824082|045910|242512|385096|644279|824274|052772|250544|392657|663312|833179|059400|267497|417238|687938|853138|062923|268084|421949|694515|854060|077152|271486|437841|711218|883735|079302|283235|451481|717156|916474|079861|295359|451754|720290|919283|087286|303063|462245|726065|928336|095833|318414|472754|735992|932519|129224|319285|498106|742895|948282|139849|324879|509225|756612|958081|140030|329265|551490|760729|963541|149199|331632|557836|768375|971669|174299|339715|567745|772524|978564|189218|344616|576519|781298|988096,True,https://myhora.com/lottery/result-30-12-2554.aspx,2011-12-30-BE2554.html
2011-12-16,ผลสลากกินแบ่งรัฐบาล งวดวันที่ 16 ธันวาคม 2554,2554,884178,6,235|295|651|784,21,884179|884177,รางวัลที่ 1 พิเศษ กลุ่มที่ 1 รางวัลละ 30 ล้านบาท ชุดที่ 30 หมายเลข 884178 กลุ่มที่ 2 รางวัลละ 20 ล้านบาท ชุดที่ 51 หมายเลข 884178,021880|269585|306099|862685|967456,045158|270878|348442|643365|887363|063305|299247|613174|685815|887534,089209|299535|505334|648581|896946|124147|331624|549057|653795|898114|130975|332761|549973|667651|937033|143026|342076|567995|672416|947525|159688|366692|593507|713878|963282|175029|372339|594579|718812|963949|249861|373946|597951|785819|976241|291387|412939|599897|865354|980500|292639|428857|631843|877886|982227|293569|443328|647008|894103|992018,018525|231245|462180|641979|849893|028391|239592|465606|644958|866427|030531|243838|469140|646772|869165|037686|256935|473098|652734|871356|045902|264339|473654|661665|880196|057350|273173|476890|669046|889428|080229|275194|490364|672898|904128|081994|287370|517267|677300|909768|091891|327639|520735|681564|921365|111019|328503|540516|693575|926522|123833|335899|548890|724357|947966|124067|359386|551740|724726|955563|151696|368016|553554|727879|956832|156570|370445|555830|756039|956910|158562|381003|576200|767232|957019|161318|392296|594770|769753|959778|177878|403362|600909|791095|962568|182640|418040|605757|801847|963931|183610|422486|623590|812731|979904|226255|427398|640088|816250|983717,True,https://myhora.com/lottery/result-16-12-2554.aspx,2011-12-16-BE2554.html
2011-12-01,ผลสลากกินแบ่งรัฐบาล งวดวันที่ 1 ธันวาคม 2554,2554,408147,6,253|739|857|922,02,408148|408146,รางวัลที่ 1 พิเศษ กลุ่มที่ 1 รางวัลละ 30 ล้านบาท ชุดที่ 05 หมายเลข 408147 กลุ่มที่ 2 รางวัลละ 20 ล้านบาท ชุดที่ 56 หมายเลข 408147,157594|369725|505194|759280|946500,064631|441094|591604|829223|916471|187637|532262|729644|837306|978274,031621|180587|382034|561108|697798|052585|208533|394654|572321|719207|064079|226747|401885|587868|731356|065135|263434|424813|588653|845806|107956|265517|440099|603643|905384|117415|302435|487609|622031|932270|119387|304139|493618|624764|933879|120538|329529|501893|628827|951550|146597|363754|518296|645713|981146|165195|366913|534239|651040|983168,012561|247549|442018|606885|885814|020650|254352|460363|613679|888206|042904|254681|460425|618498|897195|058866|263899|461497|632816|897919|095337|276272|471305|648271|903955|097404|288219|473083|648367|916317|109138|310257|491858|655651|917666|110310|312317|494121|670213|920331|117295|333601|500033|727284|921441|122262|340971|500779|738663|929844|156415|350743|503797|753408|932048|163601|352400|504496|801822|944817|167967|357111|526894|811342|949103|172534|358572|532645|836036|953314|192735|365739|536306|847161|961178|196987|368775|548552|853589|961819|211505|385678|562064|863482|968911|221741|404465|578450|867804|969743|229371|423918|578490|879466|971368|244039|438108|603434|883913|986177,True,https://myhora.com/lottery/result-01-12-2554.aspx,2011-12-01-BE2554.html
2011-11-16,ผลสลากกินแบ่งรัฐบาล งวดวันที่ 16 พฤศจิกายน 2554,2554,997777,6,406|425|551|993,57,997778|997776,รางวัลที่ 1 พิเศษ กลุ่มที่ 1 รางวัลละ 30 ล้านบาท ชุดที่ 14 หมายเลข 997777 กลุ่มที่ 2 รางวัลละ 20 ล้านบาท ชุดที่ 67 หมายเลข 997777,027748|285304|518836|752950|845496,061084|162750|215770|377865|726631|144033|182065|307707|666153|746712,015962|221052|466216|658073|837021|045192|242578|475386|661363|874792|065499|301409|548085|668784|893198|104358|303541|572521|672335|908490|106664|319587|575738|679486|915053|138469|320436|589578|716572|928165|142839|324522|592873|720200|939497|148522|379408|606737|726129|977820|172284|422103|638427|774531|979409|208954|463699|648935|819357|981715,001689|231660|430182|599557|788970|002166|249575|440805|607421|813550|002645|252631|452978|611172|814858|009319|254625|458779|611881|819322|034480|260908|459045|619085|833004|064897|261848|485335|624266|847532|066585|267853|485852|645332|865060|069257|305217|500177|646044|866930|078644|320611|526374|649923|867541|096171|323712|532341|658308|868466|102644|334692|532602|665464|893777|112788|350123|540641|668720|895537|114367|368056|541445|676608|910257|129904|373174|550317|711650|915585|146543|391066|565399|714405|921271|155625|393320|570171|766798|939755|174292|402828|583560|767111|954081|201492|407671|584922|779527|964958|204001|407844|589739|780325|974694|209599|425991|597386|783801|983484,True,https://myhora.com/lottery/result-16-11-2554.aspx,2011-11-16-BE2554.html
2011-11-01,ผลสลากกินแบ่งรัฐบาล งวดวันที่ 1 พฤศจิกายน 2554,2554,805540,6,065|221|380|771,54,805541|805539,รางวัลที่ 1 พิเศษ กลุ่มที่ 1 รางวัลละ 30 ล้านบาท ชุดที่ 05 หมายเลข 805540 กลุ่มที่ 2 รางวัลละ 20 ล้านบาท ชุดที่ 70 หมายเลข 805540,106185|306931|331351|898586|914795,130738|376904|663923|787672|863495|338033|500385|737872|814437|956871,003348|261369|525389|660756|899149|043239|285672|527023|680700|900966|083970|321580|529541|706808|915694|096071|358510|589424|726526|923291|097585|397162|591694|732848|940166|115318|400383|604856|737188|943140|150671|433083|630154|788432|957336|220910|448160|631238|804515|976519|230305|452759|639545|860936|984037|238498|459861|640197|876963|996702,005113|283907|477819|638672|805623|027045|292150|480058|642531|809272|039812|302950|484436|655469|812375|045399|305906|492324|667422|823365|062078|306987|503643|668943|846519|083635|310782|527139|672719|856344|093934|345284|534346|673264|862998|123094|348329|543648|678029|888437|123194|350539|554569|680447|903605|142276|369130|561909|681948|903997|165407|384452|563015|694808|913254|179742|384496|571247|704590|913569|183220|386526|572245|716472|915001|190840|400569|574391|738086|916335|191544|431333|574957|740120|934664|193438|439476|578314|746567|942305|202514|440681|588194|748885|943834|209197|454183|603474|773084|964003|233074|461197|609185|778175|979103|239630|473056|627083|795085|987250,True,https://myhora.com/lottery/result-01-11-2554.aspx,2011-11-01-BE2554.html
2011-10-16,ผลสลากกินแบ่งรัฐบาล งวดวันที่ 16 ตุลาคม 2554,2554,955756,6,057|329|507|991,83,955757|955755,รางวัลที่ 1 พิเศษ กลุ่มที่ 1 รางวัลละ 30 ล้านบาท ชุดที่ 28 หมายเลข 955756 กลุ่มที่ 2 รางวัลละ 20 ล้านบาท ชุดที่ 70 หมายเลข 955756,103502|177029|228579|460813|962089,058546|318897|396052|544316|678125|266554|363378|405141|593884|944679,025119|176355|385684|595227|761237|033496|193932|413375|617731|764587|051118|196336|432962|653819|779596|063193|209940|442457|654764|881435|104242|211934|469493|672398|899635|106148|251066|492917|699128|900742|106159|300812|510117|708744|911890|109727|314941|534060|711663|948667|126821|370640|555573|746033|971627|138661|373028|560001|748728|994494,004951|251293|427949|688040|815225|007089|259939|434435|703815|826300|041344|262476|470990|705744|839422|052450|265134|486193|706313|848554|073460|286896|486214|712014|855259|080604|333890|504665|719235|856347|105393|335457|510083|721316|856374|107110|339321|512238|724442|858802|133088|342731|523200|724650|861045|136030|352112|542093|729575|883947|142159|354171|546967|730084|889940|143556|362377|547334|732013|891016|169341|365217|568225|741513|909746|177881|370416|591076|742611|929676|202144|374272|607910|759548|961568|209399|374573|633418|778611|974997|217560|391132|641369|788199|977671|232595|404249|655097|797534|982982|232986|416074|677713|807033|983818|241798|416927|685288|807546|990772,True,https://myhora.com/lottery/result-16-10-2554.aspx,2011-10-16-BE2554.html
2011-10-01,ผลสลากกินแบ่งรัฐบาล งวดวันที่ 1 ตุลาคม 2554,2554,511052,6,104|189|499|957,15,511053|511051,รางวัลที่ 1 พิเศษ กลุ่มที่ 1 รางวัลละ 30 ล้านบาท ชุดที่ 15 หมายเลข 511052 กลุ่มที่ 2 รางวัลละ 20 ล้านบาท ชุดที่ 52 หมายเลข 511052,115296|135655|272895|436327|719119,055024|196154|681975|749916|816144|096165|229586|748295|780560|983708,013705|220052|365586|543931|810807|021596|234015|382397|584075|825213|025375|250746|395944|655525|840446|074910|259014|412876|663387|864785|083305|281597|416434|694986|920935|085839|290066|430612|721873|922683|115991|290982|449572|738281|925733|139807|333826|537177|748673|930343|168485|350034|541275|749294|932888|171860|364774|542575|800722|940188,005545|163196|385683|568355|784635|019221|176675|399598|579475|792604|021759|198609|410691|606734|797625|023271|206764|426593|631013|798563|036550|253028|436185|635168|830565|055989|256078|439063|658801|835634|063646|262209|440133|673670|836164|067336|292641|440586|679635|845112|076338|294931|457472|717048|857944|079763|301794|479180|728084|874424|081191|304584|490103|730068|882938|089188|307677|507414|731551|912011|096797|309773|517882|732159|926269|134236|312123|525010|741665|942159|135815|328014|546433|745564|962464|138115|341876|546722|749931|966662|145246|349000|552952|750416|967353|149825|364298|554055|755896|969351|159066|365596|556469|758384|969443|159362|384143|557441|769491|978041,True,https://myhora.com/lottery/result-01-10-2554.aspx,2011-10-01-BE2554.html
2011-09-16,ผลสลากกินแบ่งรัฐบาล งวดวันที่ 16 กันยายน 2554,2554,731198,6,384|589|645|812,28,731199|731197,รางวัลที่ 1 พิเศษ กลุ่มที่ 1 รางวัลละ 30 ล้านบาท ชุดที่ 02 หมายเลข 731198 กลุ่มที่ 2 รางวัลละ 20 ล้านบาท ชุดที่ 54 หมายเลข 731198,601312|677995|683600|725259|802980,238733|439149|607253|657043|783703|306003|457498|646884|735700|860292,010394|225841|388256|662755|813506|029900|245081|436425|662841|859302|049776|249214|456241|664176|887831|057804|284742|477036|681302|887960|060585|315250|520847|704302|889265|105770|316100|522063|758501|892744|152514|349728|528618|767579|896119|194427|373115|538956|768763|924503|217937|379679|641310|771715|937965|220034|382044|655375|791588|997172,008206|181370|359321|544176|715930|011469|196986|362819|562308|750742|019317|205045|401469|572622|772400|032713|213396|403689|576437|805468|035185|222550|408292|586952|811353|036988|238737|415319|605709|826768|038207|238781|415701|610011|835734|063731|242408|434147|615247|836355|064213|250409|436695|617356|845854|098436|272585|445994|630215|864757|101973|283540|449764|632857|869478|123649|301631|451891|637289|871784|127181|307081|453285|640529|875885|132749|307677|463831|641758|879856|133872|309439|465907|653032|895015|138406|311044|476179|680140|895401|143990|328644|493309|680816|909598|155647|340027|495588|682729|957207|155878|344539|500536|686156|977105|174943|358160|515078|703618|989540,True,https://myhora.com/lottery/result-16-09-2554.aspx,2011-09-16-BE2554.html
2011-09-01,ผลสลากกินแบ่งรัฐบาล งวดวันที่ 1 กันยายน 2554,2554,724533,6,021|533|821|847,85,724534|724532,รางวัลที่ 1 พิเศษ กลุ่มที่ 1 รางวัลละ 30 ล้านบาท ชุดที่ 11 หมายเลข 724533 กลุ่มที่ 2 รางวัลละ 20 ล้านบาท ชุดที่ 70 หมายเลข 724533,200700|571134|694542|931425|940708,038084|202396|387546|543476|856995|106650|377570|435090|766592|931787,019724|275562|356260|626131|869786|022953|277129|392577|635567|876452|073503|281277|396201|648711|879589|078546|292727|415621|748689|879932|096238|301061|470435|755934|885364|167841|313501|470477|820424|895615|173766|322856|504118|838287|951721|207442|329502|561427|842192|957153|246368|335494|603898|842351|960866|249575|354870|624997|855387|961593,012063|218245|451035|607926|803641|018243|221679|456799|630174|820689|040522|228241|462059|694424|829391|058000|231448|468806|695210|834365|070098|239045|481478|701688|850740|071224|244234|490813|701757|867670|071324|267455|492984|706997|878598|083856|275472|494802|712251|907668|106949|282324|510724|718873|919049|109343|286882|521876|721599|943189|124607|292316|536461|725221|948413|133076|295015|552220|731030|955201|162013|319274|558209|738890|960017|168956|319614|574965|755421|964609|181622|333038|577141|758151|979096|192276|348785|577160|768142|979778|198041|359957|580366|772211|983654|201845|392228|592388|776145|990256|204130|406012|598095|776699|993618|206219|437295|599514|777354|998325,True,https://myhora.com/lottery/result-01-09-2554.aspx,2011-09-01-BE2554.html
2011-08-16,ผลสลากกินแบ่งรัฐบาล งวดวันที่ 16 สิงหาคม 2554,2554,536960,6,005|074|345|814,62,536961|536959,รางวัลที่ 1 พิเศษ กลุ่มที่ 1 รางวัลละ 30 ล้านบาท ชุดที่ 25 หมายเลข 536960 กลุ่มที่ 2 รางวัลละ 20 ล้านบาท ชุดที่ 53 หมายเลข 536960,239782|715412|921964|973756|999204,079193|495601|563549|659615|736436|113858|539201|572829|719866|765626,018067|152504|485553|671116|893840|028224|202033|518069|681574|906209|033544|248094|539119|698949|909555|044274|267919|540696|730322|912306|089026|270256|546091|748937|912501|089190|346032|561264|777560|916830|096355|371081|561633|797446|939488|115688|373408|568492|801377|947881|122177|380540|590424|823807|948543|133237|382147|652995|827730|990166,008798|152474|326899|516901|760977|012456|154180|330197|529837|763656|013977|164914|340658|537753|770870|027738|166731|348296|546252|783964|042033|174131|355797|559885|784086|043762|175351|373836|565953|788898|046231|176338|378466|576705|796921|047118|187785|382952|610360|818628|052435|188686|402913|622043|819133|053937|191499|419610|632143|846711|076997|198272|434265|657915|854931|099076|216052|435800|665647|904511|104424|239385|444669|676292|905373|107296|263239|458339|686893|913979|113852|287374|470279|692166|928197|114950|297791|482863|702375|942016|131019|300631|492915|713235|943467|133346|319300|497638|722612|950388|144877|319430|512775|738058|957204|146201|321593|512950|760362|967173,True,https://myhora.com/lottery/result-16-08-2554.aspx,2011-08-16-BE2554.html
2011-08-01,ผลสลากกินแบ่งรัฐบาล งวดวันที่ 1 สิงหาคม 2554,2554,218756,6,221|583|660|703,12,218757|218755,รางวัลที่ 1 พิเศษ กลุ่มที่ 1 รางวัลละ 30 ล้านบาท ชุดที่ 13 หมายเลข 218756 กลุ่มที่ 2 รางวัลละ 20 ล้านบาท ชุดที่ 54 หมายเลข 218756,300678|325341|403945|411013|654649,223566|490658|630212|804687|862198|317596|616010|676773|809925|946307,021444|237732|375602|560272|761829|024960|239453|382948|567812|765230|087872|247891|405641|582118|802067|115930|264572|420205|609236|810677|133503|274442|449846|611891|815063|135849|285686|461816|684989|826876|159259|332231|487253|685642|857717|164894|348935|501272|705222|967144|201797|355671|510946|708205|974280|224797|361225|511351|722629|995270,016596|214282|429845|692471|828593|044272|220807|455454|693845|843153|064718|225209|465834|708997|843834|066208|229636|488377|709340|844122|074006|238657|520357|716499|856820|095442|253086|529444|718913|875131|100584|300306|556570|720100|904740|122145|301128|561761|721034|905388|123662|310565|571648|738296|910888|125767|319161|576633|738891|924701|140719|327020|581161|752858|930116|150266|335777|588901|767974|930147|154386|342375|590473|771601|940709|173397|366366|596686|809701|949669|179557|369338|652855|812714|956848|180923|379574|653262|816006|957463|188106|384242|653598|816447|961638|191613|387211|662783|820297|965357|202237|420405|672224|821950|982293|204791|422752|685938|823203|994826,True,https://myhora.com/lottery/result-01-08-2554.aspx,2011-08-01-BE2554.html
2011-07-16,ผลสลากกินแบ่งรัฐบาล งวดวันที่ 16 กรกฎาคม 2554,2554,116556,6,052|227|534|609,12,116557|116555,รางวัลที่ 1 พิเศษ กลุ่มที่ 1 รางวัลละ 30 ล้านบาท ชุดที่ 29 หมายเลข 116556 กลุ่มที่ 2 รางวัลละ 20 ล้านบาท ชุดที่ 64 หมายเลข 116556,104802|238665|773320|850793|883206,273287|386125|626953|692188|943698|372065|583193|644482|830801|954324,040672|252467|405193|581594|758595|113555|252614|413767|603859|817639|117676|284005|492740|625121|818670|123884|306622|494737|634017|832283|132358|306707|496677|664417|881549|136602|318249|514879|697548|911663|140369|327150|520322|726509|954982|193450|354284|531711|730636|989700|211079|395880|553432|748099|992405|242112|401597|565262|753670|998548,004698|223374|453162|687156|857904|010188|229711|467612|689909|886663|016875|233636|471486|696264|892973|020392|237674|474992|716337|912361|049144|241961|482863|729616|927456|065691|249649|496902|734549|928720|071172|256083|499694|746124|937973|071996|272835|501617|750398|944805|082132|298908|527338|756272|950741|095824|307956|534620|758268|955365|107910|310293|552096|764251|964599|112941|312328|555629|769701|966205|133651|333087|559768|784566|967690|149494|365535|586533|788460|968040|159272|366371|615644|806703|975059|168044|367016|627839|812064|975374|173729|369789|629210|821315|980217|196713|438126|651297|828570|984869|201255|442803|655068|833700|989787|212795|445526|669126|849352|990546,True,https://myhora.com/lottery/result-16-07-2554.aspx,2011-07-16-BE2554.html
2011-07-01,ผลสลากกินแบ่งรัฐบาล งวดวันที่ 1 กรกฎาคม 2554,2554,622953,6,160|390|463|780,51,622954|622952,รางวัลที่ 1 พิเศษ กลุ่มที่ 1 รางวัลละ 30 ล้านบาท ชุดที่ 17 หมายเลข 622953 กลุ่มที่ 2 รางวัลละ 20 ล้านบาท ชุดที่ 58 หมายเลข 622953,123805|187879|413877|741786|814010,012753|256891|482239|507924|765462|209986|315066|505309|678737|852945,030611|292933|439554|643254|812758|103158|303025|446082|687443|819687|108614|316717|446673|688833|824259|112639|348534|493623|708110|826191|117726|353129|503661|723274|835540|126493|363401|529419|732207|866715|163697|393885|535057|745696|875642|211498|423806|587124|756321|978048|261895|428525|632256|775290|988861|277334|436571|641219|796472|996392,010023|225119|385914|655453|819965|016159|231468|446044|678500|823959|023903|243319|464109|685047|829752|028280|247433|468702|685455|839646|037462|247686|473995|704041|862534|047691|248882|474634|705504|862595|066415|250552|477298|707831|871182|077236|284258|486774|713516|880583|092055|293172|495563|733018|891278|094402|300517|496215|742957|902310|123201|305573|505839|753415|915228|146464|307600|527248|758575|958927|149982|314478|536436|762674|959837|170821|316128|553859|778176|961216|180607|319547|584671|778452|967264|183084|320362|594711|782991|971656|189871|330661|616628|783915|977665|191425|338779|617907|788855|978881|194707|346517|618681|789129|980654|206729|367008|629672|811538|993643,True,https://myhora.com/lottery/result-01-07-2554.aspx,2011-07-01-BE2554.html
2011-06-16,ผลสลากกินแบ่งรัฐบาล งวดวันที่ 16 มิถุนายน 2554,2554,351276,6,162|167|486|582,88,351277|351275,รางวัลที่ 1 พิเศษ กลุ่มที่ 1 รางวัลละ 30 ล้านบาท ชุดที่ 20 หมายเลข 351276 กลุ่มที่ 2 รางวัลละ 20 ล้านบาท ชุดที่ 70 หมายเลข 351276,331377|372404|424365|568952|710475,106300|155858|331544|675429|827715|139336|283521|358070|808331|934531,001601|259711|458059|669266|843254|002205|283637|477037|704822|859663|011387|304558|513372|713289|862641|037375|337076|565513|731422|885204|107392|351094|577277|767339|885289|140343|369201|588488|769338|917767|195123|378376|591166|773803|966716|230285|382443|594017|802980|981174|239190|423332|598207|826229|992405|244023|456594|650367|836378|994606,004509|156335|378631|609678|838288|006478|185736|395586|612914|855978|015203|205277|398657|615231|868921|021943|207936|399339|619110|871713|029681|215416|404810|632033|878036|037438|230718|423723|678947|883171|038548|237425|444019|687452|884484|060204|239659|444873|688595|885218|060707|248865|447191|711311|888039|061124|290548|450924|719029|888173|089206|294924|491502|719442|899994|090998|315280|507961|723272|905256|096881|321542|510311|724947|919070|097934|332640|514165|787038|929101|104219|343387|515124|798755|950430|110638|350978|520266|803131|953041|112319|355175|535302|804662|955649|128140|357584|555716|815891|958691|128357|370906|562791|817891|972484|129635|376046|568848|824265|998981,True,https://myhora.com/lottery/result-16-06-2554.aspx,2011-06-16-BE2554.html
2011-06-01,ผลสลากกินแบ่งรัฐบาล งวดวันที่ 1 มิถุนายน 2554,2554,562370,6,346|556|656|801,46,562371|562369,รางวัลที่ 1 พิเศษ กลุ่มที่ 1 รางวัลละ 30 ล้านบาท ชุดที่ 07 หมายเลข 562370 กลุ่มที่ 2 รางวัลละ 20 ล้านบาท ชุดที่ 52 หมายเลข 562370,099772|161001|195474|971173|984513,021916|165077|533764|586177|866945|083917|280709|570994|753523|950811,005027|165877|462112|619968|752774|008778|183706|479027|626063|759918|032164|191490|488078|638369|804705|048290|196892|504779|658044|853116|121058|217351|523457|698145|856516|148937|269439|535058|698559|897396|150319|326918|544118|708578|906597|163895|363451|551208|719995|918485|164234|392090|562040|735502|935713|164820|428888|572625|750317|999117,002941|204974|411008|633338|785644|007301|207958|437537|634583|787531|017997|209247|448046|648782|793317|035429|218935|463081|654972|801950|048883|266780|482455|660900|826814|050003|271184|486291|683401|840891|053101|272099|521355|684605|856434|055800|287265|532336|691696|887309|061806|296457|550504|692984|891746|093131|311067|561032|696622|916421|097682|319263|574563|731853|924630|110555|326647|578961|738533|926462|112690|332040|584995|738610|937713|115336|338659|596029|743471|938417|118797|349098|597486|745371|946165|146760|358676|597511|750185|955296|151198|379173|607168|763241|974022|171415|381619|610747|772778|978227|185342|395999|612892|775151|998755|187606|409057|620989|778063|999959,True,https://myhora.com/lottery/result-01-06-2554.aspx,2011-06-01-BE2554.html
2011-05-16,ผลสลากกินแบ่งรัฐบาล งวดวันที่ 16 พฤษภาคม 2554,2554,406417,6,044|071|700|889,05,406418|406416,รางวัลที่ 1 พิเศษ กลุ่มที่ 1 รางวัลละ 30 ล้านบาท ชุดที่ 18 หมายเลข 406417 กลุ่มที่ 2 รางวัลละ 20 ล้านบาท ชุดที่ 62 หมายเลข 406417,300724|791841|798813|927599|933275,009951|153588|289025|561699|751640|139969|242456|463146|643857|757482,000387|072801|512087|669669|825205|016996|078256|525350|681412|828923|027211|092433|526497|733524|834741|030499|130487|540731|737618|851186|033600|240436|547851|739354|872880|050686|256838|566835|740434|892624|052444|294811|584778|742118|925049|057434|305956|620305|764027|961275|068158|434200|628179|779637|979989|072544|478758|647471|780242|985160,001216|200451|471016|638266|813567|008381|240732|474831|638673|814647|022419|260944|491608|647253|816152|024974|268060|496143|653753|833004|026796|283007|508786|680002|850130|037943|317941|511304|682359|850819|067748|325861|513847|690886|851816|071594|333021|516984|697133|852407|099955|337461|518855|697504|857122|101326|342812|520855|703971|862661|107832|370827|523087|706102|864593|109834|371902|527462|710157|891306|118491|397135|527969|728910|910269|138062|409412|545195|737595|911754|145902|420447|553474|745567|919072|151933|433971|559332|749670|920109|152038|445419|560988|767393|921849|152393|446289|570836|780518|939048|177653|450760|575431|789498|987382|189923|465987|631597|811930|999429,True,https://myhora.com/lottery/result-16-05-2554.aspx,2011-05-16-BE2554.html
2011-05-02,ผลสลากกินแบ่งรัฐบาล งวดวันที่ 2 พฤษภาคม 2554,2554,054136,6,133|421|524|945,85,054137|054135,รางวัลที่ 1 พิเศษ กลุ่มที่ 1 รางวัลละ 30 ล้านบาท ชุดที่ 20 หมายเลข 054136 กลุ่มที่ 2 รางวัลละ 20 ล้านบาท ชุดที่ 53 หมายเลข 054136,033306|217538|409744|761418|990228,030783|114165|355917|511365|677530|064262|190891|468141|533529|961341,011173|252393|521146|769944|877237|014701|261943|562953|772770|902542|028293|277425|575677|774352|916734|081483|286768|578495|780049|917842|087695|302174|591281|785858|929025|127351|378088|622006|798926|937169|139928|384555|673018|818198|942227|205465|393175|715010|824507|953385|237925|403625|760608|855051|961021|247117|407281|765484|860854|961728,006303|235729|392349|541208|770966|018793|262851|414089|565192|775546|036606|265342|422674|570911|784654|047256|270868|428051|599304|807310|052926|276276|439571|635077|811409|058368|280540|455300|638337|841300|066153|296423|456769|645342|846981|070167|298287|463990|656628|856985|072734|298728|470541|683536|871014|083335|311089|473699|688427|884053|156036|311271|474984|707243|905014|164363|313673|480097|707292|912651|174864|331587|492610|708703|928329|184794|340348|493647|709431|936630|189534|355690|498304|712049|956618|196347|361502|512609|722600|957782|199622|373520|517478|723660|964015|209350|374180|536881|734922|973240|214998|376284|537370|737319|975799|218498|389323|537560|769882|986141,True,https://myhora.com/lottery/result-02-05-2554.aspx,2011-05-02-BE2554.html
2011-04-16,ผลสลากกินแบ่งรัฐบาล งวดวันที่ 16 เมษายน 2554,2554,825988,6,213|263|397|593,44,825989|825987,รางวัลที่ 1 พิเศษ กลุ่มที่ 1 รางวัลละ 30 ล้านบาท ชุดที่ 12 หมายเลข 825988 กลุ่มที่ 2 รางวัลละ 20 ล้านบาท ชุดที่ 64 หมายเลข 825988,348938|529248|539050|599386|770053,038955|308109|514717|719914|904446|265427|394265|656621|806926|978719,006052|189706|422405|720694|848062|055681|196014|433802|753087|852304|072347|207491|455223|755919|884777|087227|219022|477402|771990|896208|096358|231396|502557|793810|900466|121671|269779|588495|801823|911484|135688|286624|638800|811879|929384|136237|307398|662922|824495|936949|170144|346445|677998|827203|945442|188043|420077|685336|827624|971378,009523|202999|386542|608454|853690|010278|209382|388842|619573|854823|019829|216971|408401|627103|876425|026596|235071|416783|628368|882440|030252|235696|422430|647370|902974|030607|240089|424403|654880|904785|035112|269932|453271|664694|921162|037953|270077|456212|682392|922639|040519|271800|458568|700039|930562|043822|277610|470620|706913|934398|060775|302162|480552|719058|938155|065936|304300|485462|731993|939554|081543|344356|510028|746696|941300|111437|351904|541956|747070|945244|115954|353542|547700|753064|946742|146846|362843|555329|760158|954623|174180|365003|558052|774404|956115|180452|377971|560302|785171|987504|188331|378490|564762|788350|990824|190624|383766|603679|793742|993340,True,https://myhora.com/lottery/result-16-04-2554.aspx,2011-04-16-BE2554.html
2011-04-01,ผลสลากกินแบ่งรัฐบาล งวดวันที่ 1 เมษายน 2554,2554,814931,6,036|040|584|723,01,814932|814930,รางวัลที่ 1 พิเศษ กลุ่มที่ 1 รางวัลละ 30 ล้านบาท ชุดที่ 28 หมายเลข 814931 กลุ่มที่ 2 รางวัลละ 20 ล้านบาท ชุดที่ 58 หมายเลข 814931,486891|607820|721802|740544|973021,031320|193612|274608|592324|954851|168212|227429|441801|629119|961542,005400|173382|472216|672181|858734|021967|215682|497312|676592|864910|033358|241114|514123|692908|881361|038787|245078|521197|742179|895405|043828|249812|579425|752355|895861|062055|280048|594428|770952|906949|066832|315764|619035|774366|907699|117184|327089|633491|776949|911465|144907|379974|635094|809284|912143|148523|440855|667066|845660|970346,003173|151091|330291|567845|714620|011760|157810|337301|573055|716699|018785|193282|337985|580701|727323|023585|195061|347149|583979|729739|045675|218359|383840|591072|746980|050386|218637|405632|607614|766404|054945|227709|443026|608743|773620|056965|238429|445234|615993|796875|063970|242148|457326|635100|800720|082073|242811|464121|636191|812137|092936|246097|470869|640689|812139|094144|246195|470915|653608|847454|097118|252980|485932|656187|849076|101097|267591|486531|657114|875668|104042|269189|491104|657610|902352|104501|275448|492079|664565|939687|110961|289870|510355|664812|946416|147664|294382|515131|675104|968325|148127|297918|538883|691437|972774|148686|305110|563348|697274|989865,True,https://myhora.com/lottery/result-01-04-2554.aspx,2011-04-01-BE2554.html
2011-03-16,ผลสลากกินแบ่งรัฐบาล งวดวันที่ 16 มีนาคม 2554,2554,593331,6,209|463|737|945,96,593332|593330,รางวัลที่ 1 พิเศษ กลุ่มที่ 1 รางวัลละ 30 ล้านบาท ชุดที่ 24 หมายเลข 593331 กลุ่มที่ 2 รางวัลละ 20 ล้านบาท ชุดที่ 67 หมายเลข 593331,620475|678279|727509|957215|963872,056925|195315|376977|658310|873666|092029|368250|396696|814158|989882,038157|203633|415467|593351|828619|076763|218512|435491|594945|836859|090060|230510|474690|596130|841838|109520|235400|486679|635988|875365|115226|240117|489668|677520|889452|141033|302350|500145|718015|925115|180342|318609|521637|741950|964078|190271|353601|527950|798436|966505|191472|373155|582371|822442|983449|196333|406145|586411|823615|984605,014504|260263|398015|580074|773349|041626|265258|407804|594739|779115|056323|278675|432826|617298|788364|070964|278749|434721|634223|793106|081708|278855|438755|647074|797949|086300|290203|460474|650063|799551|089977|292608|479287|663886|804833|093959|303834|491228|669251|814022|106655|309637|491465|675976|821796|122033|310154|516584|686746|835356|123015|311222|524659|709336|854899|123489|314584|529436|726444|855678|139856|330605|534060|727072|876482|140798|350447|539699|729077|880424|149329|353841|542401|742377|887980|179456|376388|555476|742743|901507|195700|377736|556250|743267|906272|197974|379849|564075|746733|940117|199556|380538|570415|768717|954905|212228|394820|573965|772257|974386,True,https://myhora.com/lottery/result-16-03-2554.aspx,2011-03-16-BE2554.html
2011-03-01,ผลสลากกินแบ่งรัฐบาล งวดวันที่ 1 มีนาคม 2554,2554,656037,6,357|396|544|926,97,656038|656036,รางวัลที่ 1 พิเศษ กลุ่มที่ 1 รางวัลละ 30 ล้านบาท ชุดที่ 19 หมายเลข 656037 กลุ่มที่ 2 รางวัลละ 20 ล้านบาท ชุดที่ 67 หมายเลข 656037,050761|101795|201514|458306|649068,017584|351091|478044|707597|876405|145990|452973|525564|709515|980629,019119|138152|314701|496337|819205|031435|140019|364729|547790|858282|040425|155498|389523|579567|872815|046899|166271|399521|603701|886430|050188|197154|400102|661477|910999|055121|256765|409823|670705|912101|065015|291632|463658|691514|921912|067560|300474|473978|783016|926668|088854|305614|484659|804409|936699|091091|311236|491198|814975|970556,002766|234864|413296|567908|817821|012817|242711|413416|581258|828107|029558|257678|413974|591279|828800|037726|272202|414357|596560|833066|053035|277817|442295|603379|835767|056435|307904|446888|610189|850739|067826|308959|449043|621504|859215|078499|326710|472631|625037|860977|104043|332654|480137|632478|879606|108173|338380|482309|669669|885467|109226|341311|487576|670933|891321|109661|341950|522190|711140|936132|114781|366021|523617|720098|938164|121939|368057|526439|759996|938299|152922|370922|537818|768329|940036|170589|382072|542336|769405|950924|188985|384815|552247|773129|956809|219315|404538|552267|775634|962745|227738|409135|561302|797320|982865|231037|412594|562001|814420|990518,True,https://myhora.com/lottery/result-01-03-2554.aspx,2011-03-01-BE2554.html
2011-02-16,ผลสลากกินแบ่งรัฐบาล งวดวันที่ 16 กุมภาพันธ์ 2554,2554,481746,6,384|388|510|535,27,481747|481745,รางวัลที่ 1 พิเศษ กลุ่มที่ 1 รางวัลละ 30 ล้านบาท ชุดที่ 23 หมายเลข 481746 กลุ่มที่ 2 รางวัลละ 20 ล้านบาท ชุดที่ 62 หมายเลข 481746,063782|462058|485114|537938|634112,198619|261046|504320|603474|876583|212013|409274|541940|696213|937246,005417|259971|396893|600026|838861|039260|277131|399367|601282|848524|082273|289798|422951|688577|886903|124362|303263|446407|712835|914154|148447|342175|520677|772952|926919|180834|363440|522347|786673|935345|184682|383392|539814|800910|940751|222906|384177|556801|807731|958804|229060|386809|564603|819091|988354|252502|389746|589699|831202|995611,002459|179579|330765|484528|725382|003094|179905|347514|495079|790098|024202|185482|349222|523457|796462|027709|187020|358988|524193|839015|033179|187332|362064|539192|843412|034110|195932|371881|539995|846614|042506|204708|375424|550255|854971|070772|205336|377231|550921|856215|077930|211727|377265|575359|861027|086557|233119|377903|617819|887067|087329|242001|383540|619164|891852|093642|255678|405689|652519|892426|114525|255812|406973|662454|894054|118172|261615|417405|665395|896740|119174|262585|423902|668411|912850|124501|286876|428527|673565|928631|132325|290482|448138|684387|934219|138070|302768|451371|685460|959075|147870|305085|455461|703698|973759|159212|322823|471884|720824|993807,True,https://myhora.com/lottery/result-16-02-2554.aspx,2011-02-16-BE2554.html
2011-02-01,ผลสลากกินแบ่งรัฐบาล งวดวันที่ 1 กุมภาพันธ์ 2554,2554,610089,6,121|361|432|596,55,610090|610088,รางวัลที่ 1 พิเศษ กลุ่มที่ 1 รางวัลละ 30 ล้านบาท ชุดที่ 17 หมายเลข 610089 กลุ่มที่ 2 รางวัลละ 20 ล้านบาท ชุดที่ 58 หมายเลข 610089,139062|203931|779625|831467|882706,101357|345432|451675|556197|858829|193020|389485|553853|767800|995140,005698|311160|462399|649044|841437|029661|340331|474650|695605|863579|037432|362349|524393|709548|881606|076763|400995|529287|723112|908361|094854|402883|538283|746971|926079|107741|417809|580217|752159|948212|147198|437640|617757|778258|972419|203937|440053|637223|792562|977082|262931|446915|639630|811414|989338|287843|453198|648711|837004|990000,006231|162819|372294|513795|826088|021179|163695|383250|545351|835462|025532|178899|385245|548460|852827|033937|198264|387259|563049|854774|044497|203924|392336|581553|856700|045991|257006|402351|602589|869088|060890|258976|414075|610870|884501|062927|270564|415361|626417|904730|064417|271372|425450|632825|914075|064495|273512|436643|652887|934842|093628|290832|447833|667090|938924|107936|291820|451184|691431|942445|112479|311343|460737|708628|949580|124469|315839|461929|720182|952690|132616|326171|472398|747819|961111|136748|336079|476661|761343|961821|140098|345276|476863|780531|972466|150032|359362|493405|783658|977214|156425|370160|493632|792582|979479|156707|370347|505606|808307|979709,True,https://myhora.com/lottery/result-01-02-2554.aspx,2011-02-01-BE2554.html
2011-01-16,ผลสลากกินแบ่งรัฐบาล งวดวันที่ 16 มกราคม 2554,2554,281062,6,185|227|546|758,23,281063|281061,รางวัลที่ 1 พิเศษ กลุ่มที่ 1 รางวัลละ 30 ล้านบาท ชุดที่ 26 หมายเลข 281062 กลุ่มที่ 2 รางวัลละ 20 ล้านบาท ชุดที่ 55 หมายเลข 281062,480104|550799|578585|879243|880649,058249|148325|325519|503672|691016|084144|223231|402469|637830|896396,020046|206547|493888|618802|855291|047870|207161|512757|660337|874314|054434|241436|523240|678722|891190|075206|269975|525003|732292|929354|082728|327297|528991|747686|942586|096287|380479|538789|749168|944187|120209|420059|572693|804733|944683|132193|422246|573104|809906|961482|185288|442540|585354|816721|961974|192969|459507|593257|843111|968151,016397|235846|429829|619016|806285|030261|240583|429989|619312|821790|035613|268185|431816|642287|824621|063740|273471|446366|644923|827954|067371|284506|470249|661303|836020|070525|291190|483597|666494|844526|075788|307208|491750|681205|853041|097184|308830|517814|685876|853709|114501|308904|526869|730242|860286|137675|320177|527168|732481|861266|141667|324723|536829|746452|870272|142082|327134|558589|746588|876123|142397|332550|563307|750201|881753|146290|333681|565071|762791|884835|165203|343707|582744|770155|895608|192907|349391|583768|785110|925542|202295|366814|594489|786505|926412|216804|369311|598942|789461|949007|218240|385237|607164|804400|955054|223050|392388|607427|805261|959121,True,https://myhora.com/lottery/result-16-01-2554.aspx,2011-01-16-BE2554.html
2010-12-30,ผลสลากกินแบ่งรัฐบาล งวดวันที่ 30 ธันวาคม 2553,2553,884112,6,153|186|933|936,49,884113|884111,รางวัลที่ 1 พิเศษ กลุ่มที่ 1 รางวัลละ 30 ล้านบาท ชุดที่ 08 หมายเลข 884112 กลุ่มที่ 2 รางวัลละ 20 ล้านบาท ชุดที่ 65 หมายเลข 884112,150586|313033|410306|678717|843180,073898|213622|308184|532571|719240|138708|258842|524628|685159|894672,042618|283943|396443|509776|808202|062493|288757|396594|515836|816090|076211|300562|400741|669088|836321|085156|302337|408989|673310|852050|091638|307444|449925|678998|862459|102984|338323|453742|738662|918606|181144|367273|462860|761331|923785|201956|369431|481017|797005|954640|241293|375576|485422|800206|959333|282709|379422|503538|807986|997596,008665|191625|394513|553779|723370|011254|195177|401666|555108|763420|011981|198793|405772|562296|764198|028463|203820|415719|572328|772680|029246|214744|415727|579913|772724|037649|215213|419962|587573|801861|050821|228474|424569|592186|813140|058628|236447|432585|598950|818941|086153|242415|434783|600507|832007|089682|259807|466058|611534|849972|095276|260245|466592|618878|884427|097807|277524|497756|642676|887504|101336|302680|503983|657896|889315|111420|314933|523275|660835|892559|126812|326437|532444|664766|918577|128141|326524|532914|687874|930473|135146|346512|534105|688327|936713|155279|347051|537651|694233|963742|161188|384387|542946|701181|965328|185455|394492|549350|709665|983927,True,https://myhora.com/lottery/result-30-12-2553.aspx,2010-12-30-BE2553.html
2010-12-16,ผลสลากกินแบ่งรัฐบาล งวดวันที่ 16 ธันวาคม 2553,2553,334380,6,306|315|529|533,24,334381|334379,รางวัลที่ 1 พิเศษ กลุ่มที่ 1 รางวัลละ 30 ล้านบาท ชุดที่ 28 หมายเลข 334380 กลุ่มที่ 2 รางวัลละ 20 ล้านบาท ชุดที่ 52 หมายเลข 334380,059875|093531|117487|119865|945771,182974|282322|304293|777699|871979|251200|287015|373867|794342|926215,005188|156013|373759|677491|816768|020457|172619|377892|702964|860952|036333|177571|404499|733308|869771|044384|186919|454050|749254|870414|086219|224530|575880|753897|870850|087216|256539|600215|790324|897283|092549|289399|624575|805492|926530|113836|291263|648535|805945|954826|133130|298755|670891|815477|969224|144780|330288|672728|816124|978140,001254|231115|396058|573396|752172|015728|231152|399785|577854|756009|052930|237263|404280|582613|767976|059285|240130|413884|583694|783650|074340|252595|418637|584123|790876|077348|260128|426651|592263|800848|077782|287816|448473|595292|824905|112882|291799|451655|615130|842269|118017|292604|454061|627182|844133|127568|293336|467788|628192|848343|131656|305874|493753|635411|857513|138643|324888|495964|639827|859007|143853|326325|506493|640577|870042|158229|328966|515801|649788|873513|170352|329232|515972|653421|892285|172363|357293|520564|663499|898877|179357|360589|520604|692564|933897|194510|373535|526428|710486|961593|194607|394356|536280|719345|987808|198201|395940|549932|719484|988527,True,https://myhora.com/lottery/result-16-12-2553.aspx,2010-12-16-BE2553.html
2010-12-01,ผลสลากกินแบ่งรัฐบาล งวดวันที่ 1 ธันวาคม 2553,2553,181752,6,086|470|474|664,09,181753|181751,รางวัลที่ 1 พิเศษ กลุ่มที่ 1 รางวัลละ 30 ล้านบาท ชุดที่ 07 หมายเลข 181752 กลุ่มที่ 2 รางวัลละ 20 ล้านบาท ชุดที่ 59 หมายเลข 181752,057062|221254|301500|351912|620379,089181|155970|269675|416550|690447|139529|164204|291852|678645|808420,018023|187364|336787|613524|852943|019265|190864|375855|653089|862898|030587|193806|389405|668844|890679|044056|250460|398507|672480|904615|051001|267205|413499|672585|910222|062005|269844|452924|730155|915022|089541|295330|478209|748176|921094|113626|320886|502959|791592|921804|128818|322538|562863|818352|969214|178274|329620|576786|849520|979698,013385|269189|481713|658635|821501|015572|276669|488524|666551|824177|017729|285401|489189|677943|832875|023229|289373|489707|686899|848148|033864|310019|492046|687926|858705|039705|310814|494577|702151|861078|067807|320928|504058|708264|876150|086618|326582|533552|710793|879761|103471|343690|552199|713418|889289|140848|344936|590958|725276|891274|142741|349163|593891|731979|919500|151345|352825|598388|735429|923961|178334|362435|599989|746212|924780|184981|411161|600254|759593|933821|185508|422560|608230|769502|939997|204235|429830|625220|783099|942366|241334|431806|634472|786723|943143|242005|444307|637349|788820|956794|243962|452367|653419|799820|969351|244137|453067|658442|806913|981826,True,https://myhora.com/lottery/result-01-12-2553.aspx,2010-12-01-BE2553.html
2010-11-16,ผลสลากกินแบ่งรัฐบาล งวดวันที่ 16 พฤศจิกายน 2553,2553,813993,6,129|763|907|979,43,813994|813992,รางวัลที่ 1 พิเศษ กลุ่มที่ 1 รางวัลละ 30 ล้านบาท ชุดที่ 04 หมายเลข 813993 กลุ่มที่ 2 รางวัลละ 20 ล้านบาท ชุดที่ 54 หมายเลข 813993,096835|104173|348227|579668|856098,056146|319062|439855|510286|740361|197390|400996|505101|606668|795973,023988|145758|426295|557641|817219|052628|158502|454689|558355|822361|073150|177167|463922|564490|831847|076834|178860|465324|573868|839399|088728|184248|467603|678522|891787|091616|191362|479048|714931|909012|094740|309407|483756|734964|913450|101832|382688|510873|743451|945780|109907|416737|526204|780123|963841|145275|418490|529180|786802|992221,005967|216739|402083|561240|827921|022378|223194|403077|565268|832825|040525|233820|419990|568562|837283|042790|236073|420130|598613|856564|043605|238942|424057|628370|863327|074784|247063|425308|634440|863361|079446|260868|429658|662293|871026|079935|265809|432522|669427|900084|082385|277143|434476|702585|907466|132098|292932|440823|704254|912236|145474|299559|455344|704881|940760|160197|301805|476667|722165|944601|175967|303829|487586|724815|956832|184372|316971|497228|727025|967680|185737|317060|517490|733854|976300|186494|318355|535877|734838|980379|186585|335541|544234|772688|981106|188486|346796|551209|776003|985240|193824|353553|555839|785378|995172|198893|360080|557516|793330|999482,True,https://myhora.com/lottery/result-16-11-2553.aspx,2010-11-16-BE2553.html
2010-11-01,ผลสลากกินแบ่งรัฐบาล งวดวันที่ 1 พฤศจิกายน 2553,2553,191100,6,653|739|801|968,59,191101|191099,รางวัลที่ 1 พิเศษ กลุ่มที่ 1 รางวัลละ 30 ล้านบาท ชุดที่ 07 หมายเลข 191100 กลุ่มที่ 2 รางวัลละ 20 ล้านบาท ชุดที่ 65 หมายเลข 191100,014092|342266|384509|463505|920120,108002|403882|493706|645214|979156|289298|492052|576384|941806|988635,004966|192766|382792|590230|853099|041825|206248|396714|637950|854600|075895|215295|414382|643744|861128|076410|259686|452090|686377|870998|090482|260388|461167|707142|888989|113098|316463|476387|748552|913748|117531|348906|483198|812344|923877|134136|352508|492425|824437|941791|138797|369848|505427|843932|944373|162647|370809|528690|844337|968498,001314|279569|500608|619615|744253|010293|295891|503001|625269|781028|015983|302020|509282|626501|792382|050812|307334|515581|633258|799543|053951|309645|516508|640345|824470|055366|330817|516991|665632|841432|080542|348453|526111|667429|867539|084669|360948|526663|681968|869050|098264|376795|528950|682386|874718|111690|385949|532774|683540|886639|119010|388511|543985|690188|895498|147061|391260|560044|693923|899824|151498|397930|567158|697215|917369|155293|399935|570698|698048|935037|159206|410167|581335|698081|939554|205249|430823|584335|711933|953785|208838|464610|600553|718933|966224|211038|467071|607599|721577|967957|257257|477790|607639|722186|996797|275051|493847|615385|724044|996850,True,https://myhora.com/lottery/result-01-11-2553.aspx,2010-11-01-BE2553.html
2010-10-16,ผลสลากกินแบ่งรัฐบาล งวดวันที่ 16 ตุลาคม 2553,2553,621377,6,310|385|518|872,42,621378|621376,รางวัลที่ 1 พิเศษ กลุ่มที่ 1 รางวัลละ 30 ล้านบาท ชุดที่ 06 หมายเลข 621377 กลุ่มที่ 2 รางวัลละ 20 ล้านบาท ชุดที่ 59 หมายเลข 621377,098622|245057|760942|764060|850821,252688|348171|648834|868992|924902|334773|352743|835298|884333|974904,029052|182924|359753|579319|860078|034047|193628|360475|613417|866920|051590|217978|366384|670794|873570|096888|232919|409804|685527|915654|112660|245767|417744|696007|916002|122054|253643|468915|754173|951641|128624|276995|507690|777045|971661|142345|303278|515080|791835|974010|166211|307704|524322|817998|983668|169521|344967|574643|844692|996314,009657|260731|440809|699575|894723|011606|262969|458144|710073|897624|015677|263929|463077|724720|902541|022715|267732|497182|728147|906837|045235|273405|518576|748430|912964|053982|274643|530881|757162|921749|057661|274645|561550|757324|938174|079419|282889|576041|761588|949162|109123|289547|591471|770987|953607|137862|307865|603948|771687|955536|160240|310427|614089|772219|959005|166357|315870|625873|786615|972909|170233|316690|634828|798734|973866|178441|327737|642740|814124|976006|216441|368244|666093|843116|979597|224227|406572|683815|855389|980603|225687|409883|689013|869127|981649|232510|429508|692721|874425|982843|254897|431125|695002|878730|986149|258687|431647|696554|880108|993044,True,https://myhora.com/lottery/result-16-10-2553.aspx,2010-10-16-BE2553.html
2010-10-01,ผลสลากกินแบ่งรัฐบาล งวดวันที่ 1 ตุลาคม 2553,2553,488372,6,003|091|246|996,02,488373|488371,รางวัลที่ 1 พิเศษ กลุ่มที่ 1 รางวัลละ 30 ล้านบาท ชุดที่ 09 หมายเลข 488372 กลุ่มที่ 2 รางวัลละ 20 ล้านบาท ชุดที่ 70 หมายเลข 488372,212083|251345|638475|656164|722517,006547|126442|576897|755348|937263|097463|139486|624232|897671|952874,012577|135610|334831|566466|810578|020394|138016|369146|570179|818712|021517|157121|383251|573209|823262|024043|157567|393787|619065|863177|049784|229281|395294|656408|865516|074144|262727|450062|664519|871069|074759|285030|462374|735608|919520|084650|285693|468356|769061|920942|133618|298390|535343|786064|948943|134734|323508|539132|791274|967633,003210|196962|391716|616558|805342|015439|198338|393396|656542|814734|032954|205664|396581|671111|828981|035913|212291|409533|673056|832889|043572|215366|416845|679530|838378|044357|219915|464368|681213|842265|062150|232841|490924|685111|850113|083408|236876|498465|691845|853731|089286|262214|504137|697263|906749|094308|263810|507526|700211|923830|110473|274277|509346|716620|926037|114034|275254|538316|732975|936469|118963|276086|553600|739355|938376|141492|289182|554366|748122|938599|143041|301200|561046|753218|943933|151623|316897|562500|769245|951518|159701|346458|586729|776098|952033|170463|358710|588306|795188|979227|187367|371347|595808|796118|983517|195395|375693|606388|798898|984571,True,https://myhora.com/lottery/result-01-10-2553.aspx,2010-10-01-BE2553.html
2010-09-16,ผลสลากกินแบ่งรัฐบาล งวดวันที่ 16 กันยายน 2553,2553,017422,6,075|103|316|431,66,017423|017421,รางวัลที่ 1 พิเศษ กลุ่มที่ 1 รางวัลละ 30 ล้านบาท ชุดที่ 24 หมายเลข 017422 กลุ่มที่ 2 รางวัลละ 20 ล้านบาท ชุดที่ 62 หมายเลข 017422,335355|522445|671244|701372|846774,016289|283523|588018|653889|724912|243891|489012|634202|675685|813645,032658|213799|380517|632031|782838|053201|228747|385965|672432|783791|069748|259034|389396|674037|794139|081024|263045|458325|693405|853471|082230|302467|466896|703633|875399|119120|313316|479861|706479|887174|132896|316526|512166|710422|892952|184872|339271|514332|734640|908466|195950|345466|550200|738824|929778|204945|363440|627319|762125|968953,011639|234046|453021|651542|813225|013918|255202|461025|656089|830493|031692|259707|465741|657719|830930|066451|270224|473136|661673|833703|071325|274735|475631|663432|837066|076429|295957|479130|677832|841960|077926|296264|505120|681230|842908|079703|299356|521974|695676|849173|079913|323679|530653|698930|881505|093366|334376|551319|704764|897468|096527|351403|552828|713957|909559|098938|359843|558617|734372|921787|100677|367080|563586|735604|926017|110715|372421|579340|766882|941230|124743|374565|597299|780080|951324|182967|419061|599195|783856|959471|189285|431211|614166|790767|962781|191091|438609|619344|797285|982162|212366|439214|626749|800505|982860|224910|442647|642843|809168|998136,True,https://myhora.com/lottery/result-16-09-2553.aspx,2010-09-16-BE2553.html
2010-09-01,ผลสลากกินแบ่งรัฐบาล งวดวันที่ 1 กันยายน 2553,2553,354656,6,096|570|656|784,11,354657|354655,รางวัลที่ 1 พิเศษ กลุ่มที่ 1 รางวัลละ 30 ล้านบาท ชุดที่ 27 หมายเลข 354656 กลุ่มที่ 2 รางวัลละ 20 ล้านบาท ชุดที่ 61 หมายเลข 354656,030494|084448|794459|841396|888140,049503|285117|340454|678662|881739|176051|304996|503406|715064|884516,008279|203263|424944|637611|828045|008465|249667|494949|652738|871525|017424|266829|548839|656184|886691|044194|266972|554744|662477|889846|091823|282730|559671|677213|913903|117899|340497|565709|706025|923031|159662|361884|576337|739668|925345|161770|363050|596304|747823|930565|195671|367554|615941|753724|936276|197193|424575|619192|773026|950999,001228|265389|393308|646484|829917|048880|270235|399301|675300|850983|060111|282943|414034|681800|852646|107639|284855|422284|685727|854936|124086|303837|434332|687237|856975|126556|329753|442599|687492|892578|133652|330848|454139|693223|895769|134569|330924|464467|695110|906113|152921|335263|471623|698024|910544|168376|336535|480961|721685|915834|173397|337448|493089|724070|935440|185682|343349|494702|727052|947662|205842|359059|512175|728985|948709|207099|364692|529431|751197|951772|220533|364948|581481|754548|953233|231834|366636|606923|756355|954825|243713|369560|609029|761707|968314|255981|369689|618037|795986|987493|260414|370822|625859|823991|991442|260548|382486|638205|827082|997962,True,https://myhora.com/lottery/result-01-09-2553.aspx,2010-09-01-BE2553.html
2010-08-16,ผลสลากกินแบ่งรัฐบาล งวดวันที่ 16 สิงหาคม 2553,2553,911097,6,448|578|689|986,64,911098|911096,รางวัลที่ 1 พิเศษ กลุ่มที่ 1 รางวัลละ 30 ล้านบาท ชุดที่ 15 หมายเลข 911097 กลุ่มที่ 2 รางวัลละ 20 ล้านบาท ชุดที่ 55 หมายเลข 911097,167432|190605|519877|651990|772041,036617|204694|410505|523527|967731|056348|301904|436970|572586|978040,062680|243150|422424|618836|848134|096911|247641|425012|622829|862985|106639|270475|436289|639927|872176|134334|317763|449900|678403|879358|153068|343113|450722|688307|892149|157125|361792|505339|705190|946244|158124|363638|520928|719209|950084|163890|409484|559352|733710|956390|166132|417648|561304|737234|970091|232955|418992|579595|775540|981907,012178|188337|477372|663783|831473|026737|190109|496244|670240|832270|056499|202128|522372|688783|843187|058306|204231|523454|691476|875378|073550|212329|526105|705749|875958|078395|262900|562598|714343|876937|087409|267381|566705|715264|886887|093808|276171|566839|718569|891607|096919|308730|586555|743317|898066|097961|358029|595528|744016|901728|100217|364376|602825|750452|904770|128360|368878|605244|750791|909925|134439|376868|613859|755534|925626|144643|379539|621257|785524|935387|147979|386197|628055|790242|937431|164975|386235|636721|803196|949468|179053|387287|640394|803829|963064|182814|423502|651204|806268|971737|183016|461036|652355|807782|973548|183394|463486|661916|828604|994343,True,https://myhora.com/lottery/result-16-08-2553.aspx,2010-08-16-BE2553.html
2010-08-01,ผลสลากกินแบ่งรัฐบาล งวดวันที่ 1 สิงหาคม 2553,2553,210008,6,182|191|727|769,10,210009|210007,รางวัลที่ 1 พิเศษ กลุ่มที่ 1 รางวัลละ 30 ล้านบาท ชุดที่ 09 หมายเลข 210008 กลุ่มที่ 2 รางวัลละ 20 ล้านบาท ชุดที่ 60 หมายเลข 210008,089453|220768|484505|764115|877126,085622|383895|447656|816146|964812|143357|433041|493511|827778|995580,000354|234294|394887|599023|813071|037001|269275|399701|599688|818342|072370|271778|425135|603548|821186|080462|289132|428317|621893|823884|081376|301330|456064|649616|853625|090636|303517|463783|659072|869889|129240|331790|509336|694759|875656|212198|352320|526529|719838|893992|216568|355538|564877|777973|901794|222141|358445|594336|799733|903524,008881|220011|386194|625221|805327|037164|224715|403813|625519|807242|038854|226890|415246|630300|809490|040417|237789|418324|637095|815415|073178|255984|419215|639828|839545|085745|256999|430448|645425|887991|098125|262713|458739|647123|893557|104614|267099|467285|649923|893796|111740|275940|469059|675744|895617|119258|298534|472804|698161|896365|133795|298792|480200|760062|901943|143072|310552|488077|761409|910685|157538|310666|488452|761501|919071|164335|318163|502294|767565|921556|167816|328607|502699|772629|929673|181733|333998|510914|780150|934866|182879|358256|525800|788807|978087|193448|361340|536005|790067|978556|196757|378853|573377|792590|981040|210661|379660|618255|803661|984704,True,https://myhora.com/lottery/result-01-08-2553.aspx,2010-08-01-BE2553.html
2010-07-16,ผลสลากกินแบ่งรัฐบาล งวดวันที่ 16 กรกฎาคม 2553,2553,180387,6,024|219|309|572,34,180388|180386,รางวัลที่ 1 พิเศษ กลุ่มที่ 1 รางวัลละ 30 ล้านบาท ชุดที่ 25 หมายเลข 180387 กลุ่มที่ 2 รางวัลละ 20 ล้านบาท ชุดที่ 56 หมายเลข 180387,251922|452705|709572|809445|915006,085458|208301|260348|417458|667985|116354|210516|301093|621969|997663,015359|249000|509017|701390|908317|031363|262744|512364|709346|913487|049285|335850|541286|717730|935243|052501|352278|560888|726545|949912|087749|378390|567836|732446|954317|122781|378750|644040|786525|954474|126673|389609|657818|797339|958485|136536|408127|660849|834762|959598|146657|425046|668599|838618|972585|162946|450560|678063|857159|992110,001412|157979|417876|653388|837051|005605|163625|419664|682464|846372|008307|180709|426963|685006|849059|014037|190991|429633|686569|850004|019452|235779|432713|692587|881708|020097|241696|444238|692700|897315|033008|246865|447553|701843|897394|053633|258625|452782|707150|897467|057769|306246|471746|718655|902902|058400|318866|475371|729198|904565|078671|330560|492296|748458|911531|083071|335883|492511|752298|926669|094640|341591|502919|757130|926672|099552|345752|519787|758313|934876|108308|346685|555047|773525|943819|119146|360758|579893|780213|950387|119509|376321|591631|801478|955117|133403|396630|597675|815618|964837|139240|397879|608305|818700|967400|149602|401980|646046|827478|997858,True,https://myhora.com/lottery/result-16-07-2553.aspx,2010-07-16-BE2553.html
2010-07-01,ผลสลากกินแบ่งรัฐบาล งวดวันที่ 1 กรกฎาคม 2553,2553,480239,6,450|893|918|961,68,480240|480238,รางวัลที่ 1 พิเศษ กลุ่มที่ 1 รางวัลละ 30 ล้านบาท ชุดที่ 24 หมายเลข 480239 กลุ่มที่ 2 รางวัลละ 20 ล้านบาท ชุดที่ 53 หมายเลข 480239,153891|338552|417257|468232|927635,100417|447409|623276|752156|888260|428294|591687|683005|822357|980816,000596|198407|334222|572961|749141|002099|216403|353346|574580|757224|009075|218458|393025|582860|777018|021799|232806|424560|593989|831608|031999|234384|434632|660883|834544|048361|251810|454329|671018|835295|069373|255211|535883|687231|843546|103418|310359|537317|690522|846313|181667|326941|540077|692635|920777|196656|332064|543758|693012|935949,002787|179394|389573|615319|782457|032408|180657|398882|621257|786891|037130|183136|402074|629928|792647|046974|203571|408682|630367|835693|056152|210989|418055|641607|846816|063282|213264|423533|655207|849459|077860|217470|431733|656954|860967|097056|243067|448711|671492|870979|098401|263986|497500|671637|873470|117053|284651|504550|679519|879015|120272|285251|512351|681724|881008|122734|300480|532911|687366|889060|131176|308037|540641|691805|899687|149062|311661|542013|703201|913923|153836|315548|542918|710916|923957|155909|322354|544941|734079|929644|159329|333429|572197|764631|942967|168764|339404|579417|767087|945210|169637|342955|593327|771366|961497|178949|346478|612381|781136|991925,True,https://myhora.com/lottery/result-01-07-2553.aspx,2010-07-01-BE2553.html
2010-06-16,ผลสลากกินแบ่งรัฐบาล งวดวันที่ 16 มิถุนายน 2553,2553,500104,6,200|628|681|816,73,500105|500103,รางวัลที่ 1 พิเศษ กลุ่มที่ 1 รางวัลละ 30 ล้านบาท ชุดที่ 14 หมายเลข 500104 กลุ่มที่ 2 รางวัลละ 20 ล้านบาท ชุดที่ 58 หมายเลข 500104,260941|350358|777902|864439|870674,040538|181102|551631|790086|810767|100804|373481|552329|797690|988011,023523|253380|516178|766838|908244|035948|312813|556652|779892|920606|054812|337858|561456|788672|939664|094606|372369|619660|796424|940009|111981|392004|665516|815499|943589|124819|437119|689890|825983|950750|135594|447862|699137|834378|959437|166862|459330|703046|843331|966941|180706|487332|732765|884949|987505|226343|514446|749955|886995|997596,002634|204977|397680|630439|802431|010843|223357|409625|638284|803140|012693|263247|414419|677539|812412|057273|285740|426070|692703|825113|060217|305378|460464|707739|826789|065035|317601|463727|716936|828395|073928|318081|478276|719545|847403|077380|321123|481965|723320|855914|084820|324059|487211|724291|859736|088438|325429|489069|725648|862709|090675|327710|494497|728711|869033|104238|327997|508452|742216|892767|113177|332914|536480|751009|922670|138520|337339|546986|751703|923008|139710|341234|560592|757191|923449|169210|349781|570003|758470|933571|180309|350432|590404|761316|941091|185719|354551|592091|782754|947876|193449|371641|623233|786708|949541|199057|385787|623916|797403|964164,True,https://myhora.com/lottery/result-16-06-2553.aspx,2010-06-16-BE2553.html
2010-06-01,ผลสลากกินแบ่งรัฐบาล งวดวันที่ 1 มิถุนายน 2553,2553,444874,6,298|374|673|996,81,444875|444873,รางวัลที่ 1 พิเศษ กลุ่มที่ 1 รางวัลละ 30 ล้านบาท ชุดที่ 07 หมายเลข 444874 กลุ่มที่ 2 รางวัลละ 20 ล้านบาท ชุดที่ 70 หมายเลข 444874,003690|081429|335969|418378|454783,096250|250621|371229|754268|800344|245280|355929|395789|773743|906405,003409|190618|291559|508868|791976|004293|202704|300313|540355|816815|048593|221020|349296|548420|828916|069903|238860|368309|553093|837239|087518|247240|400643|700708|876484|107415|249986|418207|713208|915184|115181|255684|453804|715386|932019|155950|269843|466051|716369|962898|167551|272744|486843|749550|980624|168728|285294|491626|778164|991261,016532|217364|316269|545816|769646|034649|219797|316398|548068|796829|044145|221392|333959|555961|803751|049853|232705|345898|562561|804119|050975|234976|345907|564177|826305|052839|241805|349379|586870|832480|056614|243214|355178|593947|833179|102915|245228|371252|611542|841576|108576|247416|383139|647091|851980|127624|247830|387534|649926|877887|133586|261348|388768|670161|881802|137046|264907|453595|684885|900022|152374|274635|469212|693608|917376|155436|275718|478731|703493|924854|157630|276716|502696|707233|928573|185439|277247|526427|718094|932411|187430|280346|527830|746551|934387|197756|286887|528773|750512|950178|200124|306904|534380|757630|987250|204139|310150|540590|766171|995083,True,https://myhora.com/lottery/result-01-06-2553.aspx,2010-06-01-BE2553.html
2010-05-16,ผลสลากกินแบ่งรัฐบาล งวดวันที่ 16 พฤษภาคม 2553,2553,480012,6,008|151|293|770,12,480013|480011,รางวัลที่ 1 พิเศษ กลุ่มที่ 1 รางวัลละ 30 ล้านบาท ชุดที่ 12 หมายเลข 480012 กลุ่มที่ 2 รางวัลละ 20 ล้านบาท ชุดที่ 64 หมายเลข 480012,022922|149276|397364|486865|886942,002249|307102|523839|583179|854422|172623|340683|527497|628147|869261,000298|284434|470706|696337|834354|004690|295871|489055|703362|835968|068926|297029|543819|705992|843739|101890|336360|575312|717524|848031|123231|347272|584216|759562|854675|136218|354912|621968|761294|860560|221767|358637|653235|763597|880482|252467|376219|661081|763977|912911|261916|410224|677224|781008|963345|276111|467997|683596|811520|977889,007214|196962|397525|614829|769053|012313|210776|404143|623710|798010|017203|211001|405725|645762|805446|029396|217815|420697|650155|820382|030037|219181|423772|651423|825597|030825|223039|428123|655594|830953|068975|256833|431112|657860|844296|070321|297897|436502|668054|845917|073153|308144|450520|668884|869011|084970|309117|470754|686899|871743|089045|313738|471512|700698|891696|097140|318525|492304|706053|892891|100829|325901|521630|708261|896140|103737|327052|524636|711629|905444|109776|330322|530517|716242|916938|115041|334167|533111|722165|921261|142672|336273|538046|737973|944203|162003|346058|572933|739426|966518|166761|372367|574619|746895|980535|168607|381275|589112|755284|987440,True,https://myhora.com/lottery/result-16-05-2553.aspx,2010-05-16-BE2553.html
2010-05-02,ผลสลากกินแบ่งรัฐบาล งวดวันที่ 2 พฤษภาคม 2553,2553,360371,6,040|382|517|618,06,360372|360370,รางวัลที่ 1 พิเศษ กลุ่มที่ 1 รางวัลละ 30 ล้านบาท ชุดที่ 15 หมายเลข 360371 กลุ่มที่ 2 รางวัลละ 20 ล้านบาท ชุดที่ 56 หมายเลข 360371,198906|477603|495075|603286|850653,012216|316271|513123|541655|726456|089856|434046|529368|658575|971537,001245|195247|391210|651689|759919|033106|199660|394876|657474|763413|063789|234204|442690|669392|812762|065095|258161|445528|680902|832696|066522|258819|470494|691865|849945|071488|259118|489972|714832|852796|076129|269832|492256|716487|906278|105012|320172|562512|726471|951766|109811|352699|567801|732334|956166|174900|376777|600449|733204|970956,001731|180963|321726|567710|807604|036196|181562|324731|597948|873691|037374|191948|327267|627805|875132|054859|201682|355681|634814|878011|059561|201913|359295|645983|881091|086874|203189|374675|649169|881900|096941|226097|387872|657322|882386|097729|226648|419080|665411|886991|100817|262244|439033|679206|894887|107920|265382|456790|689756|902303|115882|265532|468205|692395|902822|132089|272221|470069|696732|911238|139397|274171|475765|711084|923751|147832|274917|482297|718713|925808|148172|275751|496715|724501|938542|150462|277497|498520|726224|965173|157500|285809|523925|749408|966590|171689|293281|535296|790526|968257|176479|307861|541170|796585|972822|178661|320172|547882|797521|994069,True,https://myhora.com/lottery/result-02-05-2553.aspx,2010-05-02-BE2553.html
2010-04-16,ผลสลากกินแบ่งรัฐบาล งวดวันที่ 16 เมษายน 2553,2553,211743,6,154|285|744|811,96,211744|211742,รางวัลที่ 1 พิเศษ กลุ่มที่ 1 รางวัลละ 30 ล้านบาท ชุดที่ 08 หมายเลข 211743 กลุ่มที่ 2 รางวัลละ 20 ล้านบาท ชุดที่ 56 หมายเลข 211743,007384|499842|735054|754286|941434,017333|250029|587075|786327|834031|120753|499541|676618|793484|935400,030095|290611|440956|657842|828912|051376|296182|479751|669964|864980|056379|300487|493292|698538|878819|083058|310789|499370|738940|882686|089578|328672|500948|746428|898513|163912|351261|521805|746884|928125|196958|390052|580197|767948|935164|210615|391493|601021|774148|969950|210650|404001|638516|788903|976563|266109|423200|644666|790451|986062,005047|232373|437209|598855|784648|007713|232612|451838|633173|793592|012919|236359|456487|633911|796379|041342|238293|461049|643425|797896|049414|250241|463850|647946|805832|058795|258970|465987|652876|816119|098307|293813|467071|670471|827515|122023|303556|475385|673318|841048|126140|304731|483687|676935|846625|144089|311163|485042|682191|849639|154747|322790|511958|687661|883264|159661|324320|521251|692931|889133|164752|329737|531402|718349|893753|167575|359987|544578|720634|900445|172676|365831|551144|735523|923211|174163|368886|553793|744953|924916|194378|399526|590800|756178|959580|197145|415481|591270|760815|988908|216041|427940|591320|762081|989371|231659|428020|591448|765086|989942,True,https://myhora.com/lottery/result-16-04-2553.aspx,2010-04-16-BE2553.html
2010-04-01,ผลสลากกินแบ่งรัฐบาล งวดวันที่ 1 เมษายน 2553,2553,959517,6,040|174|447|663,22,959518|959516,รางวัลที่ 1 พิเศษ กลุ่มที่ 1 รางวัลละ 30 ล้านบาท ชุดที่ 18 หมายเลข 959517 กลุ่มที่ 2 รางวัลละ 20 ล้านบาท ชุดที่ 70 หมายเลข 959517,047571|076154|191813|372047|539618,041454|317055|476571|779577|887779|047396|400489|530319|785513|992897,024538|163098|341959|525649|778795|025987|169847|378610|530134|790053|077921|175395|404706|549778|851940|095801|181546|432488|604582|880038|106778|210149|449433|622798|889455|118618|231339|474498|686758|901513|135325|234592|481771|732666|919261|136338|265502|484389|743159|948356|150894|322329|493688|756814|964982|158399|322760|518953|762230|975968,013053|136050|297778|534066|722021|027955|136100|358426|536430|724021|028418|144784|365765|545977|750902|033878|156980|375046|580239|763199|041404|159806|389894|632202|765554|051189|173229|416333|637899|799130|055781|192564|439906|645200|814615|059295|198372|441515|646469|824552|064961|209988|459039|660837|829202|089352|211939|459489|661628|864337|092712|213735|459609|664904|872813|095618|232073|480698|665536|874025|096825|257259|484459|667452|874693|097341|267622|500153|675066|897216|098516|268081|505392|686589|940605|103920|277384|510375|691620|941271|109227|282646|510527|695969|960647|117682|283842|518201|712640|973819|129579|287319|527959|717409|986127|135666|292658|533633|720697|990074,True,https://myhora.com/lottery/result-01-04-2553.aspx,2010-04-01-BE2553.html
2010-03-16,ผลสลากกินแบ่งรัฐบาล งวดวันที่ 16 มีนาคม 2553,2553,364222,6,229|619|756|996,97,364223|364221,รางวัลที่ 1 พิเศษ กลุ่มที่ 1 รางวัลละ 30 ล้านบาท ชุดที่ 04 หมายเลข 364222 กลุ่มที่ 2 รางวัลละ 20 ล้านบาท ชุดที่ 70 หมายเลข 364222,161324|471341|496778|772996|787267,095975|198653|418005|752066|858556|158648|332371|690308|758127|902436,010838|087444|263689|501772|763122|017473|102555|303404|524607|771011|024518|103568|358956|542435|808072|036124|138460|369886|627443|817233|037672|139126|379664|673131|859178|041069|139965|406716|693206|864302|056994|150617|449595|721750|875339|070057|171070|459138|733513|892997|070903|224947|498028|736879|978363|075322|263071|498497|742671|994063,011884|224373|392431|561918|808763|021311|231739|399045|590698|843143|024217|232021|403753|599795|843459|053103|238548|417811|626645|847664|056895|242618|437626|663892|848911|057333|246059|439501|669260|849102|057874|251670|441898|675527|851778|063759|271259|446475|679148|867399|064119|279617|447339|692235|875665|075504|288082|451413|698129|878959|089962|288154|458002|716975|927895|090406|289045|466041|717784|933233|091770|295471|473421|718206|940622|129814|298392|473616|737280|942825|174150|305973|477249|772658|943692|178561|306237|485380|773013|955536|190529|312196|501342|775796|967033|202708|319925|525814|776456|983540|211846|338212|539969|796675|986381|219150|387118|556530|808209|988635,True,https://myhora.com/lottery/result-16-03-2553.aspx,2010-03-16-BE2553.html
2010-03-01,ผลสลากกินแบ่งรัฐบาล งวดวันที่ 1 มีนาคม 2553,2553,215227,6,374|457|470|627,97,215228|215226,รางวัลที่ 1 พิเศษ กลุ่มที่ 1 รางวัลละ 30 ล้านบาท ชุดที่ 11 หมายเลข 215227 กลุ่มที่ 2 รางวัลละ 20 ล้านบาท ชุดที่ 70 หมายเลข 215227,045998|369715|805435|842613|960407,089629|250162|546481|807838|855317|173911|339169|583223|810875|931770,006187|173819|352301|584295|766142|042098|176231|352446|614348|792585|045825|202090|432477|614567|807899|057685|233378|444619|633351|819503|083296|242243|469824|668960|879532|088478|253383|497278|681176|915154|100716|266317|504687|686016|929414|119741|274974|518817|711871|931460|140516|316040|542231|740642|944021|156825|349886|550903|753386|978962,004318|200238|406499|550866|787247|012416|205345|408195|553299|790769|018634|214559|415665|555610|791513|030386|226148|417455|581269|805536|032094|231860|419996|603269|815365|042989|241027|425884|606136|820176|043712|261945|432595|614416|849913|065082|275539|446174|617607|859034|095599|283491|447529|630145|866267|095917|286250|458581|635234|875215|102850|314545|472263|636176|876112|118012|345731|474541|649046|891446|147533|352520|475564|665419|916550|153677|363244|478849|695880|927772|158288|366750|518520|705298|934322|177447|381899|520262|736609|942228|179086|387352|525911|743094|942579|187458|390085|528973|758774|963715|190071|394902|536030|771196|969894|193920|395611|541265|782201|999700,True,https://myhora.com/lottery/result-01-03-2553.aspx,2010-03-01-BE2553.html
2010-02-16,ผลสลากกินแบ่งรัฐบาล งวดวันที่ 16 กุมภาพันธ์ 2553,2553,133707,6,026|137|362|985,03,133708|133706,รางวัลที่ 1 พิเศษ กลุ่มที่ 1 รางวัลละ 30 ล้านบาท ชุดที่ 03 หมายเลข 133707 กลุ่มที่ 2 รางวัลละ 20 ล้านบาท ชุดที่ 58 หมายเลข 133707,438769|593178|872497|926806|939581,179978|507018|573828|654117|846822|340684|514653|643153|763512|881385,001465|125668|356513|516874|801162|003557|154774|363448|536494|807647|051795|162866|375191|541833|876363|057477|172721|379936|580876|888006|068679|236156|431035|601006|895098|074514|269914|437395|614033|929049|083649|298789|454630|629958|941929|105240|314164|473364|646431|967076|109411|339685|499544|726360|980716|117350|347067|509571|782934|995491,000166|189057|380817|532703|745390|015325|200790|385212|542728|750646|018213|208377|389599|550483|762081|021236|220130|416548|563380|779089|023506|221768|425858|581429|780088|030664|233661|431486|583579|789349|035589|237133|455358|597121|797432|042405|239660|466813|597368|800424|047417|249515|468183|610249|838827|050297|279413|468450|610660|845227|062769|293469|472303|613116|848156|077482|295965|481340|633400|880765|079053|303364|484741|647361|883740|154048|309201|490692|661065|902995|165966|331513|492081|661282|944504|172373|347846|494191|663531|948440|176932|349761|504728|664176|959399|178214|350661|526191|701460|964598|180703|356599|527752|729527|966385|181205|362039|531362|733886|990348,True,https://myhora.com/lottery/result-16-02-2553.aspx,2010-02-16-BE2553.html
2010-02-01,ผลสลากกินแบ่งรัฐบาล งวดวันที่ 1 กุมภาพันธ์ 2553,2553,186312,6,403|577|694|936,14,186313|186311,รางวัลที่ 1 พิเศษ กลุ่มที่ 1 รางวัลละ 30 ล้านบาท ชุดที่ 29 หมายเลข 186312 กลุ่มที่ 2 รางวัลละ 20 ล้านบาท ชุดที่ 51 หมายเลข 186312,137138|172387|316711|636706|795004,177598|472950|559073|665509|908510|400513|536061|565500|788628|948133,017912|258757|410153|571649|799181|035812|279306|418058|571871|816540|063637|297843|439759|576061|819114|067297|300102|462450|650759|832237|094310|309138|477474|681912|835755|182892|324055|479662|699434|847591|201215|325925|484459|707833|945616|218812|350954|503607|720485|949354|247728|373361|507683|738704|996293|255080|398789|507997|749936|999211,020699|177819|373874|640135|827025|029477|183034|394023|657980|827600|030503|197656|415555|668170|828609|037624|202699|433916|668663|837176|041789|220788|461184|674608|838200|057571|237258|478542|686218|856394|060396|262439|493964|687399|886739|062435|266712|499406|691797|903629|065725|283609|510984|710507|904243|067537|293978|518971|712740|908106|086661|300157|519123|734991|908624|121641|303067|532166|741056|911462|142625|314286|533920|746146|938838|144075|315091|540223|747022|949604|148128|332546|540940|764061|949826|150208|333952|542490|771781|951445|156621|339259|542717|803198|969987|156893|341184|570445|812431|975668|161804|359333|579697|815434|977181|166112|362250|629291|820725|987140,True,https://myhora.com/lottery/result-01-02-2553.aspx,2010-02-01-BE2553.html
2010-01-16,ผลสลากกินแบ่งรัฐบาล งวดวันที่ 16 มกราคม 2553,2553,073577,6,413|459|646|781,67,073578|073576,รางวัลที่ 1 พิเศษ กลุ่มที่ 1 รางวัลละ 30 ล้านบาท ชุดที่ 17 หมายเลข 073577 กลุ่มที่ 2 รางวัลละ 20 ล้านบาท ชุดที่ 52 หมายเลข 073577,138072|184369|311144|675680|729336,103735|199088|404514|468080|802259|179967|234357|456380|476012|883552,004756|247243|501713|597361|849881|028814|331438|511520|611202|879015|039708|351321|530496|672868|917906|048842|358783|554015|685685|938934|058306|362068|572265|716003|941755|059736|362196|577973|747916|945714|091458|400769|585326|752000|956698|096598|425183|588164|807981|963225|113899|443485|589805|836701|995609|170106|480498|594534|844173|996782,006413|190026|398766|565303|770198|009221|190045|437015|580298|778123|019482|193782|440218|590806|796059|022438|237622|442698|606876|803523|023966|238746|443705|608447|805838|024822|250285|452915|617771|807627|029835|273448|455527|619877|818114|030128|282698|468688|643778|823401|055138|283268|468753|645270|883913|071120|288954|476408|666365|886123|075618|304308|480867|675838|886337|079568|305045|490319|694840|932205|087651|312837|514991|696830|938578|121568|315993|520039|699408|952412|152980|332312|523587|723860|958007|153185|339757|523893|726594|966690|163556|363961|535276|734910|972486|172869|376385|553538|740939|973502|176690|376918|556369|744152|974568|189325|381947|562119|749817|988779,True,https://myhora.com/lottery/result-16-01-2553.aspx,2010-01-16-BE2553.html
2009-12-30,ผลสลากกินแบ่งรัฐบาล งวดวันที่ 30 ธันวาคม 2552,2552,994304,6,337|419|598|993,87,994305|994303,รางวัลที่ 1 พิเศษ กลุ่มที่ 1 รางวัลละ 30 ล้านบาท ชุดที่ 01 หมายเลข 994304 กลุ่มที่ 2 รางวัลละ 20 ล้านบาท ชุดที่ 70 หมายเลข 994304,000299|016146|217216|457938|559002,381480|717725|824949|903025|975993|583484|744976|844385|920432|995473,037626|189290|310124|562389|860804|046245|219511|355411|617191|871950|055558|229565|364454|623985|886639|070982|262944|372050|672711|889817|088039|271367|399698|725888|896217|110584|276821|412330|732646|903255|144847|279072|439055|738202|911701|148937|291485|496090|773091|968501|170894|291799|501110|816041|972692|184546|301803|557582|847387|982955,010159|174219|466408|629884|800503|010892|184522|469664|632664|809044|013301|205323|473884|635648|829250|017784|205726|473924|641049|839169|019034|224024|477328|643167|844721|030100|238954|483908|660417|851499|030100|240296|503706|674676|860538|041692|243313|511137|685007|861801|046835|250794|530487|701798|866854|047964|252872|546605|704381|869105|049242|279408|550930|709034|871231|049451|291341|563871|716306|891887|064384|304826|574569|731047|894696|069523|309664|574956|737004|911023|097082|316956|576286|738637|932949|098222|332991|591880|743158|964231|158903|350679|607216|758232|967695|160731|368742|613227|759670|969065|162174|425771|615399|769789|985165|171483|462489|616938|781135|991540,True,https://myhora.com/lottery/result-30-12-2552.aspx,2009-12-30-BE2552.html
2009-12-16,ผลสลากกินแบ่งรัฐบาล งวดวันที่ 16 ธันวาคม 2552,2552,685141,6,142|524|694|775,05,685142|685140,รางวัลที่ 1 พิเศษ กลุ่มที่ 1 รางวัลละ 30 ล้านบาท ชุดที่ 30 หมายเลข 685141 กลุ่มที่ 2 รางวัลละ 20 ล้านบาท ชุดที่ 69 หมายเลข 685141,431772|653117|695039|725788|903062,000484|103999|372452|518383|810377|100711|141155|383687|548578|930969,003217|136625|373691|591432|857004|035456|152584|403516|606097|885939|039433|225878|406856|615740|888934|046226|271829|415549|630717|901290|052423|282940|469369|647498|912060|077635|287321|477982|710462|927830|087419|291914|485268|742063|949660|087534|296705|558590|759662|960512|090851|358024|571694|789539|970261|110168|361463|576329|839508|982980,000815|284311|398288|658732|820813|036328|294801|404164|673824|832609|037644|299892|405391|685511|835511|061591|302175|409346|686713|838416|073435|302183|431860|695259|843689|112989|309605|435685|711041|844017|116991|310862|440340|721355|863424|129425|313102|464179|724051|864695|151186|314186|504247|728761|872016|163851|314368|504709|735929|881487|187178|318617|517255|743813|889853|193888|320610|562110|748737|896676|200157|326053|565187|751579|905580|215567|328184|571589|757422|909088|222021|340624|580978|762268|909493|226083|341955|623882|763826|916601|232250|343467|627163|766011|922529|232774|358025|629752|768646|962160|245577|368524|646629|792538|963683|275203|396651|647789|803742|973340,True,https://myhora.com/lottery/result-16-12-2552.aspx,2009-12-16-BE2552.html
2009-12-01,ผลสลากกินแบ่งรัฐบาล งวดวันที่ 1 ธันวาคม 2552,2552,776980,6,188|252|412|937,59,776981|776979,รางวัลที่ 1 พิเศษ กลุ่มที่ 1 รางวัลละ 30 ล้านบาท ชุดที่ 03 หมายเลข 776980 กลุ่มที่ 2 รางวัลละ 20 ล้านบาท ชุดที่ 61 หมายเลข 776980,289128|368501|626196|883087|958821,113884|259278|344859|352109|565228|178005|261045|351614|530260|882471,012057|293246|412462|526317|771818|071820|293757|430647|539955|782783|096332|294380|439341|540055|816840|099447|306625|441300|546191|817174|102745|322074|444038|548279|826145|149457|331797|458778|560222|850002|160511|365302|467205|577028|854101|198600|375944|477623|611983|873729|199768|398443|506307|622833|878971|290534|410741|525605|750170|884175,002644|196769|363221|602515|761156|005816|205003|363380|623532|764194|010214|214507|377036|635109|779654|024468|217289|395362|641888|780822|031028|238741|405441|643755|781474|040018|250533|423686|646296|781680|048377|252523|425158|662110|795578|059765|271659|437458|666630|803667|066273|273970|442808|677323|835013|095797|278403|447198|689563|852210|098111|281353|449775|697285|854449|107852|306779|453015|699137|857077|112638|317466|461273|710617|870137|115323|317660|465683|712533|881143|125928|325725|466276|717970|904629|166404|341343|471229|721578|917039|177031|342123|482529|724357|920277|177528|343311|521722|729405|976970|183094|350471|560767|729442|979908|196237|351993|590361|761133|989385,True,https://myhora.com/lottery/result-01-12-2552.aspx,2009-12-01-BE2552.html
2009-11-16,ผลสลากกินแบ่งรัฐบาล งวดวันที่ 16 พฤศจิกายน 2552,2552,055986,6,072|299|536|952,58,055987|055985,รางวัลที่ 1 พิเศษ กลุ่มที่ 1 รางวัลละ 30 ล้านบาท ชุดที่ 10 หมายเลข 055986 กลุ่มที่ 2 รางวัลละ 20 ล้านบาท ชุดที่ 60 หมายเลข 055986,229989|239981|503177|574555|933041,016498|102025|215619|507012|815831|071310|123583|349005|782227|821299,029202|245842|427850|619893|855104|044255|256451|444524|634260|856634|071545|275047|450502|655826|857927|079067|275484|467563|678344|881440|124359|298042|491620|697394|884775|156172|301379|503199|698732|906005|188160|343092|507833|783423|909317|211594|367756|547016|795544|975191|213538|401046|574857|829867|978573|233778|422497|575364|836253|992588,006841|186090|391985|522486|706330|013299|193565|396102|532865|712091|015185|200290|418584|535908|743578|024770|204480|428690|548092|757153|038386|223672|429384|554367|803811|046561|258857|433720|556491|815905|053985|262920|433816|570698|820100|055884|265059|440823|598702|862469|068468|286113|450938|604715|888849|087847|289785|450996|627417|908279|088418|291801|453269|631769|908317|093916|296214|456841|632130|911878|131772|300961|462240|659052|922589|132092|302796|465328|671409|958409|147980|329652|481271|673820|963211|155365|331599|484450|678336|965707|163166|346996|484890|680652|967838|173801|372183|488638|687318|983155|174563|373044|517354|700583|987424|182337|383973|521667|704312|996283,True,https://myhora.com/lottery/result-16-11-2552.aspx,2009-11-16-BE2552.html
2009-11-01,ผลสลากกินแบ่งรัฐบาล งวดวันที่ 1 พฤศจิกายน 2552,2552,689140,6,366|465|642|923,85,689141|689139,รางวัลที่ 1 พิเศษ กลุ่มที่ 1 รางวัลละ 30 ล้านบาท ชุดที่ 08 หมายเลข 689140 กลุ่มที่ 2 รางวัลละ 20 ล้านบาท ชุดที่ 57 หมายเลข 689140,106979|375433|467651|551213|937347,117399|243283|442709|760944|864237|235650|298371|759098|810250|889071,019208|184934|430440|606218|842545|023199|199455|447700|657263|846464|027258|241907|453010|729862|867492|063332|243682|505031|736227|871522|071255|272759|510752|765118|882741|074081|277504|538798|767073|884802|082901|301204|539804|793261|936066|102353|374404|557070|814342|962945|130691|380827|587489|836414|969550|182411|380849|593785|838212|991211,008927|156956|345065|538817|858752|015742|167273|361432|574012|867666|016308|190479|364809|579246|898999|022033|196876|394809|589904|900193|031858|197386|397785|605616|902615|035992|205696|398312|637586|905406|045678|209392|399326|647361|905757|061672|224174|406222|648297|908347|063039|229419|417559|668704|911757|067509|239865|426789|679670|919552|073382|247511|430744|687829|923312|084870|252950|431390|713221|936053|099824|269468|435811|741029|939289|110038|277951|453741|743134|945232|127411|292123|454195|758291|953686|129103|294308|464971|776352|955877|130517|294441|490184|777287|977389|133452|308215|500390|820104|979313|147724|319219|511705|853271|989340|155334|332186|513130|853499|995166,True,https://myhora.com/lottery/result-01-11-2552.aspx,2009-11-01-BE2552.html
2009-10-16,ผลสลากกินแบ่งรัฐบาล งวดวันที่ 16 ตุลาคม 2552,2552,258487,6,122|135|174|226,00,258488|258486,รางวัลที่ 1 พิเศษ กลุ่มที่ 1 รางวัลละ 30 ล้านบาท ชุดที่ 14 หมายเลข 258487 กลุ่มที่ 2 รางวัลละ 16 ล้านบาท ชุดที่ 63 หมายเลข 258487,139865|509876|563571|728759|910125,037817|311748|444248|524608|814185|058368|319226|513427|595216|862198,005399|148435|292089|483607|693592|053096|160073|300672|490081|734257|055415|168267|330250|522040|746380|058928|170085|405227|531496|777745|060941|176041|433169|538822|806714|086486|190929|439762|556613|809859|095925|246857|449286|579655|852476|111691|251915|460799|597629|879838|123836|278030|463165|663212|905304|147139|280673|473275|664397|942726,004900|216608|492018|673913|819894|018601|228732|509649|676924|826532|043673|236189|513416|706396|836355|044764|241378|518192|713395|839635|048794|251457|518511|724731|840989|061117|254272|520333|725852|841524|074902|270866|531008|735872|845915|081537|288581|532228|737913|853926|114540|324167|534833|742342|860201|120649|338320|561938|752138|861915|122331|339864|580804|761835|865870|125200|349543|594730|765881|866364|128737|349891|616694|768819|877174|129959|365614|620776|772149|901767|139979|366145|625078|786851|905711|151647|397486|632639|789100|924629|158129|407540|642814|792623|926810|194386|460777|660331|802650|954738|197959|473845|660340|806330|965914|206258|478078|661712|817788|998267,True,https://myhora.com/lottery/result-16-10-2552.aspx,2009-10-16-BE2552.html
2009-10-01,ผลสลากกินแบ่งรัฐบาล งวดวันที่ 1 ตุลาคม 2552,2552,169387,6,249|255|435|714,06,169386|169388,รางวัลที่ 1 พิเศษ กลุ่มที่ 1 รางวัลละ 30 ล้านบาท ชุดที่ 14 หมายเลข 169387 กลุ่มที่ 2 รางวัลละ 16 ล้านบาท ชุดที่ 53 หมายเลข 169387,181342|301064|339624|640763|793196,067917|172761|313538|585926|795834|131188|294798|315579|710741|796906,001601|264561|521639|660728|838955|006402|304260|538403|705948|852721|033634|314022|568348|775286|869662|038831|423132|584090|775645|879385|079254|423586|588778|776293|894217|086277|453798|592340|777025|905463|118761|457953|607092|780721|918865|137388|458907|614370|784556|952582|140610|478638|624373|815197|970528|228943|488472|634738|828950|973938,005308|208455|409810|623967|779306|027404|223490|425610|645085|806413|052505|227159|460407|645542|810018|054676|230257|491018|646301|831993|058783|249061|500301|653256|844532|063429|274579|506186|658230|862031|095505|278147|508142|663102|867777|103910|280261|509282|669024|879470|121758|314954|533103|690399|894305|123935|319138|541138|696093|903823|136746|325077|550365|698724|922952|137202|350296|554981|707447|925361|145818|355923|555752|711503|932657|148169|367067|560375|722564|939956|153723|378023|565058|726269|945863|161864|378514|574779|728589|957995|167620|383292|591179|734769|967526|171219|384273|595058|739969|980512|177908|403080|611070|747782|980945|192306|407834|612795|767921|999847,True,https://myhora.com/lottery/result-01-10-2552.aspx,2009-10-01-BE2552.html
2009-09-16,ผลสลากกินแบ่งรัฐบาล งวดวันที่ 16 กันยายน 2552,2552,202912,6,166|200|353|539,48,202913|202911,รางวัลที่ 1 พิเศษ กลุ่มที่ 1 รางวัลละ 30 ล้านบาท ชุดที่ 19 หมายเลข 202912 กลุ่มที่ 2 รางวัลละ 16 ล้านบาท ชุดที่ 53 หมายเลข 202912,374000|640785|685315|718892|818233,052829|298105|450022|547246|935378|063802|347821|508455|823505|991793,002516|157109|343391|621261|825154|003065|166093|371627|626421|836674|020216|166381|448152|686783|845058|021681|175543|500606|689196|903957|029621|195256|528774|702813|904675|078197|207609|530833|703859|910292|088104|220897|545155|760806|922634|088856|277109|549909|764671|956431|096553|319423|551361|773461|973372|103535|342668|607817|775550|980615,006982|224659|426113|570170|833289|013634|240571|436041|570893|850934|029531|241904|466662|586990|854215|029810|253566|492835|594924|875553|046509|257271|497150|605477|875944|057028|269408|508688|611482|883952|075779|269577|510112|616166|889950|076416|273284|511810|652606|891058|076494|275599|522014|652877|891410|079245|285544|523089|656800|934000|092521|311514|535243|658645|944407|093494|313793|536973|666819|947159|101522|327903|537831|758731|950832|104302|337217|549054|780038|960825|129519|355565|551981|781517|967175|162499|367343|557652|804563|976218|165988|387734|563340|809514|983749|171819|397068|564971|814979|984771|174728|402851|565044|823733|987348|220468|423601|567939|833086|990576,True,https://myhora.com/lottery/result-16-09-2552.aspx,2009-09-16-BE2552.html
2009-09-01,ผลสลากกินแบ่งรัฐบาล งวดวันที่ 1 กันยายน 2552,2552,015865,6,435|446|447|924,32,015866|015864,รางวัลที่ 1 พิเศษ กลุ่มที่ 1 รางวัลละ 30 ล้านบาท ชุดที่ 09 หมายเลข 015865 กลุ่มที่ 2 รางวัลละ 16 ล้านบาท ชุดที่ 66 หมายเลข 015865,028923|064025|128893|225850|370610,134008|663088|782498|835514|891075|517511|709724|834217|875325|969347,003075|273964|352303|501922|865385|053956|279151|354690|520736|884524|072842|282327|356544|524191|894083|093066|287814|366977|598753|911489|131409|301202|390194|604087|912804|171436|301896|400666|683445|959614|173674|321304|400792|693747|976990|216923|334686|425602|774144|982614|228063|343119|430629|807407|988669|242093|343636|453979|808154|995584,011787|244033|416911|612406|812927|021700|250489|432279|612626|824784|033082|278687|433439|616761|825298|041097|280609|445459|624709|853375|094331|281124|472764|631510|864880|098163|289289|478555|653874|866233|120944|303596|486404|670850|894485|122704|310166|497393|675674|900123|141652|310332|509926|684176|901707|156780|321710|511233|690207|902197|172308|327673|525387|706859|906156|187196|360760|525614|732399|914978|201598|366918|525880|737110|916438|203812|376497|542090|762724|925686|204397|377503|543204|767894|935841|207219|386322|551796|773839|941352|218070|396163|557588|775578|943192|221990|397820|573952|791180|985557|222266|398557|594630|791968|989135|229563|408825|604553|806092|993974,True,https://myhora.com/lottery/result-01-09-2552.aspx,2009-09-01-BE2552.html
2009-08-16,ผลสลากกินแบ่งรัฐบาล งวดวันที่ 16 สิงหาคม 2552,2552,462933,6,292|577|658|843,96,462934|462932,รางวัลที่ 1 พิเศษ กลุ่มที่ 1 รางวัลละ 30 ล้านบาท ชุดที่ 02 หมายเลข 462933 กลุ่มที่ 2 รางวัลละ 16 ล้านบาท ชุดที่ 55 หมายเลข 462933,545013|716017|751861|821525|961428,006641|262729|299784|486008|772965|066948|293285|472861|605750|832494,017037|245069|399371|634632|911279|027908|263339|426847|676050|911779|058875|281196|451555|704810|922775|063897|319310|461879|742018|935988|074345|322065|484116|748775|942527|086824|322298|565425|757254|957402|102985|324817|569088|775317|971471|136181|350111|577272|827293|983046|201226|377534|605069|870825|987031|242976|378755|630222|881085|990645,017647|216412|447619|621165|856826|017724|244617|458462|630382|868368|018468|249060|468917|634223|869304|029568|259607|469781|658313|892505|039831|288566|489658|677127|903231|054974|294805|502662|691504|906959|056357|295730|504272|703504|908655|090757|318890|521524|712258|911869|097598|328128|528777|720025|912404|102759|333874|531824|720246|913459|103060|353004|542070|728058|919710|121013|365262|549372|730721|931708|123422|367762|551058|732199|950036|134729|370041|552461|781684|958313|138893|397535|553299|782584|967930|148330|401021|562302|783484|979706|155667|411221|578525|793439|982406|168951|412778|594491|794351|984489|202098|421061|603114|829335|985678|209530|422661|609870|856306|995201,True,https://myhora.com/lottery/result-16-08-2552.aspx,2009-08-16-BE2552.html
2009-08-01,ผลสลากกินแบ่งรัฐบาล งวดวันที่ 1 สิงหาคม 2552,2552,154986,6,239|374|421|688,92,154987|154985,รางวัลที่ 1 พิเศษ กลุ่มที่ 1 รางวัลละ 30 ล้านบาท ชุดที่ 12 หมายเลข 154986 กลุ่มที่ 2 รางวัลละ 16 ล้านบาท ชุดที่ 66 หมายเลข 154986,013827|489881|891645|946096|955710,018503|218411|461849|676084|852314|144529|218976|606956|723401|936196,000389|137497|424008|664736|795475|004039|164795|432981|675796|812115|019016|186762|445951|677949|818566|019359|187769|471620|702150|843736|042932|241890|492012|712012|858371|060382|245192|512046|716043|871449|076412|328485|512949|723614|903307|080209|393368|556321|741412|923523|121960|402511|649668|783157|957048|128911|402729|657256|785729|962466,004798|235413|445552|657058|852158|017524|246958|449199|669109|862644|101822|255507|455444|701045|866672|108796|256653|460239|701572|873435|110452|272070|463206|714293|873477|112441|272881|473353|725491|898001|112822|273084|504886|727616|915193|122923|318484|512423|727722|916405|123135|323672|545285|758099|919823|129479|362781|559937|759605|945173|144826|364118|562286|764136|947273|146071|366694|574258|781728|949801|155529|372334|577295|786328|951128|164033|381819|599092|796700|961092|166793|384012|600235|797981|961732|187893|385872|602682|800603|962255|198346|389244|605149|809592|963926|201349|393632|605718|819442|981651|223911|397003|624874|843577|991484|233331|410441|649603|849741|997486,True,https://myhora.com/lottery/result-01-08-2552.aspx,2009-08-01-BE2552.html
2009-07-16,ผลสลากกินแบ่งรัฐบาล งวดวันที่ 16 กรกฎาคม 2552,2552,000816,6,005|177|356|836,94,000817|000815,รางวัลที่ 1 พิเศษ กลุ่มที่ 1 รางวัลละ 30 ล้านบาท ชุดที่ 13 หมายเลข 000816 กลุ่มที่ 2 รางวัลละ 16 ล้านบาท ชุดที่ 55 หมายเลข 000816,169964|292125|373983|533197|944511,082354|510745|792039|866501|943298|261753|692173|805155|930331|981253,008837|222653|392298|600917|830421|036184|234097|472199|601409|840504|037821|241565|474072|635607|848138|085420|252275|474425|641501|903730|165019|276987|477518|659611|921590|165512|291522|488339|724932|921885|187110|315259|490220|727376|923059|191200|318365|492112|738005|939234|194142|324019|511487|760339|958699|195492|332537|568958|784534|958853,019215|189553|358960|558203|786351|022920|192651|373690|576454|800489|032261|195236|377513|577208|808758|034041|198946|378689|585903|823016|041287|221823|385851|594642|828714|047118|231231|392585|601570|851468|048143|232322|407348|611063|867304|053587|233416|407740|634154|872702|059853|233560|413562|663586|887049|069210|246958|423682|672894|891687|076200|250933|450080|690114|894332|078965|256442|463197|701065|899181|112020|256943|482119|702521|901982|144504|293606|490242|713720|917953|147083|313211|503831|718348|920012|152307|317394|522240|733758|927305|157581|323706|529840|734294|931119|169677|342122|542009|741341|957058|175370|347370|543772|753513|962535|185747|357344|552719|762350|968804,True,https://myhora.com/lottery/result-16-07-2552.aspx,2009-07-16-BE2552.html
2009-07-01,ผลสลากกินแบ่งรัฐบาล งวดวันที่ 1 กรกฎาคม 2552,2552,207542,6,107|233|385|799,66,207543|207541,รางวัลที่ 1 พิเศษ กลุ่มที่ 1 รางวัลละ 30 ล้านบาท ชุดที่ 30 หมายเลข 207542 กลุ่มที่ 2 รางวัลละ 16 ล้านบาท ชุดที่ 60 หมายเลข 207542,057931|148595|372360|660771|854532,069646|138560|178364|263757|832422|101458|160422|212227|394044|914839,006464|159020|341468|611211|794465|035143|166798|424369|620490|797588|037449|174100|449991|624057|823527|046277|186266|480645|633633|900350|074668|216252|485442|645220|914814|091634|220188|493439|674561|931894|097019|243634|495357|702185|960060|112534|260303|505059|711343|971094|124836|313656|547542|725466|991584|154201|331776|602956|763516|992734,002818|228156|417564|556544|734588|016389|267418|428261|570211|734798|025919|269923|439786|580289|750056|035029|278604|458426|599372|753823|038704|281774|459747|603725|758016|040320|291083|461721|607616|775832|041805|298910|470653|613934|787658|047616|302802|479973|621714|800121|048683|317135|481038|626325|831693|071175|342692|490202|627749|842119|112672|347448|490875|637551|843397|114041|347510|493559|666657|847017|128352|350038|505948|671342|856169|144078|355716|517967|691230|901711|155440|367628|522771|695889|912484|162534|368544|523909|715583|923359|166502|368843|524745|722892|942347|201063|370461|533653|727563|968876|215032|388430|551110|731159|991190|222560|396485|554702|732540|998046,True,https://myhora.com/lottery/result-01-07-2552.aspx,2009-07-01-BE2552.html
2009-06-16,ผลสลากกินแบ่งรัฐบาล งวดวันที่ 16 มิถุนายน 2552,2552,930456,6,044|125|179|954,15,930457|930455,รางวัลที่ 1 พิเศษ กลุ่มที่ 1 รางวัลละ 30 ล้านบาท ชุดที่ 18 หมายเลข 930456 กลุ่มที่ 2 รางวัลละ 16 ล้านบาท ชุดที่ 64 หมายเลข 930456,404322|496026|563812|599972|944693,016634|248234|374183|611009|759581|156055|275861|396599|737165|762411,063878|327618|523097|697347|884880|108834|331333|557206|754833|898049|119821|384519|588557|757991|901627|142421|398953|600884|785336|941003|178097|399984|613069|792912|949080|199090|440092|614586|817081|950600|266392|451163|615899|827400|971419|271946|452188|632747|843075|984698|308661|470990|652342|877357|990764|313359|491881|682443|882616|997701,015057|217885|378413|565556|784996|018564|225552|380650|565734|795062|028676|228840|383469|567595|799770|054847|230167|384226|588050|808430|063976|232026|390742|588604|811015|066226|243806|401817|591042|813936|077775|258469|411516|611128|823018|092663|273771|446990|614001|827271|099273|281223|459684|628430|850250|101032|297871|462029|651715|873749|111523|310024|465136|654835|878206|120755|313471|487149|656443|879501|126247|321645|492016|679551|888358|127638|322278|492927|690175|933566|130937|327751|499411|691419|935795|133641|334540|500742|716267|946925|136018|337911|527688|718633|967920|149320|366863|537568|741642|987259|161281|371185|548709|761148|988431|186289|373791|550035|766929|999718,True,https://myhora.com/lottery/result-16-06-2552.aspx,2009-06-16-BE2552.html
2009-06-01,ผลสลากกินแบ่งรัฐบาล งวดวันที่ 1 มิถุนายน 2552,2552,777661,6,097|240|242|642,26,777662|777660,รางวัลที่ 1 พิเศษ กลุ่มที่ 1 รางวัลละ 30 ล้านบาท ชุดที่ 10 หมายเลข 777661 กลุ่มที่ 2 รางวัลละ 16 ล้านบาท ชุดที่ 51 หมายเลข 777661,069034|336089|357011|406800|660339,015767|076538|422093|764640|997890|075604|135440|718343|907953|999524,003551|219071|389269|528138|781542|006307|226723|389908|547752|798941|037556|234224|408665|554405|805801|065585|248587|411056|656305|819396|095415|258492|412241|657096|862943|104823|261755|412819|668173|877879|191683|297807|476373|675316|878022|201322|347154|495640|694378|913583|202312|365885|511224|695120|916953|208958|373688|512859|731374|938856,021646|201092|443368|645191|815982|042247|226007|458569|661171|822105|070251|233986|467252|668649|824693|100639|245185|474314|676304|827242|103690|251149|488688|677388|833099|105761|254891|492479|687640|837179|117164|258670|492684|688756|837555|124558|270406|499286|691231|864949|126788|305499|513597|704533|866959|130179|307270|548796|719842|893460|130773|309365|551851|719849|893828|131804|312989|572957|720373|909490|136100|340326|577589|729488|909499|137440|362905|589868|741242|920650|139706|373680|603362|767598|937772|140684|417924|606642|768168|941998|153084|422693|619148|776549|961656|156351|427559|619255|790286|971157|161654|430624|619706|792574|991175|200383|436306|639104|802234|996032,True,https://myhora.com/lottery/result-01-06-2552.aspx,2009-06-01-BE2552.html
2009-05-16,ผลสลากกินแบ่งรัฐบาล งวดวันที่ 16 พฤษภาคม 2552,2552,111411,6,362|368|838|892,54,111412|111410,รางวัลที่ 1 พิเศษ กลุ่มที่ 1 รางวัลละ 30 ล้านบาท ชุดที่ 27 หมายเลข 111411 กลุ่มที่ 2 รางวัลละ 16 ล้านบาท ชุดที่ 56 หมายเลข 111411,042920|312702|424777|567219|710109,072271|225220|503463|676949|768124|209193|371790|669394|756173|880494,005534|403604|584097|713612|819179|011858|411836|601788|721291|820297|015581|426856|610331|731422|821361|021266|435033|620334|743338|833155|034938|437596|652225|785133|887926|257359|454317|655294|792057|897305|296914|483056|657975|796233|901945|339747|486766|670746|800724|917691|381026|499224|704485|802024|922899|395413|544448|710048|816087|968784,011367|212956|353077|580835|872565|014087|214723|360658|584515|879464|036001|223337|369535|598453|888618|042131|229578|371004|599843|899989|045939|235640|381095|602172|906843|060413|238269|384456|639947|908643|068378|238934|407290|658790|913903|073595|255180|430022|667720|916555|075085|258390|431703|672843|933712|076962|258636|435729|682593|937131|080606|272587|444178|706382|937170|081014|273220|452562|738506|938400|091201|283383|458219|751498|939309|122798|286412|471826|808569|940551|124107|291598|480627|816311|969754|138274|303095|481838|823903|975582|152042|315021|509520|841888|989396|184507|330299|514900|844141|989807|199774|331631|557539|850349|993031|203982|334971|579570|871911|998511,True,https://myhora.com/lottery/result-16-05-2552.aspx,2009-05-16-BE2552.html
2009-05-02,ผลสลากกินแบ่งรัฐบาล งวดวันที่ 2 พฤษภาคม 2552,2552,294452,6,222|301|549|947,11,294453|294451,รางวัลที่ 1 พิเศษ กลุ่มที่ 1 รางวัลละ 30 ล้านบาท ชุดที่ 09 หมายเลข 294452 กลุ่มที่ 2 รางวัลละ 16 ล้านบาท ชุดที่ 61 หมายเลข 294452,397243|575881|743024|947426|956689,119312|186679|600087|616014|835338|144318|598818|611053|730739|922594,001190|248951|417620|603848|777505|052938|260173|467941|613060|798930|065664|264298|516812|614044|826407|104623|277417|523894|667420|828271|106770|279849|529688|676985|842754|119205|281760|539291|680001|849447|169309|283243|544386|698567|878833|185049|373818|546292|701811|887563|204960|408783|555133|704804|896442|211712|413456|582349|758071|966593,004842|236422|401117|622899|857983|006961|242086|408338|639351|874214|011934|254507|424090|646983|878192|069715|261922|426872|653889|890143|070238|265038|438682|659596|890392|102411|267553|443513|685804|899760|109425|271158|444035|686250|905089|109811|276870|454955|686342|919710|112032|280141|462982|698862|924760|122445|292293|478660|708637|924875|138819|303953|486856|708825|932467|161779|304068|489111|721888|938057|171150|317000|491070|729600|944788|173152|325536|520205|750213|945775|199747|339055|546719|756148|946748|201806|348905|548397|760335|952913|208512|357238|557529|782098|959118|212449|358327|569411|784338|969171|219541|361215|588660|791810|980740|236135|390550|605173|812757|990449,True,https://myhora.com/lottery/result-02-05-2552.aspx,2009-05-02-BE2552.html
2009-04-16,ผลสลากกินแบ่งรัฐบาล งวดวันที่ 16 เมษายน 2552,2552,368415,6,007|179|570|954,33,368416|368414,รางวัลที่ 1 พิเศษ กลุ่มที่ 1 รางวัลละ 30 ล้านบาท ชุดที่ 15 หมายเลข 368415 กลุ่มที่ 2 รางวัลละ 16 ล้านบาท ชุดที่ 53 หมายเลข 368415,039886|113102|287508|786725|905768,021766|148438|473749|744606|867174|136036|465704|639968|767554|874835,033994|214464|422113|663756|781810|060555|286620|424476|671649|784858|097500|292073|460546|699490|832836|113823|292412|461815|701510|845688|113870|306444|475511|710434|847591|119834|310404|491523|722713|900411|132690|313855|500761|744999|917714|151677|318803|501623|745966|945425|160228|357039|546709|761602|992757|173746|361050|565570|766986|994901,003013|225409|494777|645665|835045|024820|225836|498955|654334|850531|029838|229549|505616|692263|860380|048244|232716|512667|712063|862821|058098|247520|523336|717377|865480|067142|249458|526424|724896|866719|067158|253327|543838|733513|880350|072771|257529|558748|751906|881781|083138|268731|569959|756816|884078|099571|277007|573087|758622|889966|110675|285700|575632|761159|899420|114749|303775|576049|783705|907069|129716|351882|591983|790334|910756|145808|357584|597053|795747|912511|149995|376101|598435|801416|917334|153329|419445|612506|806388|918777|169006|422664|618136|819395|940452|179564|436831|630959|823100|991213|195128|467161|641447|828796|996462|208229|480818|644853|834893|999634,True,https://myhora.com/lottery/result-16-04-2552.aspx,2009-04-16-BE2552.html
2009-04-01,ผลสลากกินแบ่งรัฐบาล งวดวันที่ 1 เมษายน 2552,2552,816578,6,044|113|363|572,50,816579|816577,รางวัลที่ 1 พิเศษ กลุ่มที่ 1 รางวัลละ 30 ล้านบาท ชุดที่ 30 หมายเลข 816578 กลุ่มที่ 2 รางวัลละ 16 ล้านบาท ชุดที่ 64 หมายเลข 816578,204159|282926|747871|818187|872680,023722|296243|550707|723308|871331|130765|373498|577685|853328|893711,024598|199080|461111|597785|740709|088987|202544|466949|599169|790968|110939|208445|468012|603118|793701|113680|240912|476552|642501|831094|117784|306012|486094|643771|857877|131318|360303|490684|644609|863949|133806|380171|535893|646957|883455|163167|401757|577292|660382|890864|166705|436349|584958|702532|905189|167839|438370|595064|715288|946293,004287|293337|479476|599772|833960|061560|326613|479728|601555|841071|075856|334703|479791|604787|849429|097856|336471|492354|612255|857930|116609|348596|495932|614748|874355|117714|357864|504654|620388|874451|120074|359249|520830|625292|876929|122614|371963|527022|630093|878463|131102|380856|527645|634206|883666|159709|381678|529563|637675|886688|162078|393935|530290|654892|887458|186301|401450|539769|668537|891573|187800|401557|540234|679129|911888|194264|402563|546351|692257|920462|198528|406175|547118|706375|931764|244256|411087|564640|708865|953369|250964|422908|569476|711422|956817|265840|427623|580428|765271|957567|273291|434173|582427|769925|995429|277556|478990|596538|775982|996598,True,https://myhora.com/lottery/result-01-04-2552.aspx,2009-04-01-BE2552.html
2009-03-16,ผลสลากกินแบ่งรัฐบาล งวดวันที่ 16 มีนาคม 2552,2552,268812,6,063|228|424|929,36,268813|268811,รางวัลที่ 1 พิเศษ กลุ่มที่ 1 รางวัลละ 30 ล้านบาท ชุดที่ 25 หมายเลข 268812 กลุ่มที่ 2 รางวัลละ 16 ล้านบาท ชุดที่ 59 หมายเลข 268812,076474|799644|812278|836291|948090,381600|494880|703786|754070|867614|458414|630395|736823|851982|971573,007600|345891|653572|718030|824697|016161|353059|656211|722417|827800|022586|359805|657121|732240|829808|030905|423718|657129|746040|831345|062529|440252|674308|754709|847176|072231|443338|675918|759389|932628|088200|482570|681420|774545|932720|124843|484378|682952|777562|942211|250230|523828|689430|797339|945400|263236|542741|703317|803594|980535,000754|140819|363063|611659|799564|008360|150140|368071|616408|815510|023727|173174|377961|641512|817208|028791|192236|387678|642759|825488|030730|192865|401808|653136|827517|032111|208315|404089|682370|852364|050834|228585|418793|688507|854315|061941|259668|436773|706346|883954|062495|266008|444662|733824|888262|077208|271434|466140|744801|896108|085569|273362|477338|745535|904982|086008|280777|490649|757214|907710|093771|284103|497211|758799|925567|095637|291076|514438|763042|930628|110838|313458|516508|765452|935715|111349|320588|527178|770219|937068|122503|338736|531831|771173|941664|124956|342015|581526|786459|950822|138553|348788|589005|792788|955025|140417|351780|599113|794903|968935,True,https://myhora.com/lottery/result-16-03-2552.aspx,2009-03-16-BE2552.html
2009-03-01,ผลสลากกินแบ่งรัฐบาล งวดวันที่ 1 มีนาคม 2552,2552,553091,6,224|238|295|665,67,553092|553090,รางวัลที่ 1 พิเศษ กลุ่มที่ 1 รางวัลละ 30 ล้านบาท ชุดที่ 05 หมายเลข 553091 กลุ่มที่ 2 รางวัลละ 16 ล้านบาท ชุดที่ 52 หมายเลข 553091,401910|556619|568325|728085|868141,009029|076688|247221|538670|682660|049531|195889|340967|581814|960482,005821|164115|419764|557334|800870|008478|174363|457472|626908|818630|010476|177919|463080|639971|837513|012242|239922|464850|650664|846668|031115|299790|474741|661945|870071|094858|302584|504904|732718|870291|104953|327631|511381|740058|919706|108612|341816|521413|751438|924205|125461|399660|527895|771167|937620|159792|404228|556183|794798|959356,016796|287661|415118|556234|745662|022893|301376|415699|573967|746261|028966|305653|425986|582523|748573|045515|307989|435414|619555|764333|053135|309367|440004|626306|768124|060765|310305|454512|634891|770268|092429|311244|455477|638073|773617|131398|312440|464904|642896|821674|145792|326881|467453|661283|836701|149911|327083|469402|675726|865543|152938|334363|469567|678617|886081|210208|337981|477784|683306|894646|221566|341701|478297|693464|903090|226250|343643|502035|706862|911610|226722|361119|522007|712984|917262|228885|370689|525521|714652|918847|244418|375342|528724|722730|924367|246252|379162|537997|724244|935838|251059|384999|543403|726766|951532|277785|412598|555777|744805|980850,True,https://myhora.com/lottery/result-01-03-2552.aspx,2009-03-01-BE2552.html
2009-02-16,ผลสลากกินแบ่งรัฐบาล งวดวันที่ 16 กุมภาพันธ์ 2552,2552,038730,6,115|434|939|961,93,038731|038729,รางวัลที่ 1 พิเศษ กลุ่มที่ 1 รางวัลละ 30 ล้านบาท ชุดที่ 24 หมายเลข 038730 กลุ่มที่ 2 รางวัลละ 16 ล้านบาท ชุดที่ 54 หมายเลข 038730,029453|037616|122799|639439|864569,073164|216209|491664|544578|836031|171135|260453|531130|756798|841870,022574|218230|392172|566846|800489|058508|240754|413786|576912|801123|090483|266777|417861|617545|852649|097013|303024|432270|622575|889741|102215|303679|452948|625009|894212|137675|313176|459498|649704|905931|163110|320519|485354|650496|935884|165032|346421|489270|651969|952653|190512|347182|511372|653614|983029|201507|368229|565630|794932|995788,009456|161349|373833|645619|825603|011664|171730|397890|678084|831117|024760|181327|434768|681946|841860|026842|190105|466576|693173|852119|051041|193061|473929|700248|857214|055499|211464|485282|704696|882276|058249|233524|485989|721957|885853|059392|242507|494857|725871|892873|062767|265135|521000|734287|902101|068515|271672|529469|735864|910189|068816|273343|537277|743007|915295|071189|287455|542118|744378|927423|084514|294416|546501|746301|936006|091733|299253|568551|754057|939221|093364|307811|577933|780374|955946|114751|324416|584289|785804|959894|128279|332203|585045|815981|972131|133729|332901|590258|817560|972297|153066|341386|617980|819181|993156|159762|365328|622854|821323|997586,True,https://myhora.com/lottery/result-16-02-2552.aspx,2009-02-16-BE2552.html
2009-02-01,ผลสลากกินแบ่งรัฐบาล งวดวันที่ 1 กุมภาพันธ์ 2552,2552,534533,6,015|427|660|777,69,534534|534532,รางวัลที่ 1 พิเศษ กลุ่มที่ 1 รางวัลละ 30 ล้านบาท ชุดที่ 18 หมายเลข 534533 กลุ่มที่ 2 รางวัลละ 16 ล้านบาท ชุดที่ 58 หมายเลข 534533,039319|666064|783634|808482|911892,015433|332515|754504|771024|907875|100135|410131|766247|776943|931431,018478|213636|422657|645271|801791|039720|222414|437428|711167|802532|071927|235075|439085|720982|832373|082727|257174|475100|763025|838293|110442|258008|506385|769516|838845|120644|287230|578362|779090|884442|124492|291566|596006|780242|902853|177820|293433|620248|782067|927370|178505|351753|626285|793434|935894|191097|395088|635717|796259|985020,024887|204614|476959|649819|823991|036184|213157|483577|666188|824139|042045|232798|483681|684241|862336|045529|270226|489639|685286|862858|062430|270256|557918|697792|870803|071124|280919|559451|701534|873846|081713|292231|560621|708638|883402|093794|298391|563588|710845|885623|095457|299358|576655|722465|896971|100650|312070|579470|725075|901663|100987|322607|581830|736219|925050|108299|340263|592253|739262|929819|145303|348168|605462|748440|937524|149346|367874|610144|750497|951850|150863|371471|614460|775905|954239|156533|386319|630623|777521|960107|159162|387344|630736|784706|970254|183960|408502|632214|794256|971714|197078|451262|641158|796870|972581|200184|457637|645450|820072|978961,True,https://myhora.com/lottery/result-01-02-2552.aspx,2009-02-01-BE2552.html
2009-01-16,ผลสลากกินแบ่งรัฐบาล งวดวันที่ 16 มกราคม 2552,2552,743212,6,266|800|842|885,25,743211|743213,รางวัลที่ 1 พิเศษ กลุ่มที่ 1 รางวัลละ 30 ล้านบาท ชุดที่ 13 หมายเลข 743212 กลุ่มที่ 2 รางวัลละ 16 ล้านบาท ชุดที่ 56 หมายเลข 743212,087412|209911|272148|596135|956610,342847|554136|575597|786447|903390|397382|565115|595721|831862|992324,007633|170152|416651|646074|849748|038059|179411|437497|663785|855927|064096|251164|448353|683051|856167|068099|252897|450969|738783|859948|071556|261147|503018|744225|959899|107335|266849|528216|779536|969544|118816|324485|542927|812474|983814|129176|348359|553574|822004|990668|135304|398206|600733|822403|998272|142153|404754|615440|846862|999183,003842|174952|317045|595690|854668|018959|190767|317232|610944|855679|043957|193257|318921|618432|859555|048625|193895|323373|618823|860422|050581|194709|345228|641648|864277|056984|195466|347618|664571|872182|060127|216644|348959|683656|874854|076201|217770|350450|688554|879851|077193|240121|357697|699434|888262|081863|242307|403250|708231|892712|101357|246123|444123|714069|897230|113782|249398|465019|739464|906383|116405|250582|473994|751878|909136|135708|257908|486588|755892|911522|145393|285806|494236|760776|916038|149747|287699|509337|774070|933858|153449|295594|529421|791561|944751|158716|296793|542540|812581|947236|164808|307637|543899|815887|971582|166329|309749|585659|840909|981714,True,https://myhora.com/lottery/result-16-01-2552.aspx,2009-01-16-BE2552.html
2008-12-30,ผลสลากกินแบ่งรัฐบาล งวดวันที่ 30 ธันวาคม 2551,2551,218596,6,094|197|831|984,22,218595|218597,รางวัลที่ 1 พิเศษ กลุ่มที่ 1 รางวัลละ 30 ล้านบาท ชุดที่ 29 หมายเลข 218596 กลุ่มที่ 2 รางวัลละ 16 ล้านบาท ชุดที่ 53 หมายเลข 218596,254090|269116|287416|800040|949530,000214|343418|596318|937744|973983|227892|347638|727395|937831|993207,013830|228680|431630|623118|863445|074654|236117|442271|628529|910554|092398|242342|515532|704095|931506|102448|319876|564506|732989|934959|131938|327349|579790|765373|946792|144202|327374|593702|790322|967036|148404|329349|595906|809566|976626|156467|372338|596424|820166|983225|177994|415577|604676|845715|983381|201973|428906|609995|847823|991874,005287|230250|431454|657921|807999|028265|240694|437271|664311|808571|033896|248198|461267|670967|825983|041084|252369|463019|671095|835011|057939|253336|464944|679426|843585|063628|312536|465882|689525|846487|069523|318215|495078|689959|856081|071147|352566|508542|690397|857628|089295|355057|515457|700856|865985|089406|358817|522891|708472|872322|107146|363442|571153|746178|875843|120947|374479|576304|748482|884055|129111|381357|592134|753426|905502|139610|388592|596536|765078|935181|150347|389381|607087|768022|941478|159786|393171|624509|770589|945885|172216|402424|626169|783056|952597|188046|404733|644035|797850|984445|201851|411808|653502|798820|989486|223925|418454|656600|805273|995095,True,https://myhora.com/lottery/result-30-12-2551.aspx,2008-12-30-BE2551.html
2008-12-16,ผลสลากกินแบ่งรัฐบาล งวดวันที่ 16 ธันวาคม 2551,2551,074114,6,305|715|803|959,25,074113|074115,รางวัลที่ 1 พิเศษ กลุ่มที่ 1 รางวัลละ 30 ล้านบาท ชุดที่ 18 หมายเลข 074114 กลุ่มที่ 2 รางวัลละ 16 ล้านบาท ชุดที่ 52 หมายเลข 074114,253526|505237|527546|684004|852122,016667|090504|331880|657629|803813|017877|328749|486233|743189|961153,039745|265006|418548|700917|872304|085082|298823|450275|704311|874792|131265|301831|473958|738792|900925|147728|309139|490757|758937|903754|170092|325407|493261|771742|922323|205847|339209|496461|792598|926903|214514|344653|572269|805488|945640|231193|351044|633510|808630|953488|243565|351482|688665|845323|967251|259588|364991|699170|870370|995210,013255|153232|384304|533438|813140|015369|159159|394314|538997|848788|022786|175493|395451|549337|858553|030046|189038|397675|551955|870001|039658|192994|406178|568083|871356|048474|202339|427361|630994|872425|052731|212891|428043|631021|884738|054204|222977|434669|640343|905338|070844|246187|451137|683466|906434|088014|266337|452777|692026|906604|094591|285543|454810|699302|922546|104755|289439|457458|712836|922577|109985|293951|471586|732821|928482|115779|308664|479527|758537|951844|116915|314518|490551|763430|953305|118981|316555|492286|765226|965254|122312|321264|495992|766849|968010|126022|326167|497742|791892|971333|126334|374402|525252|792702|977920|126592|380951|531662|795986|987634,True,https://myhora.com/lottery/result-16-12-2551.aspx,2008-12-16-BE2551.html
2008-12-01,ผลสลากกินแบ่งรัฐบาล งวดวันที่ 1 ธันวาคม 2551,2551,205434,6,013|260|617|957,05,205433|205435,รางวัลที่ 1 พิเศษ กลุ่มที่ 1 รางวัลละ 30 ล้านบาท ชุดที่ 15 หมายเลข 205434 กลุ่มที่ 2 รางวัลละ 16 ล้านบาท ชุดที่ 60 หมายเลข 205434,077096|330423|388391|616986|826882,114480|408307|421332|527903|770293|192655|421301|467155|686512|906587,049413|228302|577167|661556|785230|059727|253862|586131|693419|812184|076747|254892|587707|706073|815334|081898|270184|598510|717360|825128|082156|294755|610134|724687|877804|105826|349109|612580|736497|929806|123690|353338|614544|755151|936642|123924|413466|616108|755969|961849|174926|460689|630233|763645|993284|180381|470063|659085|768586,010252|263409|425769|719451|844156|016240|269609|428748|733223|860606|034677|274541|428815|735092|862117|046058|292827|429914|740522|871168|061902|294648|461930|750184|874244|065976|326678|471919|750322|890682|067543|333529|478044|753533|902479|083469|333667|541720|769675|905711|098013|345158|560872|774817|917534|115368|347473|591551|781594|920797|136535|359804|622936|787185|921251|145942|378318|625139|813730|934436|158142|378968|636933|815162|936386|171506|379493|637353|817211|941559|174044|379514|643455|820870|966353|179346|381995|665365|821889|966566|218468|403791|681177|822573|977576|226040|408899|689956|828004|979686|230130|413346|694858|833802|980047|247158|418804|698477|837325|981756,True,https://myhora.com/lottery/result-01-12-2551.aspx,2008-12-01-BE2551.html
2008-11-16,ผลสลากกินแบ่งรัฐบาล งวดวันที่ 16 พฤศจิกายน 2551,2551,002612,6,068|589|824|877,20,002611|002613,รางวัลที่ 1 พิเศษ กลุ่มที่ 1 รางวัลละ 30 ล้านบาท ชุดที่ 30 หมายเลข 002612 กลุ่มที่ 2 รางวัลละ 16 ล้านบาท ชุดที่ 57 หมายเลข 002612,068339|076845|453662|598255|772978,114327|240543|581440|806820|887312|171975|468332|643909|837995|935695,018837|258959|451070|511850|720905|054913|275394|465152|519606|752269|059019|291511|476738|543145|791761|063200|324313|481034|559043|796815|142376|340964|487847|569312|797306|155453|343218|498709|579856|817160|162770|355753|502169|586473|845415|168385|398488|506641|643385|914244|192240|450193|508152|699751|928221,001621|131466|340771|601864|799249|005189|137086|357080|602795|806363|028848|148725|371463|604083|814624|028888|153343|387715|612137|849634|032480|174224|394687|624077|850250|038752|174242|428259|633505|866962|040549|185725|430868|655522|878391|044833|207461|432122|674535|891654|060009|212551|433682|676997|909049|060977|216783|437703|679911|909661|065540|223523|443440|688929|912399|075220|229756|476510|692623|926670|077963|241444|492319|699477|942386|078935|247281|515964|738796|953212|080839|247995|516070|749526|958010|085154|269242|532267|750674|965556|086788|277222|536857|768790|967170|089991|280881|543024|776129|972247|118095|306182|565240|777338|973852|120065|317922|570693|789765|988424,True,https://myhora.com/lottery/result-16-11-2551.aspx,2008-11-16-BE2551.html
2008-11-01,ผลสลากกินแบ่งรัฐบาล งวดวันที่ 1 พฤศจิกายน 2551,2551,272028,6,285|333|421|929,76,272027|272029,รางวัลที่ 1 พิเศษ กลุ่มที่ 1 รางวัลละ 30 ล้านบาท ชุดที่ 03 หมายเลข 272028 กลุ่มที่ 2 รางวัลละ 16 ล้านบาท ชุดที่ 54 หมายเลข 272028,176156|211709|250879|686108|753326,142676|462873|642077|757472|854333|241781|602707|665761|781397|974941,033150|194683|396474|609826|818092|043676|197073|407821|624087|830294|066192|240327|426899|625442|832599|083104|243924|473560|653804|855787|103027|262792|499582|656132|912797|103540|279346|509055|657800|922377|110818|333202|535736|674435|922459|142257|354418|543108|703925|933416|150047|373131|568847|778438|970389|183131|377250|595922|801461|976528,018690|228054|362175|518631|786007|019155|229415|383700|531689|794348|031868|235676|388731|560300|800426|043805|242257|389473|563809|858732|050021|245121|396350|565006|870672|053133|246923|397244|596122|874207|054155|248228|397946|599528|880292|087580|248653|422993|617581|889201|089403|252185|424294|629530|889925|100529|262048|426871|643247|891980|106547|272000|451156|688942|903872|138203|273846|458666|690880|909036|143596|310682|472682|705751|931000|156786|312854|473666|716125|940148|156852|323780|474529|722216|944770|156860|324171|485410|756142|950305|156915|337157|487700|756203|950894|159316|338485|495278|769793|957493|162561|353013|501092|771388|969033|219800|357540|501615|771617|991726,True,https://myhora.com/lottery/result-01-11-2551.aspx,2008-11-01-BE2551.html
2008-10-16,ผลสลากกินแบ่งรัฐบาล งวดวันที่ 16 ตุลาคม 2551,2551,431277,6,324|526|644|648,98,431276|431278,รางวัลที่ 1 พิเศษ กลุ่มที่ 1 รางวัลละ 30 ล้านบาท ชุดที่ 15 หมายเลข 431277 กลุ่มที่ 2 รางวัลละ 16 ล้านบาท ชุดที่ 61 หมายเลข 431277,281421|344982|614680|824971|950619,080307|112052|152575|311023|940098|099802|118020|162857|767448|943875,006679|185700|394760|683645|846991|029438|210761|409129|690983|859683|042143|231402|424515|763828|898169|054537|231600|439360|795255|902626|056080|282557|497476|799132|936153|063429|302076|557599|808279|945843|129369|314357|560954|809939|946051|130356|366469|626588|811216|946834|147792|374363|643935|822733|973974|162940|382375|648589|838916|993951,009750|146219|331724|451731|748968|010988|156198|331873|463562|770349|013923|157857|348721|484121|788754|020150|166157|358918|498643|797677|022830|167020|367971|502088|803390|030070|171218|376190|506847|813840|030637|174489|376813|524296|817773|033048|194543|377760|536319|822818|038235|196207|381021|541154|840014|068183|220746|387231|542706|844173|079534|225685|392094|542847|867002|087359|243397|392781|543991|868840|089057|251205|410252|548045|882431|099113|259120|413474|597786|924544|106660|271456|424963|598797|945315|109359|278096|433485|644187|956582|120429|288787|444837|672241|972826|128653|327533|446052|686563|977470|128705|329663|446170|696094|989307|130594|330762|447422|728912|990929,True,https://myhora.com/lottery/result-16-10-2551.aspx,2008-10-16-BE2551.html
2008-10-01,ผลสลากกินแบ่งรัฐบาล งวดวันที่ 1 ตุลาคม 2551,2551,882911,6,204|302|311|395,67,882910|882912,รางวัลที่ 1 พิเศษ กลุ่มที่ 1 รางวัลละ 30 ล้านบาท ชุดที่ 19 หมายเลข 882911 กลุ่มที่ 2 รางวัลละ 16 ล้านบาท ชุดที่ 54 หมายเลข 882911,025622|061332|367139|573315|876288,021036|143714|242238|502313|626966|044914|220949|264757|581388|788755,006883|267914|392215|556684|739894|031218|282039|425794|586409|801726|049355|325995|440880|591051|811739|081899|338113|468437|654113|829139|092008|359946|477873|654353|835682|111345|372832|480617|682022|838732|148672|375765|489153|685396|850756|210837|385179|494255|697542|894938|228499|385726|503380|709866|902244|229995|391828|544780|732482|999763,006553|189693|351467|539956|787765|019052|196325|374256|542748|792331|038299|200159|379006|567823|792746|042668|200545|381400|567931|813005|057332|201031|385672|579218|821455|072857|212376|388755|585646|823005|079696|216935|391538|600757|835547|086873|218485|393569|642491|865195|092881|218851|397324|669071|872185|106523|228354|421042|672088|872515|122721|242612|446939|678164|884112|123871|251077|449884|682188|896412|147936|254510|465548|691956|902594|154713|281299|503798|698189|902831|159486|300457|510632|698200|903382|168794|300722|529045|705584|905322|168956|310646|529187|722268|905358|179311|325670|529347|740612|928998|186279|328143|532011|741656|963435|186782|347400|535123|779640|986226,True,https://myhora.com/lottery/result-01-10-2551.aspx,2008-10-01-BE2551.html
2008-09-16,ผลสลากกินแบ่งรัฐบาล งวดวันที่ 16 กันยายน 2551,2551,012377,6,378|534|557|691,56,012376|012378,รางวัลที่ 1 พิเศษ กลุ่มที่ 1 รางวัลละ 30 ล้านบาท ชุดที่ 14 หมายเลข 012377 กลุ่มที่ 2 รางวัลละ 16 ล้านบาท ชุดที่ 61 หมายเลข 012377,562166|637500|749293|752246|972908,142490|308774|366661|796727|917790|299991|345473|378965|861905|926271,024456|189089|338673|583177|883974|033706|190347|372112|596930|897227|057413|202525|396929|597702|913588|062708|237886|454972|660078|925278|096856|238442|473461|685778|937107|118560|239364|473738|700746|940343|119351|288057|496020|764496|945942|138230|289001|505079|785435|957980|143905|309923|545660|843085|977826|162000|317566|564979|859159|984158,004910|202266|453987|655144|803851|008668|223604|456143|659107|828342|023680|232435|480745|661016|839496|029812|244861|486934|676502|840087|035009|249576|487929|685720|849657|055165|260219|491110|687820|859768|067284|292192|497551|689976|864623|079332|301912|504724|724367|879255|111953|308189|509597|728330|881119|119914|336532|529539|729772|917352|124477|338866|548924|735570|923084|134969|346720|550930|739646|930166|143501|347172|571550|742172|932735|143664|355138|572202|744982|939876|144159|366858|584518|762460|953592|149439|412927|587110|778643|953734|150212|421039|588822|781114|973612|168679|429933|591311|789174|979729|168817|442926|637155|798238|993391|170426|447957|643097|800299|993845,True,https://myhora.com/lottery/result-16-09-2551.aspx,2008-09-16-BE2551.html
2008-09-01,ผลสลากกินแบ่งรัฐบาล งวดวันที่ 1 กันยายน 2551,2551,695993,6,027|206|413|904,09,695992|695994,รางวัลที่ 1 พิเศษ กลุ่มที่ 1 รางวัลละ 30 ล้านบาท ชุดที่ 12 หมายเลข 695993 กลุ่มที่ 2 รางวัลละ 16 ล้านบาท ชุดที่ 62 หมายเลข 695993,100141|166340|257676|845706|960743,152556|406260|500931|645282|905083|247380|445506|586784|897367|908585,025060|219701|359822|572711|742847|029178|239479|371296|596510|746180|040899|244174|416601|602641|754314|051937|245801|423055|622083|782521|080125|251589|429735|661318|810392|084429|255631|463062|664894|836264|125622|283550|466957|680299|867700|141409|294884|469939|700807|900425|167344|311169|475760|715827|911516|211332|344787|501507|725036|990915,012480|245512|452271|662673|806327|032872|260696|454337|664995|810504|042981|268166|455094|669031|810574|048521|289352|458028|678448|822758|054999|306649|479647|678625|849968|062343|307094|480647|681250|854589|065754|318221|487340|704999|859399|071062|334965|492061|705394|875608|071930|344938|509434|713868|881596|085807|346913|512603|723995|885742|156850|368950|514236|724008|887701|172563|401481|521829|724348|909684|177968|421102|527148|725867|915235|193172|430104|547574|727964|926155|193569|438189|550182|734790|928599|198218|438984|550227|753130|937806|213397|439440|590822|767664|959201|222120|448702|615533|787398|967807,True,https://myhora.com/lottery/result-01-09-2551.aspx,2008-09-01-BE2551.html
2008-08-16,ผลสลากกินแบ่งรัฐบาล งวดวันที่ 16 สิงหาคม 2551,2551,380377,6,161|445|457|744,36,380376|380378,รางวัลที่ 1 พิเศษ กลุ่มที่ 1 รางวัลละ 30 ล้านบาท ชุดที่ 14 หมายเลข 380377 กลุ่มที่ 2 รางวัลละ 16 ล้านบาท ชุดที่ 56 หมายเลข 380377,044951|075669|130909|789868|846233,162982|294456|574496|691974|721821|256271|463608|665973|720613|811329,079669|262979|383890|691467|883231|119261|282902|400728|701543|897537|121334|299899|403605|706799|898040|151155|304093|419996|714285|899290|160550|309467|424130|714589|908926|177226|324173|505365|715894|921290|194462|326190|561065|761563|931735|206374|333834|583113|793464|948816|232665|351591|634368|813490|968486|234830|359212|653417|876768|987608,008413|176936|375620|618103|768826|015606|202137|382139|623500|772900|023782|224352|392649|627225|775667|024253|257903|402191|637996|779549|046027|274241|403217|654900|846850|049147|281657|465001|658789|857108|051434|281832|468034|667107|865100|055327|293508|478616|668183|876054|062529|297286|491556|689019|888759|066778|297328|500168|716941|905617|067298|322557|500800|720091|909407|078858|325712|505256|721011|912137|092488|329750|509024|722517|921292|121670|336326|555457|723559|936649|137680|346622|575236|727665|943490|140144|348418|578670|735366|978907|140178|353262|582603|748330|981142|144800|365249|583291|761574|983976|175140|366563|607759|763773|998537,True,https://myhora.com/lottery/result-16-08-2551.aspx,2008-08-16-BE2551.html
2008-08-01,ผลสลากกินแบ่งรัฐบาล งวดวันที่ 1 สิงหาคม 2551,2551,850348,6,236|386|408|913,11,850347|850349,รางวัลที่ 1 พิเศษ กลุ่มที่ 1 รางวัลละ 30 ล้านบาท ชุดที่ 02 หมายเลข 850348 กลุ่มที่ 2 รางวัลละ 16 ล้านบาท ชุดที่ 56 หมายเลข 850348,248913|494135|683798|709418|801512,016680|458554|721601|811050|924154|344350|461752|774432|848650|976023,032640|189567|377061|512774|765272|052953|195148|416530|515136|821954|080111|212003|427970|537319|851070|111180|213602|437019|563234|859195|156008|239045|439072|582351|872771|161244|273454|441029|646075|932405|162414|276930|457280|683419|944222|172861|288688|481170|693843|963624|180259|308912|481348|737783|963862|189292|341436|504093|743444|994804,011910|142868|396237|576140|775231|032400|148648|398296|579424|793395|037034|149300|401358|598149|799282|050929|153246|402748|600211|802191|057016|175155|404742|601356|810505|058623|184342|406622|601930|828584|066745|193200|413530|602430|833746|072179|210879|455236|624476|867255|073447|216140|459807|627206|885192|076092|227972|466214|656368|893418|078260|228483|477263|661500|895241|083588|229842|478232|678378|896853|095897|269157|482341|680524|904401|111286|279813|484479|685384|913451|119980|307357|507888|693110|927209|120726|310852|524781|719951|948390|121465|320966|542969|733270|950549|128911|346653|551124|744049|973039|137248|356673|557872|758890|998620|139481|385012|566819|772497|999461,True,https://myhora.com/lottery/result-01-08-2551.aspx,2008-08-01-BE2551.html
2008-07-16,ผลสลากกินแบ่งรัฐบาล งวดวันที่ 16 กรกฎาคม 2551,2551,257374,6,344|401|486|576,41,257373|257375,รางวัลที่ 1 พิเศษ กลุ่มที่ 1 รางวัลละ 30 ล้านบาท ชุดที่ 28 หมายเลข 257374 กลุ่มที่ 2 รางวัลละ 16 ล้านบาท ชุดที่ 59 หมายเลข 257374,342933|401597|684568|715935|865578,037799|249499|423667|559482|725044|076072|349490|539376|607969|740008,003876|151358|340554|498906|717558|034166|172461|359946|514670|740101|034917|189392|362940|606532|742770|039455|233172|362966|642952|761011|077002|240653|363598|666415|771393|081280|245303|415530|696329|771445|112335|255142|433847|696421|847518|122560|255609|450625|700293|871233|123666|321488|459353|715643|921596|132910|339796|477671|716172|938239,000404|212521|481385|636750|803636|003174|212867|485295|685513|804373|003380|217697|488391|686815|821958|005666|222480|490581|689071|831288|012479|225650|513873|710778|848774|019877|228063|516660|715446|855076|025306|229675|527470|715561|863503|029228|238664|527826|716453|864280|034169|245248|548887|716536|868251|064265|248160|551295|719131|876607|068408|253090|560651|739205|880934|086598|253775|574745|745517|887008|091849|261742|585502|755075|890036|095442|312792|588835|757720|941184|101024|328984|598387|766658|950502|106155|346670|598948|774830|959260|127173|365952|599207|780767|960039|137885|460128|599836|785761|970260|141836|470765|619458|788373|976755|167457|470832|634470|802986|996447,True,https://myhora.com/lottery/result-16-07-2551.aspx,2008-07-16-BE2551.html
2008-07-01,ผลสลากกินแบ่งรัฐบาล งวดวันที่ 1 กรกฎาคม 2551,2551,943671,6,096|287|490|523,50,943670|943672,รางวัลที่ 1 พิเศษ กลุ่มที่ 1 รางวัลละ 30 ล้านบาท ชุดที่ 22 หมายเลข 943671 กลุ่มที่ 2 รางวัลละ 16 ล้านบาท ชุดที่ 63 หมายเลข 943671,022606|101572|456836|642100|870893,121965|151077|539786|697384|828136|140058|357627|572155|800920|846222,008791|221446|376828|649914|847462|009954|252905|387151|655953|863307|037474|285784|424926|687800|874784|041208|291620|429384|703524|879743|045935|301573|432818|732315|888146|051949|316666|450921|737392|901608|131093|346729|482071|779914|911787|131323|353795|486737|797412|963661|173763|368473|541271|821808|978942|185678|375345|635719|827287|986013,002471|196050|382462|628671|815958|022633|201725|385822|632118|820110|032282|217574|399172|647921|821169|043701|229452|409349|654562|826413|047823|233473|416437|664453|843934|060949|236115|419317|667135|871907|073868|238979|421481|669060|884562|081949|244857|436943|675023|919993|089481|249538|438946|682017|942911|121746|259769|445605|683291|947435|121819|276992|447665|689873|950088|125664|285943|488902|713884|953399|132644|290702|505355|716706|962047|145089|317609|505615|729269|965473|150655|320832|510602|748680|974233|155483|333517|536785|753276|975252|173327|337788|578688|756919|990593|181189|337842|585462|761008|993343|185700|344222|617322|778905|993396|188609|360652|623040|785128|993765,True,https://myhora.com/lottery/result-01-07-2551.aspx,2008-07-01-BE2551.html
2008-06-16,ผลสลากกินแบ่งรัฐบาล งวดวันที่ 16 มิถุนายน 2551,2551,729111,6,339|345|639|870,75,729110|729112,รางวัลที่ 1 พิเศษ กลุ่มที่ 1 รางวัลละ 30 ล้านบาท ชุดที่ 19 หมายเลข 729111 กลุ่มที่ 2 รางวัลละ 16 ล้านบาท ชุดที่ 60 หมายเลข 729111,081900|232624|349988|819218|888329,150351|521460|621155|793413|978589|417694|533337|693845|797241|994894,013539|203822|385772|605932|849258|047628|211969|395489|615159|852261|057030|224948|422235|637481|863189|100808|232787|428609|697436|864889|120685|255101|430361|747959|884765|139227|265078|456096|749399|931045|144879|277056|515127|808768|954956|168691|282638|553822|810178|962996|169831|283771|568260|830246|967704|182674|332418|579565|844143|999750,000443|249001|405432|646027|821566|005595|249822|408744|654041|830401|021343|261234|419144|661091|830435|088809|271663|467182|661568|837906|107150|275156|473095|664327|839283|122211|281314|481804|679290|853342|123586|281854|494869|695840|899632|130017|283234|495397|709904|902493|137359|289644|502032|713562|911999|175796|291706|518287|722755|918166|178565|295796|531508|725845|922274|181035|296170|534881|736796|928214|186511|299194|538844|740943|935862|192116|304717|566470|747506|958063|209022|315198|600946|757248|958816|213113|327847|604154|785898|960517|216272|342363|618535|787359|968142|220099|361371|629482|797901|979639|220743|390197|629811|799906|987536|247917|393166|632493|820136|994844,True,https://myhora.com/lottery/result-16-06-2551.aspx,2008-06-16-BE2551.html
2008-06-01,ผลสลากกินแบ่งรัฐบาล งวดวันที่ 1 มิถุนายน 2551,2551,414875,6,370|666|747|916,35,414874|414876,รางวัลที่ 1 พิเศษ กลุ่มที่ 1 รางวัลละ 30 ล้านบาท ชุดที่ 23 หมายเลข 414875 กลุ่มที่ 2 รางวัลละ 16 ล้านบาท ชุดที่ 62 หมายเลข 414875,096634|233468|481670|605926|725389,064672|123200|507294|602748|737884|066623|245659|565864|695436|920486,030103|196157|290074|510064|779210|031218|197335|300801|635457|782808|034418|213634|304482|661031|807784|048290|221153|349833|680954|850876|069026|221956|367419|683021|854149|070000|240954|376197|692788|860906|115161|255425|406552|696111|872592|139477|258817|416318|698255|896621|170442|276939|441003|700592|900392|180475|285604|471719|736639|932591,006094|200667|409480|624009|853599|008333|208752|410592|637300|858016|019781|245451|425521|653301|860052|029365|255127|428029|653385|860138|049939|270122|430814|659065|861718|055261|270493|432978|665107|874808|058317|297319|439052|672129|875360|059793|311023|439861|689114|880572|062733|313694|460082|698343|887884|071297|320336|465137|699973|889358|077223|323047|469710|712854|902287|086272|327935|495856|727034|904444|093815|340136|510249|735733|906172|098147|353437|523196|745314|918414|144179|353823|528558|763560|940808|144940|362971|562151|767132|948317|148016|369766|569208|771689|959823|155953|375953|607594|776539|960501|162390|394497|611141|811909|968614|197353|397624|621510|842630|988573,True,https://myhora.com/lottery/result-01-06-2551.aspx,2008-06-01-BE2551.html
2008-05-16,ผลสลากกินแบ่งรัฐบาล งวดวันที่ 16 พฤษภาคม 2551,2551,329231,6,120|193|214|355,69,329230|329232,รางวัลที่ 1 พิเศษ กลุ่มที่ 1 รางวัลละ 30 ล้านบาท ชุดที่ 17 หมายเลข 329231 กลุ่มที่ 2 รางวัลละ 16 ล้านบาท ชุดที่ 54 หมายเลข 329231,018455|020460|051006|457024|494700,054263|320335|502409|723411|828900|227831|452805|526105|816163|993013,016924|226972|402938|650988|831384|039345|252671|434733|730188|866917|095482|257148|477430|741562|878207|108132|312065|502584|756173|908402|123943|318855|507774|778899|915603|130586|330146|508082|784477|926269|133194|332195|546492|795427|935946|134478|383177|561961|800459|954888|147631|385511|567746|807665|982252|172391|391182|612984|811272|992520,007622|225512|426157|574063|865134|009417|244135|426452|635000|870098|018298|251075|441550|637013|876164|024912|266335|445927|646869|885541|048983|266599|457734|648545|887512|093734|268855|459620|705847|895809|105261|271968|460050|709785|906356|105370|290046|462296|715812|912037|110990|298205|465999|716921|913718|121508|337237|469409|732473|920570|124279|346608|471241|735748|931043|141000|353260|496093|736767|951244|144873|364880|500188|737705|959066|164325|370891|515470|775442|963310|165543|372272|519461|779551|964558|185179|375820|523507|783042|968836|191898|386125|524227|787024|981186|200638|397154|528733|790766|981726|206094|409552|539347|799533|985593|216130|425349|557685|824948|994501,True,https://myhora.com/lottery/result-16-05-2551.aspx,2008-05-16-BE2551.html
2008-05-02,ผลสลากกินแบ่งรัฐบาล งวดวันที่,2551,453011,6,,,,,,,,,False,https://myhora.com/lottery/result-02-05-2551.aspx,2008-05-02-BE2551.html
2008-04-16,ผลสลากกินแบ่งรัฐบาล งวดวันที่ 16 เมษายน 2551,2551,982800,6,008|043|584|802,64,982801|982799,รางวัลที่ 1 พิเศษ กลุ่มที่ 1 รางวัลละ 30 ล้านบาท ชุดที่ 11 หมายเลข 982800 กลุ่มที่ 2 รางวัลละ 16 ล้านบาท ชุดที่ 60 หมายเลข 982800,150056|307485|623373|772113|983890,043089|112855|324196|441536|603436|055612|194447|374313|590647|913450,020987|193425|402092|541798|781634|045380|256122|409359|598625|795299|047598|257701|415338|616632|796356|082633|282422|439335|619377|824146|085001|302960|440133|630136|826081|098311|314718|448190|658054|827955|103878|329169|457069|669365|853300|121307|379534|478254|725552|884500|126954|396641|505912|747019|906637|185771|401630|528219|765941|945977,011112|221017|376785|565173|779273|045443|224066|383552|610942|787497|058013|231675|388418|614192|789713|062453|260377|401252|616836|790600|071752|268589|402465|659083|794414|079272|273350|408528|669743|813715|084757|277049|442345|671456|832331|091199|295794|447202|672611|834098|095570|302895|456387|673059|848001|136876|306287|466667|676303|850346|142531|306530|488196|677844|851561|152396|323922|490511|683095|853188|163372|328924|503566|696541|886344|171915|335448|512249|705355|907155|188079|342841|541371|712258|909803|196855|347506|544624|735142|917900|202204|347785|545952|741648|926331|216482|357944|549118|743084|944110|218593|361953|551180|757616|944735|218937|370303|564963|758845|990155,True,https://myhora.com/lottery/result-16-04-2551.aspx,2008-04-16-BE2551.html
2008-04-01,ผลสลากกินแบ่งรัฐบาล งวดวันที่ 1 เมษายน 2551,2551,012653,6,124|195|200|586,71,012652|012654,รางวัลที่ 1 พิเศษ กลุ่มที่ 1 รางวัลละ 30 ล้านบาท ชุดที่ 29 หมายเลข 012653 กลุ่มที่ 2 รางวัลละ 16 ล้านบาท ชุดที่ 63 หมายเลข 012653,135506|594608|600082|602041|769902,013666|054925|379450|427280|812496|027971|354949|382713|587290|868646,013376|175593|369029|732592|851828|021605|204109|462334|734285|860375|026309|227742|478769|739801|868067|028527|231134|546658|755221|896598|030932|251066|552197|760814|923866|034843|269981|580044|765591|928242|084755|277432|586936|811046|934136|101064|333949|607267|827160|959643|128099|342564|634047|841225|976984|157226|363079|647043|848937|980981,000284|201494|426411|681855|800297|009113|202337|443954|685439|816022|025666|223535|469583|699985|829171|025800|249861|473250|703509|848906|029514|256333|474796|708408|855861|042736|261946|475436|712554|856670|044229|279128|489425|712609|861416|052675|284672|508173|713309|867169|063605|305742|511288|731324|868537|067988|312962|522591|732787|889157|076183|330015|531272|737538|920711|088762|341642|534357|745183|922016|094630|355348|539007|746000|922379|106287|356254|539888|756578|926387|108004|359915|547529|762292|931955|112146|380353|560838|765049|942802|135089|385953|567586|783337|949515|160334|394144|573977|795431|979794|179628|394183|574153|797392|981235|199398|399385|654925|799202|990558,True,https://myhora.com/lottery/result-01-04-2551.aspx,2008-04-01-BE2551.html
2008-03-16,ผลสลากกินแบ่งรัฐบาล งวดวันที่ 16 มีนาคม 2551,2551,074946,6,077|085|158|974,33,074945|074947,รางวัลที่ 1 พิเศษ กลุ่มที่ 1 รางวัลละ 30 ล้านบาท ชุดที่ 13 หมายเลข 074946 กลุ่มที่ 2 รางวัลละ 16 ล้านบาท ชุดที่ 55 หมายเลข 074946,164438|167700|298758|652395|742304,121947|231975|259577|339022|463877|127079|233780|284571|381825|518500,011669|238224|397752|550416|878266|038664|250629|400543|712681|888404|115572|252517|410971|716619|888652|132339|265384|416274|724104|890260|151044|295017|422415|762528|913022|165858|299253|477256|789251|927517|174568|375062|479681|810989|930295|175064|388621|480154|833924|952408|190776|390040|490788|848542|975574|220660|394864|549205|867998|988811,008910|186102|363722|565127|744502|009310|187469|368124|570145|752403|012802|189554|371647|575585|754608|013682|189630|375191|591802|759260|021137|191366|390461|593414|767682|052851|192642|430473|608168|799455|056013|220609|435226|611552|801912|085030|222439|454644|614179|827284|094177|232635|469309|623782|836196|103706|239299|470352|648098|872173|108164|240702|471339|660459|873494|109325|258387|510256|666273|876255|115772|280101|529403|667248|886177|138979|288157|540568|677768|888539|146631|293470|541095|678368|911397|148302|311292|549167|686688|916828|164652|326140|552308|693955|948957|169272|333332|558243|711954|954185|170429|333337|558688|727763|976505|180532|362907|564191|743530|999661,True,https://myhora.com/lottery/result-16-03-2551.aspx,2008-03-16-BE2551.html
2008-03-01,ผลสลากกินแบ่งรัฐบาล งวดวันที่ 1 มีนาคม 2551,2551,936685,6,056|085|371|691,05,936684|936686,รางวัลที่ 1 พิเศษ กลุ่มที่ 1 รางวัลละ 30 ล้านบาท ชุดที่ 22 หมายเลข 936685 กลุ่มที่ 2 รางวัลละ 16 ล้านบาท ชุดที่ 60 หมายเลข 936685,036610|461812|468326|925656|949383,063642|305520|418879|631450|835549|259261|396448|490787|754519|847908,003509|164608|387309|636865|862614|017631|182171|417643|684055|868604|021263|184028|425968|696929|876386|034223|202390|491450|713672|883537|092318|210941|544108|730226|888835|103098|253692|549050|733041|939671|103961|255877|584545|736033|939914|114759|269701|594643|736951|969913|128362|277608|622619|828680|985092|163446|386322|628964|836252|995299,000761|190046|399698|556894|841240|001841|203999|400513|562203|849813|003169|206506|418038|583156|855840|004783|239107|430636|593546|859015|033566|250119|437651|630283|863475|040971|257230|437719|643325|875287|048789|261600|440855|651360|889284|049364|288304|457695|672957|892649|067437|289149|458402|673699|894493|081312|290084|465079|707842|923570|108562|297815|481712|715711|934524|117656|307510|485396|724401|938243|126069|311068|486373|737033|946542|131822|312051|489093|750781|948616|136646|314856|501884|769859|952451|139477|318397|509755|774570|958108|139610|324414|526452|782778|960058|146111|344657|534312|793930|962187|161659|352033|536715|798279|973917|162764|365711|538030|801999|990757,True,https://myhora.com/lottery/result-01-03-2551.aspx,2008-03-01-BE2551.html
2008-02-16,ผลสลากกินแบ่งรัฐบาล งวดวันที่ 16 กุมภาพันธ์ 2551,2551,137054,6,344|512|630|892,80,137053|137055,รางวัลที่ 1 พิเศษ กลุ่มที่ 1 รางวัลละ 30 ล้านบาท ชุดที่ 24 หมายเลข 137054 กลุ่มที่ 2 รางวัลละ 16 ล้านบาท ชุดที่ 57 หมายเลข 137054,121350|382340|636700|852781|895660,031362|160005|418154|564885|766634|058739|342122|457652|601264|991525,010557|278009|415687|613485|811633|035028|280374|437085|616081|822682|088249|294766|450689|696078|840313|226568|327074|464933|703597|860177|233388|328095|467385|725142|877266|246116|334979|516273|768307|907552|254935|336784|526304|776919|928077|255326|343880|536707|797254|966293|267153|380973|561457|801211|970264|275055|413856|566679|805806|989587,001496|198628|347296|576192|832300|019378|203676|348058|615330|845597|021267|211510|370386|641800|848269|039326|226706|385476|650633|888742|053694|241453|398065|655669|890087|059746|253410|402179|663751|893295|072510|262140|423140|686031|905415|087450|273819|430009|725625|907567|087779|284200|436510|735569|909417|111838|294448|436721|753127|910078|122409|311017|437694|756828|914813|127530|311608|440297|757975|928530|128849|312928|450452|763384|941150|130382|314399|465450|767404|947159|135208|317066|493260|780510|958036|135956|327047|493723|799843|964152|156971|327636|526542|804274|965967|171995|333706|547859|808576|970376|195942|336340|556656|816804|973390|197139|340706|563147|826752|976228,True,https://myhora.com/lottery/result-16-02-2551.aspx,2008-02-16-BE2551.html
2008-02-01,ผลสลากกินแบ่งรัฐบาล งวดวันที่ 1 กุมภาพันธ์ 2551,2551,212684,6,311|472|732|796,26,212683|212685,รางวัลที่ 1 พิเศษ กลุ่มที่ 1 รางวัลละ 30 ล้านบาท ชุดที่ 28 หมายเลข 212684 กลุ่มที่ 2 รางวัลละ 16 ล้านบาท ชุดที่ 66 หมายเลข 212684,141994|178839|280031|494946|690715,120195|277212|674628|713229|854543|160954|530379|677649|784679|967670,009048|240005|431628|595435|770119|024745|242933|433700|596018|770529|046717|261446|445968|641606|783217|139077|265662|457435|644786|840857|157712|293838|470375|664760|845608|161516|315696|517747|698998|862985|175520|353086|522639|700408|939519|178737|367973|547573|736864|942594|191803|374475|555859|748866|958533|227758|412654|569939|751662|973186,019394|221388|358280|586293|721310|039222|224352|366080|601758|722281|042573|230685|371986|615574|730264|044172|231235|380504|622684|734382|045587|237360|397442|626618|740433|048105|237864|415332|635635|748106|095342|238480|422611|653153|758457|097011|250658|430640|658560|776867|097685|254998|449429|665101|780009|102704|265628|453428|676369|801913|106068|285211|456150|676857|820714|132279|294194|476899|682995|822837|136339|295938|503650|683095|832870|143981|300378|538506|684149|837458|155783|306180|546466|689141|844697|174749|309134|549111|691540|860882|195313|330767|553122|695059|867098|197468|354199|555697|704762|891918|201988|355849|558178|705885|947118|216924|355884|571842|714079|971788,True,https://myhora.com/lottery/result-01-02-2551.aspx,2008-02-01-BE2551.html
2008-01-16,ผลสลากกินแบ่งรัฐบาล งวดวันที่ 16 มกราคม 2551,2551,556010,6,413|548|942|965,81,556011|556009,รางวัลที่ 1 พิเศษ กลุ่มที่ 1 รางวัลละ 30 ล้านบาท ชุดที่ 19 หมายเลข 556010 กลุ่มที่ 2 รางวัลละ 16 ล้านบาท ชุดที่ 57 หมายเลข 556010,202050|225627|403619|452222|600007,042455|441894|710785|897405|926806|278838|555549|865973|911632|956459,003879|181812|405429|596679|843043|011200|183136|418860|600336|886393|032784|210490|448402|613371|886934|039320|212364|494983|655093|895232|048622|218770|496771|690072|928473|070976|227241|521467|723905|929398|087215|229950|566881|780145|931536|099526|377657|578760|812227|964802|128568|382334|588707|813554|976924|138343|387494|595362|837712|983884,000665|190875|433934|584689|800916|019190|206241|447036|586489|810400|020480|211733|449829|589011|837525|023470|227616|470033|592152|848987|024051|252327|487525|593089|856997|046642|276900|499626|597701|866115|049260|283280|505293|604824|874164|053668|283966|516001|637322|877429|054914|289271|516208|645534|882402|081540|307925|525459|647431|906809|088973|308706|525796|663755|909533|090451|325848|526358|670397|916937|097480|367285|528665|676200|957808|102053|396296|529280|688867|977456|113990|396823|533980|694545|977574|123224|400355|535908|709155|983268|128904|413769|538525|715510|987625|136588|417253|569142|725663|988835|138627|422668|576817|745224|989666|156802|433113|581985|764817|994328,True,https://myhora.com/lottery/result-16-01-2551.aspx,2008-01-16-BE2551.html
2007-12-30,ผลสลากกินแบ่งรัฐบาล งวดวันที่ 30 ธันวาคม 2550,2550,595411,6,267|490|741|787,81,159541|595412,รางวัลที่ 1 พิเศษ กลุ่มที่ 1 รางวัลละ 30 ล้านบาท ชุดที่ 17 หมายเลข 595411 กลุ่มที่ 2 รางวัลละ 16 ล้านบาท ชุดที่ 53 หมายเลข 595411,096352|475790|554026|640389|664166,068426|433775|601089|670767|911213|281618|544761|627242|905828|937016,000627|289654|388066|594169|692395|070197|298722|389478|604751|785367|087623|300890|414854|609466|835662|109899|314213|420235|609620|848485|145378|327313|420702|612484|900920|221989|332900|479388|612669|910833|239631|336065|527205|645009|947664|244419|344497|527270|669702|947832|266700|359930|543238|687804|968720|279503|364559|587551|690796|981806,012305|160130|411840|636378|776677|021380|164327|420981|639722|776839|044171|187799|434561|655439|779242|044286|196259|453810|666683|785849|047152|199796|472581|681078|807469|052034|205810|475049|703853|814166|064647|211950|483284|706274|817802|069786|228294|506051|707455|819453|074586|248154|512616|709881|857069|081222|263404|514568|715677|863832|090655|271074|518594|729871|865080|100509|283212|523140|731173|877602|111009|299927|549139|740213|880051|113884|302585|558436|740260|893583|121723|328945|571121|745919|900874|124773|346084|574152|747068|926511|139360|372102|605770|754814|928981|142285|389837|609526|760967|965838|142983|400652|625954|768785|985789|146287|401804|626473|771707|995125,True,https://myhora.com/lottery/result-30-12-2550.aspx,2007-12-30-BE2550.html
2007-12-16,ผลสลากกินแบ่งรัฐบาล งวดวันที่ 16 ธันวาคม 2550,2550,513501,6,425|432|460|702,96,151350|513502,รางวัลที่ 1 พิเศษ กลุ่มที่ 1 รางวัลละ 30 ล้านบาท ชุดที่ 18 หมายเลข 513501 กลุ่มที่ 2 รางวัลละ 16 ล้านบาท ชุดที่ 58 หมายเลข 513501,516782|605291|725318|839197|865606,044626|198394|403764|476951|571813|121098|357888|439671|568590|911261,000251|151974|300213|534933|848466|003438|184397|304575|566963|900891|038845|232776|336147|575822|903216|039350|251030|345125|635644|930038|063963|252474|359040|658524|939659|078378|258369|374233|688066|942741|081563|260385|377695|705177|962272|089479|267342|382050|714371|973495|090525|268875|467596|761063|988431|113990|292358|475008|806897|996457,023535|199101|402176|622275|777709|025376|206189|403381|638153|790048|031543|206648|426174|640597|799497|034568|236533|434339|642535|809896|041889|252428|444399|643602|817228|043382|257386|445981|648338|834205|045061|265268|451903|648386|898382|045530|266703|460922|666548|912656|063861|267814|467774|670083|912914|069224|269730|481725|672053|926406|076232|286995|511196|678244|929214|097377|299914|511658|680541|930548|101468|309537|516066|684376|941123|106227|338908|555287|700751|941382|112620|344812|568709|713668|941552|126564|366039|579491|719907|965057|135278|368492|580620|720108|965560|142461|372801|585887|730093|972535|150429|378516|599325|738598|996120|170698|383158|616969|757638|999978,True,https://myhora.com/lottery/result-16-12-2550.aspx,2007-12-16-BE2550.html
2007-12-01,ผลสลากกินแบ่งรัฐบาล งวดวันที่ 1 ธันวาคม 2550,2550,113410,6,418|485|627|659,18,113409|113411,รางวัลที่ 1 พิเศษ กลุ่มที่ 1 รางวัลละ 30 ล้านบาท ชุดที่ 07 หมายเลข 113410 กลุ่มที่ 2 รางวัลละ 16 ล้านบาท ชุดที่ 59 หมายเลข 113410,649320|730224|775857|809782|916738,071443|165883|355375|391620|833247|151772|273768|369190|421744|982277,128613|212667|379875|561992|788943|131148|213091|388579|567147|815943|140843|267183|393926|598388|852268|147695|285312|401386|632425|855902|158012|286396|442808|636254|859656|166031|287909|471803|663928|888954|166545|293750|480545|672735|909567|198826|300508|496521|740146|921725|203869|302757|544231|751903|926377|212614|374693|561909|760279|941622,016676|171415|367091|614308|796093|040926|172040|367974|620618|796512|045739|174539|379014|631494|805345|052128|181086|393686|633943|823134|053942|187428|398703|650539|825964|063104|197785|400241|656561|871309|083371|226817|422873|661112|876162|087468|237699|461349|664525|884986|088360|271069|476734|673082|903012|107757|283707|492397|673949|914648|123707|320273|496595|674767|924925|124131|321583|521320|677177|947467|127058|321810|525977|677542|948890|127641|323782|532030|686749|963722|130283|325253|590568|706382|979309|132472|332634|592875|707442|984033|148445|344837|598982|718220|985541|155659|363241|600140|721175|988191|161643|363692|601569|740960|991813|164642|366730|612039|775377|996768,True,https://myhora.com/lottery/result-01-12-2550.aspx,2007-12-01-BE2550.html
2007-11-16,ผลสลากกินแบ่งรัฐบาล งวดวันที่ 16 พฤศจิกายน 2550,2550,562481,6,130|198|752|844,73,156248|562482,รางวัลที่ 1 พิเศษ กลุ่มที่ 1 รางวัลละ 30 ล้านบาท ชุดที่ 14 หมายเลข 562481 กลุ่มที่ 2 รางวัลละ 16 ล้านบาท ชุดที่ 55 หมายเลข 562481,199369|336120|355842|612981|953231,110918|185833|291944|506406|836000|162874|282748|460561|578120|873367,078107|233415|432240|657202|754595|111851|248274|445423|675822|795914|117601|254017|468868|696858|822851|146349|265138|499135|716672|829864|186249|347515|518597|717699|843708|193019|349074|559629|726346|853399|200507|387770|567012|734881|871108|205455|390088|600053|749400|938242|222715|414328|638920|751451|977964|225726|432232|646689|751939|992752,010208|329808|515861|702107|902075|013299|336541|530632|705987|907804|014050|344503|544720|716210|909698|031730|373997|552828|736798|932347|044543|381955|556799|747618|933473|054358|399221|564379|754085|939992|059813|400969|568084|756493|940234|065240|403309|570047|776078|942706|069880|419379|570550|779154|948959|116467|420149|573219|808212|949749|131807|436036|583174|813887|951130|143184|436191|592677|817901|951223|152349|450614|611905|830807|951931|178913|471201|621898|837054|957876|191565|471997|649476|840576|965699|230688|472968|653827|856659|974753|234904|484315|657751|861233|987423|251885|486426|680370|868134|992543|272354|492386|687058|872442|995818|318661|496482|696792|882174|996454,True,https://myhora.com/lottery/result-16-11-2550.aspx,2007-11-16-BE2550.html
2007-11-01,ผลสลากกินแบ่งรัฐบาล งวดวันที่ 1 พฤศจิกายน 2550,2550,927907,6,213|277|524|648,88,192790|927908,รางวัลที่ 1 พิเศษ กลุ่มที่ 1 รางวัลละ 30 ล้านบาท ชุดที่ 12 หมายเลข 927907 กลุ่มที่ 2 รางวัลละ 16 ล้านบาท ชุดที่ 53 หมายเลข 927907,022019|297392|307599|391781|533515,011886|322133|609474|726093|755791|152808|324666|633274|750887|848203,023097|135025|368481|522701|765846|024917|148336|388247|597177|780092|059859|148774|388500|604598|790334|069661|171857|415369|627192|817338|078425|193799|423703|629508|882248|090595|250061|424900|654166|917568|099798|289024|441618|654325|929536|110752|308458|454459|695677|950978|113662|310437|470209|719608|958408|131288|346874|519306|731644|962830,003776|199593|460112|655120|855505|010490|200853|485915|665114|863449|011165|226113|496469|667736|867218|075551|227571|512022|680542|871891|078512|235117|517053|683040|885102|088499|240644|521187|684738|908571|097587|296323|536917|687805|909672|098127|308013|561411|689031|910482|103075|345320|566827|705233|912379|117173|345969|573186|712974|917586|128817|359554|588595|730603|918257|136505|362273|598624|745324|929528|143388|377896|601512|748362|931779|146865|384409|609289|752904|933805|149028|384449|611044|770584|939463|149701|401644|626370|804393|964115|156198|402458|631793|806641|969305|159955|433649|638575|807624|978116|183745|437336|639535|811354|984394|185421|450012|650253|814372|988309,True,https://myhora.com/lottery/result-01-11-2550.aspx,2007-11-01-BE2550.html
2007-10-16,ผลสลากกินแบ่งรัฐบาล งวดวันที่ 16 ตุลาคม 2550,2550,032988,6,158|663|685|846,48,103298|032989,รางวัลที่ 1 พิเศษ กลุ่มที่ 1 รางวัลละ 30 ล้านบาท ชุดที่ 30 หมายเลข 032988 กลุ่มที่ 2 รางวัลละ 16 ล้านบาท ชุดที่ 61 หมายเลข 032988,205817|249853|280278|658543|661597,002589|220980|300384|581249|757581|040229|267895|303461|678984|960638,066717|211022|472364|691355|845840|071628|220993|477362|716725|845946|080463|230276|479292|734001|875258|105301|237179|482041|752927|892669|131041|243426|488108|781530|903168|150884|291184|598532|785681|920515|158348|426322|634145|823364|949363|187183|441983|641337|824166|989425|190237|444535|645028|825453|990474|208303|456785|659756|845657|995262,015416|243864|409629|589208|809529|018855|247813|411067|598532|822661|021355|247912|417504|606114|828640|028135|252996|433139|621160|829536|074524|262177|444411|627677|830596|089207|268136|445822|634869|879259|111203|272581|452513|642955|882439|115791|279439|460043|643405|887267|122543|289103|461247|657989|896361|126347|302327|479531|690660|905935|156815|305548|497949|700852|911048|160864|318286|513086|746888|923553|162770|327070|521143|752272|936694|179148|355833|524843|762808|953833|185923|371218|534077|778502|964053|197200|387129|550259|783762|965464|199959|398062|575286|787652|976153|218104|400525|576119|791874|980051|219541|403633|576502|792482|993195|226258|405910|586163|800258|995898,True,https://myhora.com/lottery/result-16-10-2550.aspx,2007-10-16-BE2550.html
2007-10-01,ผลสลากกินแบ่งรัฐบาล งวดวันที่ 1 ตุลาคม 2550,2550,430667,6,090|104|126|667,76,430666|430668,รางวัลที่ 1 พิเศษ กลุ่มที่ 1 รางวัลละ 30 ล้านบาท ชุดที่ 08 หมายเลข 430667 กลุ่มที่ 2 รางวัลละ 16 ล้านบาท ชุดที่ 57 หมายเลข 430667,006124|015387|512579|687471|808648,022422|317639|412561|703135|930359|297380|376253|599842|780665|996901,028264|355142|464745|638717|804572|082381|358021|497756|646830|809659|100494|382932|571175|662351|809722|121569|388120|580290|666273|820739|154036|392994|582738|684060|826853|180746|404245|598998|698694|843739|203177|421926|611849|718350|880947|216671|432665|614140|738086|922286|243722|452127|627639|767029|928235|272130|458075|630464|774716|949873,000368|173818|425317|595408|819317|004355|189971|429646|601574|819833|004455|194148|441116|618830|834762|023966|202125|454568|625621|836858|030172|205735|463895|647539|838609|032936|206265|464291|663620|842343|033506|217180|468152|672516|858394|050607|219556|468636|682141|862821|105672|248475|471093|683367|864469|105765|252864|471183|710962|873507|110741|259636|472655|716671|880923|117977|288819|479740|760656|886942|123579|293683|484152|775320|888012|126669|298355|512135|781571|898518|151487|300895|514517|785890|906488|155448|340042|515312|794295|906726|158101|348998|552290|800976|943199|158236|355668|552383|803596|953187|163385|361497|576964|807179|971390|166443|389536|585961|808610|978375,True,https://myhora.com/lottery/result-01-10-2550.aspx,2007-10-01-BE2550.html
2007-09-16,ผลสลากกินแบ่งรัฐบาล งวดวันที่ 16 กันยายน 2550,2550,499336,6,247|273|604|608,45,499335|499337,รางวัลที่ 1 พิเศษ กลุ่มที่ 1 รางวัลละ 30 ล้านบาท ชุดที่ 19 หมายเลข 499336 กลุ่มที่ 2 รางวัลละ 16 ล้านบาท ชุดที่ 58 หมายเลข 499336,001292|173159|197282|432873|898540,037505|110027|352813|527459|681025|059588|241159|356628|543347|797084,015441|231032|372908|552981|747095|016755|270621|379502|618618|773606|024688|271960|480165|622688|803000|069118|276386|480309|625193|824001|139446|283902|483642|628273|881902|146580|283946|484261|633228|902784|155927|304573|486446|640732|932848|187270|321818|503565|655738|960063|216538|340414|534693|705827|962908|220859|363738|546287|706467|988716,035875|259467|437978|571542|767538|055176|272262|461656|595658|783316|062722|291044|462321|605785|792399|075119|325978|494671|618570|794068|098727|349634|495364|629302|809737|103296|361311|514355|640475|820828|106043|368014|521556|646318|828695|122396|376158|524439|648489|830060|135883|383035|531366|660362|842129|139929|389459|535224|667887|857971|150747|394254|538695|683865|860492|157556|402032|539709|699183|870907|190352|406879|540182|699481|880965|216809|407782|547938|708147|889513|218761|408234|548594|711543|891309|221382|414574|563887|711732|893025|233109|418777|567193|712761|903567|236605|425475|568553|719960|943489|248343|425633|569922|729975|981157|254749|427974|570971|745105|983561,True,https://myhora.com/lottery/result-16-09-2550.aspx,2007-09-16-BE2550.html
2007-09-01,ผลสลากกินแบ่งรัฐบาล งวดวันที่ 1 กันยายน 2550,2550,331810,6,293|505|518|520,69,331809|331811,รางวัลที่ 1 พิเศษ กลุ่มที่ 1 รางวัลละ 30 ล้านบาท ชุดที่ 25 หมายเลข 331810 กลุ่มที่ 2 รางวัลละ 16 ล้านบาท ชุดที่ 65 หมายเลข 331810,032855|201173|468006|596982|829622,065853|205126|302340|591667|869741|108866|235925|318755|723637|873253,014549|166475|462556|697912|807623|045407|186449|472000|707437|810452|046435|262207|488710|731812|824460|069834|278890|493826|733084|841770|083637|281567|504037|735290|849424|099505|289428|510983|761431|888214|106412|323823|513714|765130|896983|126204|352664|558961|767516|947156|138174|387013|578882|783877|969177|149911|457641|642285|794574|987226,034296|262523|398797|625325|812969|044713|263783|398900|646665|827581|048103|266142|406055|652920|843373|064031|274984|414275|654522|892187|067414|278338|424318|660184|894287|084459|285467|439678|662743|894832|085958|298931|478782|672976|895213|094589|339877|491521|678423|896351|104562|348158|493983|693306|901697|109929|350012|499684|699976|908679|116973|360380|514985|723941|921373|123934|375038|543638|728138|926461|135861|376810|552117|751504|956584|140826|378912|556600|756156|960529|149125|379894|557057|775485|969204|171867|380521|561621|779967|978720|172155|380935|585666|789646|978889|204269|386100|589643|798027|986455|209468|386304|606405|804256|992178|244533|394411|625114|807321|997252,True,https://myhora.com/lottery/result-01-09-2550.aspx,2007-09-01-BE2550.html
2007-08-16,ผลสลากกินแบ่งรัฐบาล งวดวันที่ 16 สิงหาคม 2550,2550,476207,6,234|236|312|424,93,476206|476208,รางวัลที่ 1 พิเศษ กลุ่มที่ 1 รางวัลละ 30 ล้านบาท ชุดที่ 02 หมายเลข 476207 กลุ่มที่ 2 รางวัลละ 16 ล้านบาท ชุดที่ 60 หมายเลข 476207,143757|397183|535831|567679|727010,031561|554307|581109|626686|934557|221473|565189|620614|860334|978246,003445|262865|402539|547039|767197|121584|280642|412069|569421|772832|127286|290903|424496|626334|805274|140357|303870|441479|628315|828454|149360|306575|460756|660645|838551|171283|323047|469165|742878|879166|185283|353599|480408|745069|897567|236288|354307|485060|754377|945595|236903|365345|526969|758573|987746|241774|368189|538003|765910|991105,002564|201625|328753|563282|755795|004252|232863|348181|564291|757277|016134|252487|349192|567971|764728|041062|257916|363960|594547|769630|043318|261053|372392|595473|771235|063952|266120|376490|598778|789040|095438|267047|380482|600554|808860|098915|267127|384371|601489|839892|100345|269497|387665|619635|851046|111364|275064|389763|630152|858926|116349|289663|408805|676257|867771|130246|293945|413608|680194|895261|133427|299207|415852|688900|900697|136187|300386|429241|704763|913050|137066|300412|431746|709490|914323|139704|303130|456506|716470|925171|148259|304998|487069|721272|933926|159588|307606|489801|729124|943150|162187|317995|528981|740176|954829|174263|327305|560824|751135|965407,True,https://myhora.com/lottery/result-16-08-2550.aspx,2007-08-16-BE2550.html
2007-08-01,ผลสลากกินแบ่งรัฐบาล งวดวันที่ 1 สิงหาคม 2550,2550,429924,6,006|048|885|962,29,429923|429925,รางวัลที่ 1 พิเศษ กลุ่มที่ 1 รางวัลละ 30 ล้านบาท ชุดที่ 02 หมายเลข 429924 กลุ่มที่ 2 รางวัลละ 16 ล้านบาท ชุดที่ 60 หมายเลข 429924,078456|324010|329322|843141|988774,110266|429048|570632|713063|922646|424552|539608|651334|797276|925945,001574|174084|411589|538755|742348|003990|177779|428215|556050|743389|049118|192910|432237|569011|781998|071504|211568|438181|571297|840558|073518|250628|457975|595582|905928|094167|273571|466232|627566|960556|103068|288030|474990|660235|972816|156253|299390|480211|666441|989569|160813|385753|508100|672933|993075|163995|407915|514470|709003|997365,017180|229869|433233|620541|792055|027980|234617|434663|639292|808849|044254|246790|445816|643208|848301|051464|251957|450904|648050|848533|058964|266685|451709|652685|849804|085619|272196|457871|652828|854438|089190|295562|464526|680985|864062|104207|298821|495614|684352|882940|133104|306540|496743|690241|888081|145838|307493|539658|697900|891241|146329|310866|542156|703204|897976|152041|320626|543133|723275|915717|171576|344828|547927|750687|935059|174529|346195|555027|758240|945334|177235|349238|561516|758953|947181|181044|351099|579289|762249|956036|183629|380319|579801|764110|959478|187485|386469|585403|769397|965444|192160|391132|600575|772913|977090|211873|423596|603573|780147|987736,True,https://myhora.com/lottery/result-01-08-2550.aspx,2007-08-01-BE2550.html
2007-07-16,ผลสลากกินแบ่งรัฐบาล งวดวันที่ 16 กรกฎาคม 2550,2550,527384,6,105|183|334|947,77,527383|527385,รางวัลที่ 1 พิเศษ กลุ่มที่ 1 รางวัลละ 30 ล้านบาท ชุดที่ 07 หมายเลข 527384 กลุ่มที่ 2 รางวัลละ 16 ล้านบาท ชุดที่ 63 หมายเลข 527384,117662|238718|309983|816189|834231,069135|336709|399414|673672|864714|079393|348566|442521|844412|979056,007514|256521|363055|619110|858067|017171|259726|370493|643158|883425|019279|272108|446378|650502|887570|063718|287360|489151|670141|899388|103484|287979|497873|686320|904008|103891|296306|506864|694637|906004|109420|297214|514672|722013|911501|123473|299504|529137|782282|935758|140203|341917|612516|800093|946282|154687|354231|613867|857969|955141,003956|205616|391628|663754|795022|006632|236078|393792|666433|830647|027373|240186|427806|677991|833961|030815|248861|447341|678124|840358|031029|259412|461119|683962|843381|066431|270883|475336|685444|850131|071811|280562|478491|686636|886764|080081|288144|506044|687408|886832|094831|295891|519679|687729|890425|095903|296230|526629|688980|902330|096282|308290|527992|693065|919344|125348|318576|564691|696194|944925|140255|330683|571987|699127|945284|142326|340091|578897|700771|948615|150088|342341|583077|722229|956531|160280|349944|588038|764800|958261|173633|354572|617785|767452|975659|178411|355915|644818|780672|985610|182788|370894|649748|781183|986585|189643|385659|651763|782211|998148,True,https://myhora.com/lottery/result-16-07-2550.aspx,2007-07-16-BE2550.html
2007-07-01,ผลสลากกินแบ่งรัฐบาล งวดวันที่ 1 กรกฎาคม 2550,2550,565151,6,146|287|638|949,76,565150|565152,รางวัลที่ 1 พิเศษ กลุ่มที่ 1 รางวัลละ 30 ล้านบาท ชุดที่ 19 หมายเลข 565151 กลุ่มที่ 2 รางวัลละ 16 ล้านบาท ชุดที่ 55 หมายเลข 565151,381012|474300|567467|697849|843433,069065|253141|389192|680415|821607|160170|372227|529221|797378|944929,008092|288081|418454|548001|842333|079993|291140|445162|572997|911273|106171|310302|452107|579829|925049|119858|313300|476175|621049|969289|133394|318213|516614|629569|973957|140139|324546|523576|670040|978763|150962|340093|525563|747094|980885|195735|367256|526775|767143|984216|244797|376121|536423|775882|992167|276316|390672|544298|798311|992973,002167|234215|430932|615443|828704|006824|237328|441710|615856|836713|015534|250704|488140|631827|837532|034338|258753|495050|632419|845132|038981|266632|496237|652077|846660|047141|277328|498396|688208|873366|047184|284577|499700|688377|874227|069389|284831|503438|706462|875255|079572|285206|518576|711177|880360|080751|301462|521103|723847|896917|100135|314914|523339|740798|900945|113141|326094|529267|748587|901086|115161|338063|531863|748927|912657|132906|372111|541753|774301|945071|155584|373500|557503|785456|946383|163210|397639|569390|787968|954914|171814|399647|581400|815806|957813|173138|404851|596837|819597|979159|184662|425342|600920|820683|979352|224925|426589|601820|822399|985395,True,https://myhora.com/lottery/result-01-07-2550.aspx,2007-07-01-BE2550.html
2007-06-16,ผลสลากกินแบ่งรัฐบาล งวดวันที่ 16 มิถุนายน 2550,2550,393194,6,424|589|907|989,41,393195|393193,รางวัลที่ 1 พิเศษ กลุ่มที่ 1 รางวัลละ 30 ล้านบาท ชุดที่ 19 หมายเลข 393194 กลุ่มที่ 2 รางวัลละ 16 ล้านบาท ชุดที่ 60 หมายเลข 393194,416062|504706|542137|855158|857322,007856|081609|111104|355413|738966|072285|109535|180659|611167|740142,003308|282169|422866|608044|769793|007404|282308|439202|614011|787569|016272|291491|446817|615473|790048|032726|315995|481322|662790|790580|033383|360544|484164|671422|801214|047407|364278|495986|687533|913683|056702|389018|497331|700790|921519|089946|397508|587594|722142|930054|146290|408384|597095|723502|969629|180803|412584|598299|731635|983720,031406|174528|460370|619228|813079|036293|205005|471005|634306|821643|037876|205237|489986|664892|823442|045565|206152|491223|670136|823642|058285|210741|497824|672213|831426|069181|220105|510154|676148|840386|102859|253962|510265|680998|859222|106381|307603|515416|682365|872791|115133|328825|522064|691122|900225|117759|376646|526314|725765|921156|121071|382970|529460|728578|927320|128520|386444|532119|746006|938806|130901|391266|534426|760800|941814|132738|398756|534634|775542|952481|140492|406322|545931|776355|954835|143485|413340|558855|780578|955468|162115|421916|561622|795034|960729|164043|423592|591095|797267|966292|171288|425193|604673|797972|988861|172441|445415|612855|807787|991289,True,https://myhora.com/lottery/result-16-06-2550.aspx,2007-06-16-BE2550.html
2007-06-01,ผลสลากกินแบ่งรัฐบาล งวดวันที่ 1 มิถุนายน 2550,2550,836393,6,242|433|523|739,05,836394|836392,รางวัลที่ 1 พิเศษ กลุ่มที่ 1 รางวัลละ 30 ล้านบาท ชุดที่ 23 หมายเลข 836393 กลุ่มที่ 2 รางวัลละ 16 ล้านบาท ชุดที่ 63 หมายเลข 836393,077220|257992|307518|347241|963894,055735|245619|344805|831296|883955|144484|301318|391552|840645|915958,044951|205987|477675|638048|808488|055054|226710|481060|670664|822461|058730|259729|493870|694555|828779|060080|278257|510268|696846|878458|062857|279630|542008|717115|884161|073487|317999|544330|718338|907092|106920|319088|573834|738438|912633|138597|405652|587712|775531|914030|192920|443460|622680|789948|979862|196596|458894|625441|801174|986010,022842|247438|433564|571918|735712|044745|254089|439182|571976|752145|053844|283623|447049|579441|752979|059413|300993|456512|586979|775527|066585|301242|467674|600687|818031|075388|301306|470431|607641|826566|096090|302436|494838|613387|828533|106086|308922|505706|629297|839480|120750|319459|506595|640821|862762|126345|327260|518102|662575|888232|134626|327299|527434|670668|898192|157389|328392|531997|671850|906969|164172|328847|533975|687931|911552|165190|369414|555624|697569|925871|175596|374675|556285|704143|939272|183396|382589|558860|706971|940714|187876|396136|562322|715451|954058|206177|397873|565055|715750|956260|211606|412015|569297|726208|960964|230933|422918|571699|735006|969221,True,https://myhora.com/lottery/result-01-06-2550.aspx,2007-06-01-BE2550.html
2007-05-16,ผลสลากกินแบ่งรัฐบาล งวดวันที่ 16 พฤษภาคม 2550,2550,232897,6,585|751|858|924,25,232898|232896,รางวัลที่ 1 พิเศษ กลุ่มที่ 1 รางวัลละ 30 ล้านบาท ชุดที่ 17 หมายเลข 232897 กลุ่มที่ 2 รางวัลละ 16 ล้านบาท ชุดที่ 62 หมายเลข 232897,038262|258743|804596|979170|994298,004654|083154|253233|830240|936647|061264|170496|294913|924311|998575,009826|284802|503644|669326|855113|050867|286369|504926|684534|876227|069199|291575|512563|687667|882922|073048|389681|555374|713283|892412|094197|417141|555577|725121|895260|107374|428761|560707|739570|898427|178839|437420|572645|748286|921305|180291|453136|576686|755511|933341|185413|470310|579569|791848|946226|197010|490233|637747|826385|984120,001389|222852|430839|642163|871536|015676|246954|434522|653769|873972|024355|259739|436388|667613|876137|027996|265153|466037|689461|883801|035284|278381|471964|692584|889388|041729|279920|506319|694159|896297|043373|291425|512375|720675|907927|077788|299585|522337|728210|910294|090271|337415|548682|743836|931788|109021|342210|559632|766733|936050|116627|342303|567010|777780|941439|158305|342496|597252|777969|943650|165194|346243|600711|779077|948473|169946|350411|622301|784564|949712|174350|358077|630888|786158|952527|176030|362825|636553|829816|960198|183573|373996|638930|836541|963024|194261|377957|639138|842286|967014|198430|391946|640268|857970|973877|203670|401387|640984|861703|999102,True,https://myhora.com/lottery/result-16-05-2550.aspx,2007-05-16-BE2550.html
2007-05-02,ผลสลากกินแบ่งรัฐบาล งวดวันที่ 2 พฤษภาคม 2550,2550,430374,6,442|553|729|881,81,430375|430373,รางวัลที่ 1 พิเศษ กลุ่มที่ 1 รางวัลละ 30 ล้านบาท ชุดที่ 15 หมายเลข 430374 กลุ่มที่ 2 รางวัลละ 16 ล้านบาท ชุดที่ 65 หมายเลข 430374,026826|233858|552009|655370|771637,067441|322652|370334|396329|618457|251668|341121|382739|472388|684941,024034|172212|329892|651002|830186|034059|207730|378363|667682|855946|064399|211226|396553|672618|879024|070826|237079|538380|685035|900624|097115|256703|545632|711062|922285|099613|274382|549721|738366|964025|123511|279283|555516|790325|982167|133976|313826|586028|795588|985955|136343|327668|588256|801223|988106|161116|328143|598643|824172|992673,002448|262522|398044|588870|755628|017465|273478|403482|590327|757265|018463|273896|404530|605340|761140|029153|283012|408487|608237|811736|061054|287043|415666|627476|841994|065831|288217|419406|631246|842108|085238|305111|427688|632822|843960|108122|314169|451395|633181|864021|129882|324449|491322|644071|874303|131220|327014|493019|647089|883509|147015|329603|505528|647475|899296|155806|334213|506120|664365|904938|169999|337637|516010|675519|913359|179275|338777|521477|682773|920838|185215|343483|525331|684892|921676|185873|345987|562901|685711|931402|192887|356740|567373|691835|936447|235162|357704|567539|710293|947045|258826|361261|568677|746319|966953|262361|370387|577387|750038|999347,True,https://myhora.com/lottery/result-02-05-2550.aspx,2007-05-02-BE2550.html
2007-04-16,ผลสลากกินแบ่งรัฐบาล งวดวันที่ 16 เมษายน 2550,2550,405105,6,013|522|866|987,63,405106|405104,รางวัลที่ 1 พิเศษ กลุ่มที่ 1 รางวัลละ 30 ล้านบาท ชุดที่ 27 หมายเลข 405105 กลุ่มที่ 2 รางวัลละ 16 ล้านบาท ชุดที่ 62 หมายเลข 405105,054508|376717|519066|523980|532325,037587|254877|602939|775272|964626|187055|550779|716450|931154|973982,011879|262511|495011|769976|887347|027059|277650|565104|778266|889104|150660|278534|583864|785547|902051|169439|306870|598350|796432|905036|171933|308377|613766|828617|908275|195992|350010|675014|837775|943800|202452|353733|680108|842384|946489|235232|358186|697784|872624|963294|249391|397306|715604|881828|978852|257803|429276|768860|883595|996966,000530|256350|389471|538184|737607|007944|257566|393960|544642|751058|069423|259530|396090|546251|752373|076780|261037|410759|565451|755058|077175|264598|414779|570005|791156|097790|269992|415711|574216|812103|115538|273973|419584|592021|816899|121029|288702|427689|605961|820050|121626|291795|435501|610110|839714|127369|297162|441751|612296|845598|137242|299829|450006|633527|866448|142956|314419|453933|633592|866902|150345|320652|456412|646008|871168|204581|322999|495989|659336|878748|212286|334316|508898|661246|893059|228006|335570|509208|677932|933807|242895|335962|509737|678960|943302|249258|338719|526164|690670|967241|252442|356561|529347|700511|974747|254155|360152|532368|734474|987895,True,https://myhora.com/lottery/result-16-04-2550.aspx,2007-04-16-BE2550.html
2007-04-01,ผลสลากกินแบ่งรัฐบาล งวดวันที่ 1 เมษายน 2550,2550,622780,6,022|677|794|814,93,622781|622779,รางวัลที่ 1 พิเศษ กลุ่มที่ 1 รางวัลละ 30 ล้านบาท ชุดที่ 15 หมายเลข 622780 กลุ่มที่ 2 รางวัลละ 16 ล้านบาท ชุดที่ 60 หมายเลข 622780,025178|373795|449880|633699|803757,106371|149042|241867|511244|527614|119215|173136|323232|511544|889034,008036|170000|420575|680511|784604|041703|171499|430617|681408|802661|050965|180383|461092|709076|842206|054279|212116|469659|720971|883365|081037|235851|469881|753489|899266|098235|290591|542147|755410|906563|113982|308386|608323|761056|923043|144892|322315|658823|774472|934757|155237|327324|672116|780269|963285|164555|408508|673596|783747|972256,007486|179766|361901|579182|768074|018783|180582|362018|586456|786359|039585|184795|372714|592248|786579|042768|192255|401200|638657|791466|048033|192717|410423|643331|791783|053635|229122|424842|647229|811555|062524|234424|429851|648644|811655|062950|244860|436580|654290|851405|073187|257013|445363|654810|856927|076419|265997|449827|674888|860126|083116|271543|452970|679796|862006|097665|273701|456480|683469|868902|099506|283810|456483|700483|913518|104430|285661|457049|701779|929850|112728|300692|467518|720950|959902|121646|310190|508461|750752|962080|128679|311092|511748|764140|978465|139035|319822|535323|764754|981946|156850|346462|540156|765858|985384|169305|358327|560765|766280|989109,True,https://myhora.com/lottery/result-01-04-2550.aspx,2007-04-01-BE2550.html
2007-03-16,ผลสลากกินแบ่งรัฐบาล งวดวันที่ 16 มีนาคม 2550,2550,876763,6,001|191|350|906,85,876764|876762,รางวัลที่ 1 พิเศษ กลุ่มที่ 1 รางวัลละ 30 ล้านบาท ชุดที่ 11 หมายเลข 876763 กลุ่มที่ 2 รางวัลละ 16 ล้านบาท ชุดที่ 59 หมายเลข 876763,221724|404624|469395|622271|817752,167912|387797|552650|684747|923310|336676|491709|665894|796151|945702,006886|216864|493916|660130|813844|010756|240253|499606|664569|860779|017702|242989|534004|684633|873473|071477|247518|537191|689887|873657|088649|252712|558483|721387|877714|100567|295979|567891|721523|919631|139848|299322|585688|727737|958375|155114|367742|591674|739812|968659|180110|424874|614410|749740|994134|204488|473085|636289|798512|999963,004189|169133|377138|568552|808219|008666|179368|382469|572194|811419|012757|195304|396967|590344|811543|029266|199183|397021|599966|833430|042385|237790|400351|602336|837663|044384|248405|407283|606209|838061|049143|248741|430057|615318|850934|055525|281097|433269|622171|865232|062920|282458|436333|625138|873596|086538|286981|438525|634990|881369|097443|289631|472503|636380|886543|101885|302761|483943|657438|891460|102133|319619|488397|730700|908665|113753|323872|517510|731065|925617|114269|334680|517828|731269|927286|130506|339726|518814|743410|944610|143564|350050|518824|751871|950009|156712|358701|536903|777287|958889|161484|360359|541683|788087|967453|166178|374248|550712|799987|996029,True,https://myhora.com/lottery/result-16-03-2550.aspx,2007-03-16-BE2550.html
2007-03-01,ผลสลากกินแบ่งรัฐบาล งวดวันที่ 1 มีนาคม 2550,2550,742425,6,294|801|942|949,61,742426|742424,รางวัลที่ 1 พิเศษ กลุ่มที่ 1 รางวัลละ 30 ล้านบาท ชุดที่ 27 หมายเลข 742425 กลุ่มที่ 2 รางวัลละ 16 ล้านบาท ชุดที่ 52 หมายเลข 742425,179586|181690|243014|295266|789975,064679|180873|276352|961869|993038|105754|243084|781615|989162|995619,037911|158990|276464|526019|803591|049245|198634|299853|535620|834756|049962|224653|309956|539096|873456|060793|232888|351519|549039|882412|075729|244200|383294|604562|890045|077315|246088|436004|612443|891125|086799|251789|441412|615619|903567|088324|253518|442406|618394|906753|145952|253563|475069|675187|910145|147583|257233|513827|733252|963759,001098|232253|355011|587642|800148|016124|239751|355490|595499|819432|025473|260135|364796|626355|837961|039940|269989|371302|638228|869763|040304|271389|395970|649910|881898|045622|273292|410094|655025|885808|088178|277310|418670|686048|903202|094023|285756|424686|694435|907946|106641|285863|438360|712722|921970|133555|286794|444168|716644|923463|141338|290528|449299|725301|926899|141881|290638|452196|733572|934926|172130|298627|481019|748194|935121|176218|332945|490868|759914|942495|188549|333909|514325|768292|959309|196835|335052|537240|772862|963205|202074|337675|538164|778034|987561|209285|339210|562174|784778|988536|212615|340107|565838|791954|989679|221674|346341|579413|793506|990089,True,https://myhora.com/lottery/result-01-03-2550.aspx,2007-03-01-BE2550.html
2007-02-16,ผลสลากกินแบ่งรัฐบาล งวดวันที่ 16 กุมภาพันธ์ 2550,2550,277859,6,384|607|625|979,95,277860|277858,รางวัลที่ 1 พิเศษ กลุ่มที่ 1 รางวัลละ 30 ล้านบาท ชุดที่ 23 หมายเลข 277859 กลุ่มที่ 2 รางวัลละ 16 ล้านบาท ชุดที่ 54 หมายเลข 277859,051060|317491|344177|569792|814070,152712|167088|257525|450353|753351|155239|209011|269286|471419|759844,008814|153944|320702|522146|676277|013644|195807|333546|525692|676462|017651|206245|379097|528954|684297|018259|225881|379421|545636|707837|051993|259518|388230|545913|731803|077856|259840|392805|596237|774627|118810|266957|407692|630774|823725|121859|290708|448487|640722|861126|122123|298060|486527|651279|894175|125078|300230|489716|666681|934277,010482|213877|400633|636655|783391|013715|231049|403721|640205|827065|018286|234156|406661|651228|856135|047859|243664|406790|681436|857955|053272|245253|411625|682207|861169|056672|254011|418093|692041|864815|072675|263030|467465|700548|866292|077660|286322|480045|714361|874883|088750|292981|485688|737697|876509|095352|295251|487378|738184|881786|120815|302726|523358|738999|887660|129106|322961|535445|745899|911380|135581|339704|535532|752822|919379|158364|340298|564576|754259|920513|158562|346147|582456|754338|939725|173426|364715|589992|760208|949836|174906|366624|611349|760739|958102|175050|369572|617822|765257|981771|178175|390524|626348|769616|983072|204582|396948|631839|772002|985779,True,https://myhora.com/lottery/result-16-02-2550.aspx,2007-02-16-BE2550.html
2007-02-01,ผลสลากกินแบ่งรัฐบาล งวดวันที่ 1 กุมภาพันธ์ 2550,2550,769925,6,239|287|865|893,56,769926|769924,รางวัลที่ 1 พิเศษ กลุ่มที่ 1 รางวัลละ 30 ล้านบาท ชุดที่ 18 หมายเลข 769925 กลุ่มที่ 2 รางวัลละ 16 ล้านบาท ชุดที่ 52 หมายเลข 769925,200035|307893|308306|443978|988149,002429|210670|391320|542575|704579|147841|297280|452331|661297|980846,022990|143433|376563|509609|718859|051390|143656|394754|517800|730109|054773|168999|396156|591118|766176|069094|194237|406176|594953|833456|070519|201066|414930|631197|854708|079324|270803|427222|659671|865913|085394|311381|462459|682177|882710|091819|337301|467329|684831|929242|137533|357013|477935|691647|937753|138461|374718|503452|706455|954605,000954|181829|325975|478262|783547|006142|194739|350642|491375|793477|006208|196197|355760|498506|808103|012651|197183|359216|502589|811465|038257|202027|363312|512983|814968|056633|204290|370593|513585|816986|057416|221882|375350|522714|827088|066069|221927|376405|546141|832502|069175|229808|390628|585553|864095|078995|257556|391206|624551|875158|080311|258400|401861|647343|886453|087239|259538|418739|674466|892021|090045|262057|427181|681115|920473|104309|277274|430403|720529|930953|124237|277335|437874|752632|931685|125508|299663|453582|755792|944901|126402|304267|459940|757203|945720|139075|306333|460054|765365|950247|139430|311200|462910|770586|956428|170598|314465|467919|775103|977202,True,https://myhora.com/lottery/result-01-02-2550.aspx,2007-02-01-BE2550.html
2007-01-16,ผลสลากกินแบ่งรัฐบาล งวดวันที่ 16 มกราคม 2550,2550,838739,6,263|293|803|845,55,838740|838738,รางวัลที่ 1 พิเศษ กลุ่มที่ 1 รางวัลละ 30 ล้านบาท ชุดที่ 23 หมายเลข 838739 กลุ่มที่ 2 รางวัลละ 16 ล้านบาท ชุดที่ 55 หมายเลข 838739,004887|218489|373187|716200|801651,021468|124898|439238|699504|736999|064366|384183|541155|712601|889802,017111|163020|377275|556391|779805|041483|175496|407388|556576|846814|064576|177908|411220|570698|870987|094259|215982|428376|650475|939207|094726|250504|458577|672826|945405|103591|276530|498875|681736|969626|127864|290704|500390|686841|983317|132694|308673|509691|701302|987397|134795|321036|511021|716856|989682|158102|336187|526260|771335|996021,011144|234321|459518|712844|826747|015822|239835|474627|713825|829221|018334|239964|475865|727632|833811|018825|250091|478681|729850|838564|024878|250893|481957|733499|843790|043274|252816|508269|743342|844156|049235|257394|512319|752363|878887|058929|287007|523581|768577|887155|073890|289263|543854|789004|887264|088081|292032|555788|795039|895560|098192|297294|571237|797565|902936|123393|315344|572781|797800|918673|131996|348675|577230|801276|935764|148215|380284|621642|801436|939273|184466|387837|632296|801918|951740|187459|418104|649746|809994|960250|201844|434101|666492|815071|968497|206025|435096|670272|819738|969979|224592|448722|701665|824402|978482|230309|449757|704072|824516|999823,True,https://myhora.com/lottery/result-16-01-2550.aspx,2007-01-16-BE2550.html
