draw_date,draw_date_text,year_be,first_prize,first_prize_digits,last3_numbers,last2_number,near_first_prize,special_first_prize_raw,prize2_numbers,prize3_numbers,prize4_numbers,prize5_numbers,has_detail_section,source_url,source_file
2021-12-30,ผลสลากกินแบ่งรัฐบาล งวดวันที่ 30 ธันวาคม 2564,2564,819068,6,419|547,36,819067|819069,,357005|418296|607012|867865|959790,092409|160702|469065|717892|778106|138033|191551|707019|777805|831176,008114|173329|352799|574048|786155|031352|176341|356979|577997|811808|040781|231971|384157|595777|819260|069230|247563|403158|653633|831205|086093|253384|431707|678823|892983|114314|288722|440360|698896|956172|117470|310806|501062|712546|958107|118117|317631|525593|737043|984568|119166|317938|537836|757343|988171|171410|350536|572028|785061|990220,012475|158370|392300|606468|792568|023979|190920|394269|616335|793236|026886|198093|396160|616372|820830|035521|211498|399046|626610|821231|038280|220134|407670|629698|821524|054692|222860|411145|631473|832512|058814|228344|433878|642357|833054|076923|249421|436054|642459|838472|081551|251057|448872|649740|840652|087799|284373|471661|650130|847596|088447|286458|484390|659603|852701|090627|303517|509436|684353|881313|107997|315672|524475|685045|909013|118338|323607|544938|703312|934456|119223|325536|548606|703396|943006|135732|326578|562374|737187|967096|137660|340158|564477|739110|983972|139931|353203|567323|746712|993066|144636|356520|580943|747022|993646|152472|383922|584926|770416|997123,True,https://myhora.com/lottery/result-30-12-2564.aspx,2021-12-30-BE2564.html
2021-12-16,ผลสลากกินแบ่งรัฐบาล งวดวันที่ 16 ธันวาคม 2564,2564,639235,6,476|522,83,639234|639236,,068617|270185|373811|404030|594923,056539|345452|487970|599259|674588|321651|487547|490758|671611|813866,018790|132862|386560|695350|883434|034896|153828|396403|704752|890620|059239|196717|440782|729500|893900|075924|237658|470056|740788|904872|080125|268525|485544|746024|909188|100812|337859|525200|801283|918511|108778|360617|568582|818596|920039|111912|370299|590940|828624|954549|126892|383081|593359|837110|971454|127145|383929|666129|874545|990324,002247|220349|332332|477139|760442|004578|229104|334455|501057|767195|009962|230494|345595|511642|779377|013390|245842|345853|514131|800972|017724|251879|351692|516975|805050|018547|252591|359881|518244|840115|020260|254522|364039|518334|843543|033487|259318|364905|518757|849775|045295|273525|370924|529492|860173|074264|274085|391391|584386|866187|075344|274487|418603|611899|882420|077905|276985|422214|612117|890038|097212|278621|422501|624024|904103|104445|279716|424559|655015|906188|108558|287399|432873|671426|922099|116948|301789|440089|688354|945169|129595|319268|451899|733066|951617|156793|322497|461013|751809|966673|181571|323862|473098|753376|983785|195986|331055|474886|754464|996001,True,https://myhora.com/lottery/result-16-12-2564.aspx,2021-12-16-BE2564.html
2021-12-01,ผลสลากกินแบ่งรัฐบาล งวดวันที่ 1 ธันวาคม 2564,2564,077258,6,401|485,82,077257|077259,,082736|303780|425815|813107|953223,062798|137779|205386|344379|678273|071808|141265|236522|376897|889372,004969|183684|424100|661675|844778|049201|221359|462939|676765|846552|071318|235426|499894|689815|872200|087044|239271|512115|746831|904216|117488|241706|524517|751933|906309|126096|267661|549070|807187|933186|138203|343651|595084|819551|954486|149268|383667|607591|822365|959502|179517|398158|610231|831441|962421|181287|406890|611485|838473|981544,002645|181425|377914|571790|782849|009279|185397|391193|586755|829641|013358|198321|400024|594323|830365|022867|209742|404129|612528|841669|027867|211232|420034|613164|855212|048630|212569|449276|614441|887997|048902|230557|468767|620033|891331|066625|233560|486230|630890|893452|070570|235288|489085|632846|906950|087638|255128|504459|644887|907056|098401|255713|517755|659807|908632|117090|281959|528568|662364|909583|128859|286897|539926|668596|921332|150857|301010|541367|682249|935364|150884|303443|541964|684331|952217|157423|311928|552949|699170|981604|159736|312569|557731|710561|988451|166142|325100|558121|712440|988878|176069|349878|558969|714337|991050|178842|359349|566060|736353|992960,True,https://myhora.com/lottery/result-01-12-2564.aspx,2021-12-01-BE2564.html
2021-11-16,ผลสลากกินแบ่งรัฐบาล งวดวันที่ 16 พฤศจิกายน 2564,2564,032761,6,245|844,57,032760|032762,,088445|186581|463393|795889|947522,064734|157550|255181|402692|776372|141088|190830|287391|646494|970336,010032|170411|392119|610529|863748|013299|172590|406661|626024|878484|019427|172736|426635|629357|888714|042178|234661|430076|641050|890452|071274|238338|485132|680387|896546|071506|253744|499342|682581|920951|093175|273095|503818|699247|941838|097054|313936|516537|712334|968045|146084|355311|543000|725398|971223|161103|367089|565596|793861|994111,031949|154263|336167|484965|762490|040674|165331|343594|498432|765989|044387|165666|347580|502877|770009|051572|173400|351153|511923|778323|052793|181158|352624|527767|809294|055201|184279|355822|527811|823295|070806|189709|369331|529127|860793|074476|200319|373301|539522|868193|082133|208819|379437|550921|869762|087472|211208|381307|562066|872577|100108|214805|388487|588386|876348|105054|223850|390960|615997|882075|109430|227820|392541|621169|885595|121768|228139|400586|649421|896434|127608|243249|424704|656071|896687|127874|245397|451330|679441|900357|133714|247908|460599|681129|916776|136111|285782|465361|735177|945363|143098|293804|469031|744318|952606|151754|322558|477105|759971|988109,True,https://myhora.com/lottery/result-16-11-2564.aspx,2021-11-16-BE2564.html
2021-11-01,ผลสลากกินแบ่งรัฐบาล งวดวันที่ 1 พฤศจิกายน 2564,2564,045037,6,331|755,95,045036|045038,,154731|242158|290540|327384|353639,055598|442694|451582|580827|856005|181815|449774|465605|720148|913160,035635|367097|468567|700265|853435|052860|374819|551566|713700|855876|106479|376101|563263|748027|875025|108526|378187|579025|748789|878118|155599|408466|586241|757503|879884|156831|413142|601005|776290|914833|216950|416741|615486|796946|924705|246296|418427|616270|797887|952989|259087|421053|625516|800818|970377|269297|451637|637667|835704|970868,017235|277937|489609|705423|848838|025171|293202|491899|711126|855790|033101|295811|499431|712482|856621|037397|296425|502855|724766|858126|038104|298088|564326|735375|882112|040525|308092|567601|743911|883405|067414|313456|599176|755038|884356|073958|335896|602430|755855|899728|079599|340382|618976|768771|900733|096224|353355|637137|773082|906715|145773|355172|650032|784755|921339|181821|368085|650062|792343|943090|183045|370814|656418|800661|943479|187289|400618|662279|805397|976102|196633|430702|662785|808448|976702|202104|431918|669286|811118|978367|207919|445308|674467|818288|985977|226876|472993|677508|824785|992165|252170|480731|682852|837033|996754|271885|485226|697538|839047|998111,True,https://myhora.com/lottery/result-01-11-2564.aspx,2021-11-01-BE2564.html
2021-10-16,ผลสลากกินแบ่งรัฐบาล งวดวันที่ 16 ตุลาคม 2564,2564,386372,6,295|798,38,386371|386373,,204642|401461|828420|980170|994567,001528|048055|176500|469958|564222|042109|175296|249701|525252|902481,017626|255766|409975|596325|817303|049998|273641|422564|602638|837372|083686|280031|431977|649309|852838|089837|284206|439788|660165|860406|168875|306863|455877|690466|860631|169663|307189|461555|709022|873625|210037|364110|484013|709237|875178|215651|376861|525361|740536|892655|241112|383875|547013|756768|900691|251903|397041|563506|807660|955052,022341|163671|338033|531452|764079|032174|168527|342190|541750|766410|035239|181029|363344|557042|766580|039177|190780|370108|561944|776724|043408|191163|399264|569471|778034|049531|191287|429578|570036|785601|073097|208461|440710|590839|807275|077080|211462|441654|597358|826465|083320|236162|448424|607368|828156|086128|243253|448426|611072|851213|087769|269805|450041|628624|857901|089260|280929|457035|648143|858386|090241|301347|460480|665632|893683|095416|316080|462528|667744|915076|100185|316610|471536|677158|919369|100273|317642|476224|683199|923758|118349|328487|507052|695749|942530|121783|331852|516961|701807|952370|139222|334485|528293|722617|972935|152570|337338|530502|734266|980654,True,https://myhora.com/lottery/result-16-10-2564.aspx,2021-10-16-BE2564.html
2021-10-01,ผลสลากกินแบ่งรัฐบาล งวดวันที่ 1 ตุลาคม 2564,2564,578171,6,379|449,83,578170|578172,,097208|142084|229386|427430|600579,013578|235569|277825|383640|606340|222176|256274|363458|481293|660679,012064|242447|534250|751207|861103|014414|261868|538935|756998|862121|056137|279708|594785|769984|881517|072027|311317|629244|780322|918086|077292|362108|636031|782679|919603|113022|399775|668130|816524|945921|184106|414487|694890|844957|947128|216040|464721|704593|854028|976051|231829|506922|716511|854220|987712|235583|530661|742772|859132|996147,020069|224382|414867|562766|841992|027903|246036|422246|574432|853464|032110|249951|433910|593704|870836|040718|257109|438015|604331|874967|042590|271679|455098|692536|878056|048482|273204|459527|695635|878061|063071|280778|474551|702094|878080|066759|297242|490602|710232|887688|070941|324156|499882|721254|890918|081834|325021|508168|728125|904008|089887|332848|513132|741137|913593|112689|338476|514924|749495|939951|113730|346899|517028|762898|953362|132440|362634|532596|774155|963510|138908|371464|538552|811081|983499|145094|375356|548247|812831|986497|145187|379402|549191|819508|989806|166202|409934|550059|831116|989987|174497|412075|557633|840824|991652|217593|413163|562445|841790|992239,True,https://myhora.com/lottery/result-01-10-2564.aspx,2021-10-01-BE2564.html
2021-09-16,ผลสลากกินแบ่งรัฐบาล งวดวันที่ 16 กันยายน 2564,2564,070935,6,007|379,90,070934|070936,,107594|146272|323836|573404|701242,004130|045928|218317|228836|388096|040643|062597|225771|268726|852593,041109|204372|430041|559962|777807|099007|229704|442979|580459|794819|112752|230860|465768|600095|798608|148677|274165|476297|622424|808893|154106|285957|481458|646158|821390|159378|297611|482532|696485|842371|173063|298902|483411|699191|893813|182666|356214|491333|746652|912038|193148|360660|499358|768326|934059|194213|417513|516271|770608|985422,005508|196096|315673|605412|752425|011571|205179|341512|605819|756667|017861|216739|358580|609584|775433|024270|216881|393787|633658|779090|028246|220357|407978|648974|786267|031681|233478|426556|654488|797526|048524|234905|439752|657646|807349|051003|237445|442460|658279|807908|053104|237832|444292|662705|820919|065409|241958|475084|665869|847028|083520|248903|480133|667503|874255|094079|250185|487742|685265|890427|103399|273983|494997|690283|897769|105389|281121|500252|696101|915866|114586|281191|501793|697277|919682|144455|286209|522972|699032|934260|151060|288815|545510|703892|934404|167662|289826|569751|723814|949640|176126|299454|571934|729889|979247|182294|311687|576248|746008|990160,True,https://myhora.com/lottery/result-16-09-2564.aspx,2021-09-16-BE2564.html
2021-09-01,ผลสลากกินแบ่งรัฐบาล งวดวันที่ 1 กันยายน 2564,2564,114475,6,123|458,79,114474|114476,,021133|110812|364025|466640|668798,024868|437506|462989|781886|874416|103697|446553|705151|846745|948530,009264|134591|276755|489578|783072|010100|142822|332011|498587|796033|037422|164717|347084|593183|843347|039868|213115|376706|604202|881009|067617|215622|383165|606220|918080|083332|217939|394703|626293|954148|088719|246554|438695|658782|971610|120460|260055|450543|691877|971770|123569|263972|472185|704525|974202|125664|274853|472785|730025|993221,018150|195081|359717|505420|712758|023197|195952|367066|510148|718519|026755|197940|369383|513612|719372|026918|204618|373084|513975|730418|033212|219727|375373|514312|736438|036749|228595|375586|521302|795093|050963|236374|386497|528604|826306|074959|237919|404890|531200|826399|090661|238036|411336|532671|837543|099319|261294|436173|535331|841115|114581|268200|441467|570708|851177|135472|281657|453627|580505|885478|136311|286872|454416|586010|904492|146971|293049|460727|609578|923573|148699|296175|469899|621848|944540|154893|296310|472973|648496|954327|156451|335530|474439|661751|967625|176107|335761|478533|673983|972578|180995|338602|487264|698726|983814|184335|346632|501254|704915|985731,True,https://myhora.com/lottery/result-01-09-2564.aspx,2021-09-01-BE2564.html
2021-08-16,ผลสลากกินแบ่งรัฐบาล งวดวันที่ 16 สิงหาคม 2564,2564,046750,6,160|355,23,046749|046751,,222907|607877|688916|774867|903009,008080|229231|294023|374932|930251|186274|240427|355578|686663|997687,041893|193778|305251|624254|834195|077613|204635|363435|628233|840885|085636|205425|379150|639769|848624|096694|220374|434874|653259|895880|103255|221820|446288|679102|898526|103567|255495|468782|708283|943262|155863|267524|520247|728843|945374|156915|275368|533294|779482|958776|164905|292566|546756|786656|961997|173832|301331|577020|823503|974570,021046|239563|419552|686074|868697|042810|241724|426535|689732|879612|045419|241838|434932|692037|884533|056090|246830|438662|699479|891965|065523|246909|468424|709312|897704|070270|258397|468644|716963|914827|070305|261783|477988|726005|915513|099995|266870|478311|735486|919557|103150|279989|512565|760091|932238|110203|282514|530432|762685|937457|116464|285807|559042|763536|941888|123438|285813|567328|770482|945343|139093|297537|575988|781490|948694|150318|297829|576226|785352|954839|154112|301072|581026|801115|955252|174677|360226|602755|807323|956617|176415|380348|618526|808138|956814|186023|393651|625806|831155|965653|186436|407078|637188|833140|966850|210281|417584|665363|860394|996755,True,https://myhora.com/lottery/result-16-08-2564.aspx,2021-08-16-BE2564.html
2021-08-01,ผลสลากกินแบ่งรัฐบาล งวดวันที่ 1 สิงหาคม 2564,2564,910261,6,004|785,69,910260|910262,,066887|160318|539171|595909|855590,082120|555435|643775|750838|883379|132041|608849|674412|867551|886393,021397|244259|378866|648178|763177|022501|265038|381441|668299|795324|056646|277788|389378|677597|799834|079270|284511|430137|695149|804456|134576|301183|541495|697398|805116|147219|310226|549329|714225|831327|175126|332409|558893|729866|863195|177106|341165|576929|739577|867008|239621|343482|598485|742103|880786|241414|372490|641393|758424|991114,009563|279649|455477|663919|867459|019573|285558|459468|668613|871984|043634|295190|476807|669876|882706|048059|305487|484001|688436|887451|049837|332389|492746|691937|902815|053261|344504|494374|694700|909504|078928|345449|505605|695492|911440|083489|365317|516525|717808|913622|083778|377087|523979|731671|920284|085028|378970|524089|754556|924469|090929|380990|525748|754817|941148|093199|387658|553548|759676|944554|134561|399383|573579|767612|948766|137107|402635|587041|787051|980527|172825|405790|596127|803272|981352|182253|426922|599160|803961|983981|203911|432887|629603|811273|984148|211850|437927|650581|830676|985656|261718|442483|656837|856687|985753|265063|447789|657990|866842|992858,True,https://myhora.com/lottery/result-01-08-2564.aspx,2021-08-01-BE2564.html
2021-07-16,ผลสลากกินแบ่งรัฐบาล งวดวันที่ 16 กรกฎาคม 2564,2564,556725,6,233|927,70,556724|556726,,293467|342247|365384|639692|892036,095209|296933|462414|640134|838873|277128|367947|569539|807558|932985,016597|155736|327020|535236|746858|018282|159233|338252|538659|790040|024202|248677|343742|559479|794604|038765|271683|354227|602217|832235|045572|275332|366094|648530|857273|051925|293411|469947|651528|884015|055601|311096|475009|657775|925115|055815|315510|486401|671916|956805|105592|318390|505611|714855|962063|140209|325522|515417|715322|982464,007627|251188|438507|671992|843701|014921|260120|439477|674251|855814|055625|265168|443899|678680|861678|065132|280974|450740|732924|869589|091945|291902|484657|733554|872593|101656|296085|490239|737081|894177|124542|316792|491913|742588|909462|134557|322045|533490|747659|920228|139829|330479|539094|756364|927155|140455|361165|544135|763007|931898|165161|361840|550535|769909|934811|165225|362848|553649|779790|937504|172547|364338|561789|791754|952029|183860|367147|598602|803430|954683|186880|387262|607991|809501|956575|193479|396784|610926|809815|963374|199349|397395|624631|811558|966665|216024|411744|645077|825152|987315|223578|430741|653357|830061|993779|242273|434142|660587|838703|995482,True,https://myhora.com/lottery/result-16-07-2564.aspx,2021-07-16-BE2564.html
2021-07-01,ผลสลากกินแบ่งรัฐบาล งวดวันที่ 1 กรกฎาคม 2564,2564,713517,6,414|511,29,713516|713517,,398790|481761|577000|776514|907506,112633|449252|512824|594963|653703|370953|463647|515140|628602|781948,017608|149972|428306|651097|833388|024833|160589|449585|664498|835333|072071|192736|452963|675268|871053|091198|210018|458012|710137|888415|095053|232868|458468|717202|893891|123473|251695|498990|729892|929611|129551|277069|510525|732758|936260|137545|313543|593873|733558|937647|142611|341533|628663|781270|964413|145132|421711|633700|794728|973694,000629|187949|460573|601834|785886|011092|191837|475383|605880|788202|014157|201011|475726|612523|797524|018375|202367|477461|619755|804640|063070|202932|486927|622217|804975|070352|257811|490123|625879|828784|074427|260992|490408|634807|836782|100814|263811|515994|637704|839040|114350|270199|517459|664454|866756|124908|307174|518497|667280|867035|125711|372970|534021|681447|873452|131257|388645|537644|696504|885556|147125|408396|556247|697769|908626|155716|410982|569234|721872|916491|156629|413137|571668|724538|924142|157593|427262|575540|739848|929043|160527|427876|581453|746751|948875|175085|429252|584321|763571|970836|183697|430320|596411|765351|993368|184935|447246|596965|776210|993960,True,https://myhora.com/lottery/result-01-07-2564.aspx,2021-07-01-BE2564.html
2021-06-16,ผลสลากกินแบ่งรัฐบาล งวดวันที่ 16 มิถุนายน 2564,2564,691861,6,447|668,17,691860|691862,,157919|366069|544617|680914|804425,112408|331371|395641|635554|851224|307839|338578|506490|690232|870009,014606|167725|437491|568097|758593|024799|193480|442916|580036|770346|030064|214739|495602|601497|792187|046667|217448|499861|607272|852152|053069|276853|520488|666947|854026|062912|308180|526196|675198|868614|078011|328739|526772|677012|869012|108375|335487|531596|723389|933510|108448|343705|540189|730333|947561|148651|422605|563169|744331|964404,009357|202694|386154|636298|843745|014554|213478|395201|640854|844926|024139|218559|399671|642209|894556|027182|227021|408240|654066|904372|034057|236763|431404|679762|907179|059790|238991|448345|686284|913840|066180|239927|484852|693415|915719|081038|260916|485030|735661|923085|091476|265333|496285|739522|924688|110239|269953|524649|747603|927292|122667|272250|529894|748893|936497|125374|278597|543172|762697|966596|128467|299016|549049|766853|968693|130622|323682|570759|778610|972021|168297|337420|572292|788423|975179|177720|362236|600869|793065|979186|181645|379459|605621|798086|985604|192665|381315|611061|825286|989396|199588|382909|626253|841177|995668|201170|383850|628922|842201|997898,True,https://myhora.com/lottery/result-16-06-2564.aspx,2021-06-16-BE2564.html
2021-06-01,ผลสลากกินแบ่งรัฐบาล งวดวันที่ 1 มิถุนายน 2564,2564,292972,6,723|978,45,292971|292973,,124848|656917|702393|731422|830707,047586|207831|571494|634074|842774|111294|240372|599444|726710|855177,006048|125789|449216|635535|812789|020925|137289|522964|641913|865643|027436|197921|526180|642181|880066|048528|204961|527799|644918|896004|067688|207420|530000|656206|899781|076362|283709|565325|697733|900781|085454|299036|569724|725316|926246|105316|362244|576016|727472|926442|110194|378965|602448|761737|986326|124263|416535|632833|763319|995773,002418|225056|419119|620608|846016|014635|243232|433922|636976|860480|019482|249505|457219|642906|865864|023106|251110|457787|648209|870396|029959|252405|473267|677358|876118|032207|254602|475979|690455|880579|049645|272894|479140|711487|883729|070657|282634|484708|726020|918862|073993|301394|495678|736101|919990|102644|312210|508414|741902|924799|111867|313126|508992|752411|935053|114950|315471|516016|773402|939749|146173|315799|518335|773824|942313|153100|331045|530110|794429|953195|170625|359552|531183|813350|954252|179463|361921|558477|815824|955367|194798|397615|568874|821240|967850|200399|412070|580111|821392|977166|210577|414407|597180|833115|978357|217829|416628|602823|838698|998901,True,https://myhora.com/lottery/result-01-06-2564.aspx,2021-06-01-BE2564.html
2021-05-16,ผลสลากกินแบ่งรัฐบาล งวดวันที่ 16 พฤษภาคม 2564,2564,684579,6,276|970,14,684578|684580,,029555|030705|252537|397364|673800,039048|355222|520561|736653|844801|218742|381159|624502|740510|868797,003760|261130|478298|712396|887714|040531|262458|479718|714496|901864|089444|300665|484562|719644|915503|183835|305521|526700|720674|932207|199443|331568|532431|757428|947316|214351|340311|569087|775085|953661|222646|367050|580927|796486|957524|250992|412734|590912|819365|979021|256717|419473|635067|831164|988738|260332|422433|651151|880914|992429,000125|238226|338269|556039|794646|018171|243510|339454|566721|811666|024950|243724|342399|572547|816269|045442|251970|343811|595269|817669|057981|262303|366485|599484|834010|097117|267529|373876|644985|845157|098803|270377|381929|645915|885758|114790|273451|401716|648233|889481|120564|274813|420009|656746|904626|131742|281162|450295|668675|908140|132294|294072|458052|686042|913555|132789|296868|467694|698855|933375|169838|306208|470548|706900|949488|178823|307696|492229|716015|961360|188976|307771|494665|720643|967097|194720|313162|498796|730325|971506|220155|313314|512198|748629|983827|229945|321781|521370|757923|991315|231943|322047|524950|765262|993184|236745|333912|532509|777455|998229,True,https://myhora.com/lottery/result-16-05-2564.aspx,2021-05-16-BE2564.html
2021-05-02,ผลสลากกินแบ่งรัฐบาล งวดวันที่ 2 พฤษภาคม 2564,2564,501272,6,129|498,18,501271|501273,,002380|357939|514339|877352|900413,055077|178971|709773|735155|823120|168007|236291|722224|755045|908640,001038|167105|327373|493534|757822|005163|168015|344991|537569|767452|018137|217371|351904|544620|780525|057096|251389|359804|546692|782939|058011|268687|375207|549321|789765|083299|290932|385707|560123|813078|083596|297314|400507|615396|922726|100096|297407|407771|633931|928832|153465|317050|423385|654321|957451|158506|318906|455549|659033|998769,012508|266307|535198|654584|834603|021078|272593|538128|664331|843657|026282|272706|539195|666768|845072|065471|283855|562375|670961|856497|066822|301241|564270|676179|857405|109502|329282|575012|691935|863710|113580|334693|576366|693803|868897|121972|340310|587083|706006|869752|127869|367911|593821|708255|874607|131512|405224|599255|726769|878873|143223|421834|611602|739250|881738|158826|442160|612595|748840|882779|158927|471611|613298|762722|924475|163816|478978|621051|775905|946392|164745|480968|626161|782121|951971|177803|488609|636188|789957|953113|192767|492412|638795|805540|955268|204862|494426|641860|808032|956530|214738|497769|646497|828182|976222|246615|502699|648682|833149|994676,True,https://myhora.com/lottery/result-02-05-2564.aspx,2021-05-02-BE2564.html
2021-04-16,ผลสลากกินแบ่งรัฐบาล งวดวันที่ 16 เมษายน 2564,2564,100787,6,264|478,56,100786|100788,,045428|549276|781310|834769|942167,000122|514471|537262|666476|955619|361069|534015|563992|835535|989425,012390|298720|418831|534464|831712|048032|314320|424710|552650|845202|048807|321130|430557|557780|854373|098027|344679|455640|579319|854523|102275|356546|460007|654438|862423|123254|372183|496148|666515|959764|125303|377021|499730|695859|968067|161526|384755|531016|719803|976709|192902|403130|531096|749459|979472|264921|416730|534006|801753|992357,002411|171228|396937|631760|806796|027794|172290|419435|634249|807090|055378|176734|422549|640545|814621|070278|198352|436283|643148|816303|074286|220814|442848|660801|819500|078885|221559|447311|661212|827565|079447|241177|450932|675293|832256|094164|241388|464687|689644|832366|098210|242411|466087|698019|851665|111775|250132|480923|720264|854002|112386|272615|484238|722521|866811|120550|282222|486075|731545|885821|122316|298389|501997|739054|901749|124588|303542|504809|740784|902502|128066|310186|511504|744846|911660|149889|330476|523822|749896|922805|153003|347647|526368|750307|924815|154361|355731|546885|771554|937065|156590|368238|606885|796305|960957|162727|393069|612850|797266|973418,True,https://myhora.com/lottery/result-16-04-2564.aspx,2021-04-16-BE2564.html
2021-04-01,ผลสลากกินแบ่งรัฐบาล งวดวันที่ 1 เมษายน 2564,2564,472270,6,393|577,05,472269|472271,,004754|115222|182118|697143|806923,034428|140300|308360|603307|927262|041251|215319|505929|757887|930328,021758|186107|360355|504665|806346|025166|199591|384012|584031|825223|027180|242951|403589|621370|872136|054219|282870|408126|636933|929472|085354|294073|411273|642743|938467|085604|294430|446001|648707|942949|127672|317602|468083|723558|955048|150300|318502|474839|775867|966168|158496|333484|480817|777286|970594|172625|358158|502632|779308|983606,010715|234265|436695|645744|848710|010737|236104|443395|650541|855889|049095|241697|447993|674157|857947|055348|244877|448923|681690|867192|057865|257182|464403|688856|873653|089547|292470|465399|700117|879987|098764|293203|494461|708213|888856|133956|306559|525905|731047|890542|150689|308725|563848|738605|912488|172790|317688|571108|740025|928799|182832|364974|572045|754249|929030|183184|368912|573551|755371|932753|185424|371080|573834|761521|943937|187112|388363|580186|761902|948058|192707|398580|582583|775436|951594|196410|403292|585114|792776|952123|219866|408150|598333|813792|971038|220423|410717|606925|822430|973371|223223|414100|624571|840816|982919|225968|416767|635637|848619|988071,True,https://myhora.com/lottery/result-01-04-2564.aspx,2021-04-01-BE2564.html
2021-03-16,ผลสลากกินแบ่งรัฐบาล งวดวันที่ 16 มีนาคม 2564,2564,890422,6,256|396,19,890421|890423,,108712|468867|763118|864678|996425,363671|595842|715804|784244|868760|511727|649703|746045|849684|884862,000214|142171|349282|592472|782186|001448|160996|358285|611659|832324|054051|165316|426131|650983|886211|055770|243552|473410|651811|893677|057280|244428|474887|691729|912621|071029|267901|476362|692182|912808|100317|327102|480174|717023|913253|103100|331987|497761|741913|915877|119621|332262|507165|769618|943445|140877|345255|529130|774595|960855,010572|268991|435530|649066|838507|034643|273670|437337|661016|847406|039498|281895|467405|663559|872924|054986|285895|472601|675508|876987|055831|294530|474296|691724|877249|067586|301388|476010|694906|881658|081566|316247|513315|702411|896635|083140|341132|520748|720199|900562|093297|345218|530062|746247|905361|110285|347668|533236|754958|911221|110774|367955|544643|759821|911624|113731|369946|547559|770260|917169|187813|372959|560472|772678|927730|197566|387539|562155|774474|940904|213690|392077|572012|784134|942870|221671|396727|572761|788904|945539|248275|407482|600228|804914|949766|251484|418289|619261|808971|992013|255791|425065|621718|828270|993445|268894|430107|639935|836106|996906,True,https://myhora.com/lottery/result-16-03-2564.aspx,2021-03-16-BE2564.html
2021-03-01,ผลสลากกินแบ่งรัฐบาล งวดวันที่ 1 มีนาคม 2564,2564,835538,6,051|806,73,835537|835539,,316827|731177|743731|788652|923096,045942|323456|488050|648700|735004|183440|389816|575910|727081|756048,000395|183517|484349|612105|825800|053547|221238|487907|649606|826174|054700|258747|488358|669007|834237|058820|301404|494884|679528|871042|082383|314364|516745|712017|894512|099988|343900|529147|759204|904906|104432|374636|531335|760427|906356|105610|410900|542620|806822|942297|126701|438714|552557|814393|948990|150558|469811|588420|817353|970326,003741|230229|416735|592883|826669|011894|235835|420290|594112|833272|034880|236576|428967|599785|839699|048328|243489|434822|608173|851901|059483|247139|440432|620887|859409|062159|250370|443427|630977|871384|062367|254863|447352|632354|874069|087961|265712|448314|634564|878396|107394|266454|451531|638269|920655|126787|267220|463805|658306|922360|128714|269758|487174|659994|947099|155204|286430|489524|696587|956845|157894|292510|502163|714435|960889|162093|296474|503807|722631|965980|167405|315602|504039|725220|967082|178105|347243|518936|750364|970568|200737|359595|545552|760021|971163|204005|363704|554067|761211|972057|219092|388545|569672|766708|983919|220231|389274|575733|786150|995544,True,https://myhora.com/lottery/result-01-03-2564.aspx,2021-03-01-BE2564.html
2021-02-16,ผลสลากกินแบ่งรัฐบาล งวดวันที่ 16 กุมภาพันธ์ 2564,2564,424603,6,057|817,39,424602|424604,,037140|067889|228425|271456|387227,325950|410499|499726|575376|814366|369617|458809|517862|606707|936603,044642|278858|381076|556555|770698|046874|291137|409529|562041|792733|069681|301758|437454|564023|793839|105892|323890|453333|619944|842030|107662|332105|478298|644952|875947|137509|333251|492978|660532|926290|236305|356021|501340|672137|949290|237591|368553|503670|678635|951572|261350|377621|520446|741749|956190|261725|377662|524969|748782|961868,000225|188036|345607|512678|757797|004049|202121|347812|515496|791880|018550|203990|353433|527177|815739|022222|204716|354585|549462|829742|026188|209258|386105|549762|831285|033751|211725|388729|552519|843811|040906|215291|392315|556750|845094|059078|218263|406214|556841|849108|063057|254556|411395|576119|869041|083165|260317|420777|577024|880962|109064|271453|421333|577128|913352|123668|273252|425715|589301|938765|144661|281296|443870|617890|942981|162515|283854|446644|618721|951845|167094|290614|447074|650841|958067|168911|292069|469001|699467|958670|169877|302248|486699|700049|967675|173148|329419|488170|728680|993520|178582|339556|488463|732446|994060|185760|343584|512228|750557|998325,True,https://myhora.com/lottery/result-16-02-2564.aspx,2021-02-16-BE2564.html
2021-02-01,ผลสลากกินแบ่งรัฐบาล งวดวันที่ 1 กุมภาพันธ์ 2564,2564,912307,6,282|651,97,912306|912308,,332913|742193|832004|911667|977731,414365|494890|614537|843195|926898|436403|584375|839535|889390|962702,001885|223805|376832|597914|770172|011056|232070|415234|600583|851269|027316|243453|440543|603395|949369|027506|250256|492891|627162|949864|030342|268571|494661|633893|959742|072932|283305|524610|643180|967461|073651|297047|527527|682896|976654|150655|318935|535339|728128|980145|186057|321269|555852|737151|990239|203361|360777|584381|747455|998072,006967|190471|420087|588776|808920|008980|199034|433986|600528|817941|025827|201160|441715|605943|828552|050786|204015|461561|615891|839330|056352|208074|464236|616530|849172|062475|232806|472249|619859|889783|065072|253135|479871|630738|903049|100498|260189|488674|650259|910966|100513|281720|499241|653590|914180|108370|292892|513163|664020|916746|112875|296880|521800|665241|928099|124179|317495|524441|668064|942459|130827|319308|536051|672393|964791|133714|321829|538755|697492|966551|136438|347125|554020|706752|975542|138561|349306|563941|728067|980256|143580|359058|565327|748315|980466|145754|389217|565693|750997|989557|152334|395811|579841|766658|989788|188608|416466|585418|771753|998846,True,https://myhora.com/lottery/result-01-02-2564.aspx,2021-02-01-BE2564.html
2021-01-17,ผลสลากกินแบ่งรัฐบาล งวดวันที่ 17 มกราคม 2564,2564,384395,6,566|878,15,384394|384396,,177520|231007|323948|394142|788724,032732|296997|399658|555122|614475|091718|310475|482727|561476|915778,016674|225769|445989|578462|828762|019581|225876|459912|595994|834333|020162|288692|488934|610948|847443|041730|294899|491441|629002|878459|050202|314136|493820|639393|878632|064982|319267|501929|658447|915839|126189|362907|511246|667634|963864|155182|385971|522461|679357|976765|165811|437093|533195|775492|985420|198094|445244|571797|800980|995594,012323|165991|380696|612692|768286|016591|175228|384411|614098|783493|021110|181931|387215|615044|794655|027027|184199|387776|628217|796168|040995|206258|403093|632700|797344|058546|218200|422176|640587|799388|058762|220780|437656|654436|800017|074497|226921|441293|661869|815895|081100|241093|453850|662923|839423|092078|242840|463325|667661|844357|105703|263837|478478|672068|846831|111168|268315|478928|677211|857074|121136|271148|483150|691643|857649|125507|294800|489086|704933|861845|129870|301568|492516|715804|864442|130033|306146|507839|717110|870711|133292|348530|509035|724160|905616|137599|360771|524300|742618|929004|140676|364079|548880|754763|957940|151781|377602|559493|762306|982189,True,https://myhora.com/lottery/result-17-01-2564.aspx,2021-01-17-BE2564.html
2020-12-30,ผลสลากกินแบ่งรัฐบาล งวดวันที่ 30 ธันวาคม 2563,2563,803628,6,321|924,19,803627|803629,,038681|151281|207556|418150|514442,125389|344204|484969|556714|787612|258777|484581|556609|683749|819262,032838|175958|341716|556092|822023|036519|181664|342092|556314|871387|081531|186279|360085|559861|877659|088010|223759|383519|583637|919775|097352|224716|399482|684401|927087|098737|255122|408453|753094|947140|112868|265658|408865|774515|951391|142283|265824|492688|787802|953434|155667|292741|498778|799306|970207|163986|333128|523721|818709|986057,001056|214383|358890|624778|804901|009206|216181|365305|632527|805769|018409|221051|391147|642417|827768|032564|230493|391731|652751|828993|045375|258318|432860|654661|834867|056353|262810|448712|657306|838302|064998|268323|467479|671707|858792|067530|272759|474448|672310|861746|068479|282947|483116|682023|863501|077610|287235|523597|692629|864883|083469|313864|536030|692861|868022|109774|317816|541681|693771|897318|122082|322775|543360|752446|914623|135770|326904|543892|760415|937099|140666|333935|551258|761119|952550|158001|341068|552031|768823|953567|165232|344560|556255|776851|956774|167037|348647|590337|777364|965589|168303|349766|591413|780783|973285|178948|351931|595977|783299|985709,True,https://myhora.com/lottery/result-30-12-2563.aspx,2020-12-30-BE2563.html
2020-12-16,ผลสลากกินแบ่งรัฐบาล งวดวันที่ 16 ธันวาคม 2563,2563,201303,6,072|517,70,201302|201304,,284694|408019|572443|780453|975617,000973|046396|351056|384705|776045|011404|332227|358429|387722|859519,004474|142804|403954|618838|771583|013055|156987|440322|633683|790366|027611|191570|477967|647375|823257|033205|237943|482652|662143|841863|047151|246487|519802|683116|866456|049286|265147|539471|718028|870829|067205|328013|546650|725943|931292|070851|340661|558661|733028|959196|101222|361583|571740|735797|974001|136527|395749|596158|762897|981143,006560|209027|317306|570852|733729|016570|209438|332602|573035|738830|018087|218144|345297|575639|758704|028476|218471|367680|575903|789126|030198|221884|368977|581470|839758|036219|224678|376643|602100|859929|038298|224887|377807|608023|863234|046685|226157|378691|612078|879739|057606|236137|379671|617622|894057|085504|236969|386364|623571|897003|094080|244340|393418|653747|908694|101039|255930|402271|660401|916645|125637|263873|420635|664863|930917|130126|271856|433600|701002|932094|143101|288754|465422|706913|937906|153955|290464|490074|708698|940877|163501|293966|493565|711796|951747|173547|294066|493704|713548|954975|195362|302349|525175|719104|987179|203119|304762|529987|727119|995484,True,https://myhora.com/lottery/result-16-12-2563.aspx,2020-12-16-BE2563.html
2020-12-01,ผลสลากกินแบ่งรัฐบาล งวดวันที่ 1 ธันวาคม 2563,2563,100994,6,834|984,84,100993|100995,,398530|623477|790808|830139|956546,119488|271267|350613|419141|467146|266858|345946|407283|425570|481821,003265|154618|322894|516842|801616|025488|179707|344896|556932|831281|033941|195713|346858|559508|835315|037127|203695|375638|602398|890107|038812|224737|416530|607594|917779|055988|272047|452491|617305|927549|072860|272973|468286|618214|932485|119878|284809|490780|661229|937695|121760|306464|503976|717857|951673|127980|321877|511794|775339|957137,014066|248977|432555|615313|815496|015968|256790|445011|617776|816065|016686|268652|446461|620281|823019|018075|281997|446647|620983|841474|018663|293894|470489|626303|866648|030487|297013|472023|640834|873854|056498|298041|477731|642973|874249|083321|301608|486849|651017|878010|085091|305440|510827|655140|881647|104708|308206|518770|664586|890071|105604|308724|523259|679518|893905|107874|316806|526183|683299|895836|108314|319066|527720|701315|907897|116675|328774|544733|713649|918863|165770|338054|548209|757316|936470|187450|345064|549356|758506|943157|193542|359087|551723|779081|944535|196404|388141|554217|780473|953790|207429|401022|565535|799502|971023|227506|409675|599622|812272|973808,True,https://myhora.com/lottery/result-01-12-2563.aspx,2020-12-01-BE2563.html
2020-11-16,ผลสลากกินแบ่งรัฐบาล งวดวันที่ 16 พฤศจิกายน 2563,2563,972661,6,208|255,46,972660|972662,,299864|365679|414289|814908|921353,037891|124248|331438|576077|783176|038362|217916|438268|738249|988760,006916|211132|465999|696582|806623|022030|212009|467610|702530|841803|052736|226218|467891|708622|844772|064892|281925|482433|733266|847891|088228|294425|513564|753070|856119|098070|308386|557745|758089|887680|120179|313802|562797|762932|920949|165296|317884|567639|784083|973144|178574|377202|623811|791986|989518|179237|397832|691370|794457|992146,000607|307432|547044|734640|857314|006235|309978|549388|735392|859049|007506|369997|566466|739683|866688|048575|379451|574606|754999|887076|069953|385080|575825|755116|891369|089223|392970|576827|763993|897384|095497|394678|594488|771994|903353|105405|427995|625987|782055|906848|158096|431858|628583|785586|907166|173569|432787|640824|791423|908192|176300|434842|660365|797118|911655|176828|448753|662621|797354|935989|191033|455650|679738|799284|936875|221226|457777|687797|801412|941255|223888|457817|694122|804819|946583|225759|475935|707715|810921|973491|258568|499957|714669|817284|975180|284785|512340|720666|822937|981791|291533|513864|721899|833696|987267|297243|526888|731203|851767|999152,True,https://myhora.com/lottery/result-16-11-2563.aspx,2020-11-16-BE2563.html
2020-11-01,ผลสลากกินแบ่งรัฐบาล งวดวันที่ 1 พฤศจิกายน 2563,2563,506404,6,062|245,40,506403|506405,,199970|241406|428719|430761|839755,005114|053850|199474|561720|672466|048601|108958|393735|602942|908793,002027|271359|434397|566398|899896|133362|279558|464395|570158|901286|139543|294033|467039|584371|904138|160097|331503|479788|599404|908140|180162|351771|493615|627209|919556|180222|354411|510807|673574|944478|184186|366729|514969|710657|948612|227136|393148|540580|767891|967202|230128|402604|556666|836859|976810|259570|422351|560928|844121|993682,003869|206931|360410|531321|735028|015530|211031|363116|544448|796992|024827|213713|367554|565192|806509|030064|215765|371717|569108|822645|030963|216022|385120|574331|834931|033745|227559|392172|580674|843024|055863|233522|395872|588356|868344|058078|254473|399791|606915|869856|062872|256495|404279|613615|878010|063765|269661|448458|626878|885313|107459|280129|448849|634616|894118|120685|281664|458615|639802|906437|123077|293006|466688|641511|911880|132549|306629|473391|652409|919200|165306|310467|473522|669707|926628|166683|313408|479496|676272|938979|169394|318965|481897|679273|941992|173682|322183|502966|692838|963692|175108|341535|517137|694598|975659|182341|349051|526061|699188|989040,True,https://myhora.com/lottery/result-01-11-2563.aspx,2020-11-01-BE2563.html
2020-10-16,ผลสลากกินแบ่งรัฐบาล งวดวันที่ 16 ตุลาคม 2563,2563,286051,6,045|980,38,286050|286052,,259926|712507|741540|896056|977157,065804|226753|475108|684127|842155|218926|258855|578332|750476|843375,016331|150099|292241|476093|737739|024613|151228|297222|502748|753355|031241|165004|301991|506716|811859|039837|186289|303646|578900|890852|054178|194762|311046|666600|894986|064412|212536|325114|672504|925868|070326|249247|376522|678394|940279|085987|254830|416487|710540|948129|130295|284957|417590|711206|985256|148136|289286|468224|733441|994913,010370|256466|418217|599590|788015|014402|259169|420882|600056|790922|018347|279863|426844|604112|801270|038331|288533|432962|617248|809139|038386|292784|434822|618868|810770|041679|313074|436249|637199|815475|047431|314400|458698|643322|817507|069252|322701|461567|643803|829497|071492|339364|469726|663737|843460|087455|342656|486128|685065|854415|101039|347116|491203|690415|896515|103073|350111|499698|706277|899664|109089|352332|503931|730783|903996|120660|361793|504910|751304|914956|128944|376566|540142|753181|919055|150803|388750|544606|760748|936294|198825|392808|550792|762090|938735|202229|393420|570269|765071|948679|239531|397897|596050|776122|970259|256310|416271|596816|786287|977644,True,https://myhora.com/lottery/result-16-10-2563.aspx,2020-10-16-BE2563.html
2020-10-01,ผลสลากกินแบ่งรัฐบาล งวดวันที่ 1 ตุลาคม 2563,2563,837893,6,110|595,59,837892|837894,,041073|264258|386574|564262|809372,020639|278464|500626|736751|817536|180850|388958|666772|814224|934680,032579|130793|266056|427649|716800|061168|145487|298827|430586|723338|068823|152475|362040|474805|811394|077237|167978|366405|557930|817879|086524|193325|373592|573243|837573|101617|206210|375985|596898|843660|119801|217727|402024|605674|873269|122495|220512|404640|629776|881266|123375|243797|405716|709832|988177|126851|251170|410959|715047|996447,008999|217933|384741|616802|774803|020167|218504|385624|636839|781032|020203|228235|393011|639732|791336|037830|249758|447391|647494|791704|040682|275902|456940|650363|796435|041491|276519|456941|655492|803515|049415|282926|468506|656124|804731|053563|296378|474775|670188|815258|057131|298322|491502|670445|835022|090177|316746|523997|673157|859940|109547|329157|527179|680179|883739|115541|336922|543145|696129|888565|129163|342499|547782|701084|893048|133087|344378|554133|703949|896430|159528|345546|554362|706034|905772|176426|355792|557885|707969|924139|177606|356108|562179|727793|929420|190868|366361|566436|741237|957374|199728|366385|567736|741540|965494|215522|373640|615996|765901|978958,True,https://myhora.com/lottery/result-01-10-2563.aspx,2020-10-01-BE2563.html
2020-09-16,ผลสลากกินแบ่งรัฐบาล งวดวันที่ 16 กันยายน 2563,2563,244083,6,623|853,57,244082|244084,,165055|223313|617596|734505|763352,375874|431219|517230|594436|743849|405166|455126|562093|734220|907424,013554|251203|361508|493910|737151|015474|266191|375969|516243|801364|062777|269977|405314|525926|811703|069976|279314|423478|574659|910115|082846|305333|445903|615884|926386|098907|317106|463788|622313|935033|116942|321809|466731|642938|936438|194222|327943|470005|673974|978301|214301|346789|470481|685719|981261|216796|354907|491996|695668|982989,057409|259475|439465|601013|779588|057524|262021|439944|627803|787897|058267|269937|441043|632950|803818|063367|289350|448198|633400|831429|082863|292539|452025|643544|836896|085471|307677|476484|651211|845978|092819|314106|478407|660809|852772|135776|319382|486807|666470|867761|142101|339237|490011|666982|874718|167476|340276|492471|668905|885610|180088|348486|498291|677198|888515|185619|349220|525759|700314|905251|215845|370030|537028|704503|923841|223064|370270|537696|714654|930631|232138|372544|542260|733717|935734|232551|405472|561043|740796|939108|233907|408249|561616|741176|952044|248245|420679|572751|744880|954832|249499|422823|577587|766418|956207|254538|425098|591793|778236|986376,True,https://myhora.com/lottery/result-16-09-2563.aspx,2020-09-16-BE2563.html
2020-09-01,ผลสลากกินแบ่งรัฐบาล งวดวันที่ 1 กันยายน 2563,2563,999997,6,342|957,98,999996|999998,,071298|283972|301191|622808|838934,183523|310680|669274|777521|810362|304732|454913|757539|797960|895221,002450|276722|438545|649025|772364|018290|289691|458841|663185|793413|030905|326684|461400|672470|803247|073991|347168|537470|677566|809233|076387|351142|552713|681247|857663|097686|402049|561416|709418|913229|127004|413832|570036|711503|968969|137150|424829|577140|733265|973174|183061|426465|599076|739437|974475|196364|430807|616842|767283|979234,012262|223441|372602|586403|753189|020690|227376|374909|593198|754142|030428|234305|399540|612222|789819|040971|240081|410280|638353|802971|065402|249929|419826|644741|807760|072388|255175|429912|652699|811198|074006|259080|443215|653217|813342|098042|265738|450852|655035|832687|108283|265933|454108|662649|858758|109711|275938|469240|674756|865855|139307|276859|484596|684231|882488|152827|289058|489369|694401|885180|156959|307149|489409|699576|889127|166343|309910|490439|703650|896324|167251|312042|510005|713240|917195|182939|319716|521963|722617|926810|186822|322843|526611|737270|980062|191807|336526|539855|747777|981731|192290|342550|543366|748200|990055|219712|365836|560014|750140|996911,True,https://myhora.com/lottery/result-01-09-2563.aspx,2020-09-01-BE2563.html
2020-08-16,ผลสลากกินแบ่งรัฐบาล งวดวันที่ 16 สิงหาคม 2563,2563,945811,6,364|733,88,945810|945812,,076190|290322|324730|414322|500896,025918|155863|583811|858011|885671|149654|541281|736329|858319|907940,015778|239792|404882|596587|761771|035497|246267|433172|598032|771126|044718|272706|441252|624676|775298|101174|274205|473638|632181|807459|113934|288310|485455|654755|855038|131334|310013|535127|663488|868128|160469|333742|558026|711451|899366|177372|340338|562645|720803|913491|184602|395725|579876|721674|959365|236793|403777|582099|742765|990327,003149|191281|425551|614476|806098|010765|216702|432294|614600|807181|011512|226033|437972|624609|807463|020559|234179|451922|631489|811124|021255|256217|478433|635492|839620|029078|271085|491787|641363|864670|035640|284071|493645|643106|867155|045984|307212|519258|648862|882888|046017|311209|522884|650065|894827|049825|313932|536503|654558|900606|058454|317316|539482|674005|907885|070010|332013|561719|681920|917252|107959|359186|569476|693497|931896|120631|367913|572127|696103|945427|122490|393954|577061|696963|947046|123430|409898|579434|733157|971461|154949|418390|592396|762202|990361|179207|419770|593814|763746|991399|185640|423336|603681|765361|997440|187744|423681|607580|790465|998489,True,https://myhora.com/lottery/result-16-08-2563.aspx,2020-08-16-BE2563.html
2020-08-01,ผลสลากกินแบ่งรัฐบาล งวดวันที่ 1 สิงหาคม 2563,2563,569391,6,578|809,92,569390|569392,,101633|512010|544525|769799|849581,030131|085905|136551|403720|777509|036873|118907|308143|745312|810800,013724|222641|441717|575463|727773|068906|235282|465487|580533|735597|074056|245303|468271|580695|753376|108799|272070|487015|607269|758924|114014|305677|490883|615672|795629|121738|326212|529542|632642|859884|131753|347683|539171|646830|900970|147590|361090|546351|666509|911332|164150|375627|549586|672575|938762|199198|400896|559565|676289|998300,007043|212850|417846|657651|795405|007447|240600|436592|659744|820133|009524|245374|446889|666033|823370|018349|246676|469397|677593|826698|034000|251295|475072|682309|829267|034541|257476|487553|688327|834492|048734|265767|528520|705128|842085|052010|270235|533658|715229|866481|076487|270411|534748|730171|872939|080120|284213|536578|735981|888098|092327|316584|557890|738295|915515|097352|341087|558794|742085|916646|105262|345326|560148|750051|926690|117378|345398|581082|761146|940968|137144|349206|611091|762370|944726|148616|359439|620638|774072|956433|152100|370410|627733|778238|956717|156483|407861|638907|779278|966174|165771|409896|644261|781934|969639|209949|412226|646860|795326|993456,True,https://myhora.com/lottery/result-01-08-2563.aspx,2020-08-01-BE2563.html
2020-07-16,ผลสลากกินแบ่งรัฐบาล งวดวันที่ 16 กรกฎาคม 2563,2563,873286,6,494|682,53,873285|873287,,265514|741212|906944|922280|948458,073630|173669|473357|845538|861354|143752|330820|792949|857511|898120,017054|196201|395079|574589|807283|023228|215682|420117|587100|808191|032076|232905|421436|647447|838547|121206|237420|445983|688668|844588|128737|245243|451992|696000|850386|136263|285630|492794|712001|859111|150854|308840|494909|718145|922084|157171|323789|523339|735416|962683|188731|338273|547460|747795|968309|192502|339760|563511|778198|969027,030541|163098|364544|603975|826540|047885|182905|391960|617845|833719|051348|191376|395562|629549|834121|067942|195649|407706|644384|853475|070609|195811|415365|647773|857608|075476|199497|421731|652925|871122|080044|203914|432914|664259|875442|081617|207825|445235|669787|885427|101047|227476|446167|686759|892010|102041|239905|470597|696469|902329|109147|253414|479087|723497|918295|114071|258607|501713|728316|918766|120060|268075|502511|729287|925437|121752|284261|503820|730623|940837|124715|296861|534361|735531|940881|125876|297238|548009|746200|947047|140146|301317|549087|779082|951894|146417|339353|567681|781993|959129|147174|356348|597777|791528|961847|152753|358500|599997|796581|979075,True,https://myhora.com/lottery/result-16-07-2563.aspx,2020-07-16-BE2563.html
2020-07-01,ผลสลากกินแบ่งรัฐบาล งวดวันที่ 1 กรกฎาคม 2563,2563,347258,6,094|307,83,347257|347259,,059367|165108|443218|521355|782552,030000|167559|458572|699988|758112|035010|408333|569662|729594|820265,002292|227181|480425|614836|803109|013896|250779|483708|693052|803425|028192|252903|508286|719163|852775|032989|269214|529518|719742|861960|093986|291320|532157|732954|903896|097590|298418|533677|740707|917160|155749|348844|556133|760622|929531|156815|384246|559096|771321|955927|211398|422982|585714|785262|972002|216512|460007|612780|798070|999864,013803|271579|434779|627324|817746|034722|271660|442545|637388|822404|043545|282215|444626|638932|840943|063249|288586|458045|652016|841358|078890|291427|461235|693774|841927|108471|294426|478867|694350|843676|175599|303634|479405|713674|844328|177256|305609|492800|715599|880841|177496|323199|494232|720824|887108|180780|333671|524831|729518|891047|189223|335319|546253|734274|899116|191863|344070|548132|735233|901775|198926|362377|554808|735505|912451|205077|375045|567979|742323|920600|208137|376236|569746|751435|931393|210731|377456|574807|756815|931873|223090|390155|587135|760405|936329|225502|397164|591210|763959|953377|244383|426971|599603|764620|969794|257605|429262|625824|796240|999435,True,https://myhora.com/lottery/result-01-07-2563.aspx,2020-07-01-BE2563.html
2020-06-16,ผลสลากกินแบ่งรัฐบาล งวดวันที่ 16 มิถุนายน 2563,2563,516967,6,565|625,64,516966|516968,,271010|292976|306962|717506|882952,134728|328213|436474|542338|795757|216930|407422|494318|613509|938138,044879|198985|414022|590007|697891|089303|210111|450702|599709|699827|093636|300674|454034|612343|730551|099713|302968|465818|636127|782344|100730|321637|484468|646865|828884|165952|340877|495457|646928|829217|167003|365405|496138|651521|830589|177811|387394|563520|652241|972308|194431|391667|577042|660358|975419|198127|397768|579721|677960|975837,004473|151015|307807|495484|739138|010840|163960|308071|500316|743365|011067|166762|318555|500610|745152|022205|189834|321743|510733|749040|025477|192458|335311|511828|772461|033740|197191|335831|511848|777068|034887|199623|345614|537065|794620|035852|200485|346174|547083|803455|040718|217071|359228|550447|812686|041263|219287|368029|555090|822111|047005|223835|375930|570862|824181|052257|224360|388199|606607|840207|066868|244169|390080|619135|854682|067273|244417|391178|623187|860342|089979|248097|403761|625767|874433|090551|268541|413752|644394|880309|118481|271246|454301|657924|912810|118650|282179|455094|661848|968674|121528|300393|462235|682496|976244|128048|300993|470109|726040|993588,True,https://myhora.com/lottery/result-16-06-2563.aspx,2020-06-16-BE2563.html
2020-06-01,ผลสลากกินแบ่งรัฐบาล งวดวันที่ 1 มิถุนายน 2563,2563,831567,6,562|582,24,831566|831568,,275286|318041|506560|625456|796102,234855|257496|515788|666644|956876|251188|457553|606161|711491|973272,003998|250426|483291|699235|878778|046725|251302|485711|706199|879048|098161|267570|521278|710931|919749|149355|285356|557230|723159|923296|158137|319164|565584|723719|923302|166269|328562|574976|782104|926647|176234|347276|585760|789075|937726|189879|368890|614603|804670|944345|196496|386861|657620|832287|970653|223584|403827|668117|872948|991820,003654|233969|406709|593709|761501|012975|236080|418370|594156|765883|020415|243521|430566|606863|767680|025384|263572|441444|609691|792387|033012|269384|443809|624401|793189|040913|283285|463458|630651|793386|057532|289645|471188|640037|798818|072058|294595|472624|643935|828860|084427|298975|493995|648478|833960|090397|300540|508421|652114|855363|094948|305201|511476|655383|865017|115035|305738|519895|674353|867018|126707|310352|520814|690828|867170|139165|332763|530696|696513|874702|139706|337561|538133|710805|908424|144962|342306|542810|734351|910547|153273|358548|553286|742617|944061|162272|359996|557862|747196|952461|212276|372955|565488|749001|969263|213453|384509|573604|752532|977886,True,https://myhora.com/lottery/result-01-06-2563.aspx,2020-06-01-BE2563.html
2020-04-01,ผลสลากกินแบ่งรัฐบาล งวดวันที่ 1 เมษายน 2563,2563,051095,6,191|364,22,051094|051096,,146823|292621|321242|780132|863712,050269|118779|421363|595293|935047|112075|363077|563533|794058|993767,017838|265599|487749|709851|834556|030427|313324|559273|713366|846265|056765|346534|567936|739542|867935|059803|370031|603922|797281|906789|067130|399214|631976|803910|909818|082469|407951|650392|805619|933651|174337|411102|659336|809912|937415|209098|413168|663664|813176|953201|223592|447655|684219|832032|965302|245877|474469|701975|833948|992973,005239|296802|495242|636107|794530|027719|303385|496804|639253|819208|034527|314800|499623|645323|822338|045849|330056|499935|650441|826621|052120|337269|518297|650854|829951|085022|366847|519032|660306|845485|088559|383950|536969|662329|846418|100560|384034|546463|673363|863675|136440|392632|546479|699512|882040|151725|399161|547734|701393|889348|154463|405170|549254|702166|892187|157193|408759|551815|706716|892958|187709|414509|576104|708061|901332|187863|419201|580821|721891|915990|189238|434866|583744|728075|922344|213845|435132|589488|733139|930761|222013|472949|601706|768846|943814|227552|474510|614744|769816|950065|255985|485577|619640|773113|969968|267815|487458|625862|786376|985148,True,https://myhora.com/lottery/result-01-04-2563.aspx,2020-04-01-BE2563.html
2020-03-16,ผลสลากกินแบ่งรัฐบาล งวดวันที่ 16 มีนาคม 2563,2563,503446,6,404|661,77,503445|503447,,156175|577151|759179|763348|849691,198725|355831|514970|593611|783590|220592|386486|566251|652021|819863,022167|246572|343691|598294|715327|037738|248007|367226|598800|728536|039461|266770|426472|624863|747571|086281|275382|431327|625017|771818|104374|280990|431336|631419|780189|112044|283498|495102|639251|780758|115129|285145|524507|658089|869281|128036|304436|534348|671003|913604|166093|318139|538212|673792|951205|166798|339276|554702|693939|968004,001191|220632|396678|654552|859972|013680|223633|403202|657205|860062|062139|227327|475758|661758|862434|079581|229142|483304|674851|875276|087769|272497|501320|676537|878950|088763|291822|514708|712568|885614|091572|298142|522562|732420|894886|099249|321480|527567|736090|914952|120215|324014|548335|736143|940995|129718|326945|555538|737073|943035|131034|330201|558715|737115|943286|142652|331978|567110|744337|948812|152316|346723|578016|753839|956849|172707|356679|603590|784296|963731|175457|363954|604845|800075|978085|178623|364895|609248|804442|982062|200135|365431|611494|820584|982185|209477|372444|629639|847791|985559|214132|385359|637055|851788|989474|215238|396583|640745|856786|994561,True,https://myhora.com/lottery/result-16-03-2563.aspx,2020-03-16-BE2563.html
2020-03-01,ผลสลากกินแบ่งรัฐบาล งวดวันที่ 1 มีนาคม 2563,2563,875938,6,597|780,98,875937|875939,,060416|493313|520618|534604|876474,014656|134908|283043|601360|836387|120115|271109|581228|769895|858575,000813|199628|341799|498308|680507|002570|200851|363887|514660|708247|017470|247875|372579|548207|774454|019458|252311|386874|575900|795450|034412|255468|387773|599838|829031|048014|276985|396335|609848|893641|071910|280688|447660|620636|910734|160294|289386|448714|625448|919836|173917|339323|464406|630541|927971|199337|339332|489170|663914|967652,000961|232665|415772|626174|780068|001600|241193|421555|637674|786212|007525|257260|422507|644600|796394|007553|260421|432572|661093|804209|031364|262410|437719|677191|811176|047530|270996|447241|684631|811226|065428|273667|458173|691955|826405|066378|281611|468516|693154|845280|084544|291965|474085|697568|858577|122352|296021|478920|704231|872588|131280|304384|494285|706002|897528|150008|309809|499027|724249|903782|174915|334532|501961|724413|905414|176663|345883|506216|724461|946307|177039|358459|518077|728355|950424|209240|360023|529233|730678|951165|217515|377351|530694|755995|958110|223417|379753|556222|775526|967462|224267|384127|583201|778587|982805|224346|387033|599316|779454|988137,True,https://myhora.com/lottery/result-01-03-2563.aspx,2020-03-01-BE2563.html
2020-02-16,ผลสลากกินแบ่งรัฐบาล งวดวันที่ 16 กุมภาพันธ์ 2563,2563,781403,6,030|918,94,781402|781404,,031350|186877|236727|320101|624778,095797|114645|215618|468941|880226|096409|163530|278606|788719|957558,010122|199091|419102|616290|766387|026097|233305|435585|628825|786721|054570|241899|447807|629869|796134|055273|264330|476520|635774|819036|072592|319221|500669|645659|831041|080271|320396|504034|647075|843796|108850|383358|506877|652474|858420|137277|396458|546908|663691|862836|151186|399348|585988|717748|870727|165618|407436|604182|735607|992262,004902|169419|391023|611160|818149|010841|227843|416435|615278|818565|012775|240286|431675|626858|823265|018315|246078|466692|654913|831908|024883|251535|476526|662428|860890|033209|261597|482524|669300|862406|046146|267503|505695|679750|876736|066781|293762|511033|714226|884810|099771|316433|523754|718183|929814|101185|324847|524440|733330|935719|104426|330037|527732|743100|936400|118643|332670|528483|762447|940584|118810|332934|540767|765905|941789|121037|345967|546242|773168|957217|129734|355732|548699|785132|981858|140491|358828|559967|787530|990126|143146|369070|591150|790302|991713|152719|371571|595533|796434|993285|154166|382615|597086|797306|994358|161889|388252|610217|799306|997597,True,https://myhora.com/lottery/result-16-02-2563.aspx,2020-02-16-BE2563.html
2020-02-01,ผลสลากกินแบ่งรัฐบาล งวดวันที่ 1 กุมภาพันธ์ 2563,2563,589227,6,375|927,06,589226|589228,,041656|102110|574473|679758|912367,088398|126524|567239|694807|728829|106269|406371|669498|728615|974847,000160|133383|388002|461402|818224|005881|152938|395806|559531|823255|008224|171507|398131|563957|856026|029059|172782|398208|571050|859507|043910|196761|418672|571085|864657|063256|300300|418744|585306|888115|082501|329261|420015|624954|917159|114641|361268|429119|639276|926594|115767|363625|454859|693603|956028|132575|386425|454937|806967|974181,017786|191920|353274|616090|811267|022906|197857|358927|624795|812996|024866|198143|360925|636522|828571|059070|203741|392781|642248|842094|063486|205267|412409|652907|846331|073486|207159|421353|654049|849754|073866|231846|425970|666090|852872|078851|243079|456522|675400|860342|082050|244432|470291|691530|862905|103200|248572|479755|696230|874380|106270|253488|482848|711093|883789|116145|267440|497305|714309|886078|128224|295953|514779|716713|888688|137542|299809|524386|730063|904186|162412|323352|552630|736319|906159|163034|326110|556254|737064|909074|164902|326768|557111|747924|913952|167270|327564|570913|755316|916859|180775|329664|601682|807159|921121|184025|349088|602058|808483|959404,True,https://myhora.com/lottery/result-01-02-2563.aspx,2020-02-01-BE2563.html
2020-01-17,ผลสลากกินแบ่งรัฐบาล งวดวันที่ 17 มกราคม 2563,2563,491774,6,379|595,68,491773|491775,,291854|315433|334941|346140|456371,011712|092601|149037|295436|563656|047068|122112|155665|302930|799564,002742|196368|415896|626803|780290|017180|197576|465539|668641|797014|056481|233643|474648|701069|821778|068332|234791|488868|701635|827179|132055|266663|495411|706966|828129|134637|268673|538179|708465|829905|153619|274431|540918|726669|917720|154095|286488|554349|730628|942856|176349|345447|610522|761650|960050|185190|399019|611202|777783|985432,004814|210103|375865|613028|809021|050938|211211|393635|629280|816393|054185|220440|412041|630294|834784|064416|243120|430144|642324|837817|071120|247623|450725|644336|846958|071354|247863|456172|657349|881216|076844|247971|457123|660182|884224|079566|248323|470594|679058|896497|082579|259571|477358|681091|921693|085671|261318|481800|711214|924122|088760|285089|483980|715897|928591|110281|288942|487218|721789|934080|118240|300746|489673|721998|945158|118250|303524|510532|730986|947056|131382|314830|520013|742231|950667|138899|341333|536334|751217|960318|161452|352266|542659|770871|979755|170112|363365|552793|800763|980518|171039|367545|560798|802858|983825|205870|375248|597029|807272|985462,True,https://myhora.com/lottery/result-17-01-2563.aspx,2020-01-17-BE2563.html
2019-12-30,ผลสลากกินแบ่งรัฐบาล งวดวันที่ 30 ธันวาคม 2562,2562,510541,6,140|250,81,510540|510542,,059567|350136|374507|624546|935603,144030|501630|551939|815963|904909|379125|551057|729960|893572|909289,022940|192990|465581|722958|869911|033032|198706|494688|753604|870962|034930|265032|555494|788768|899616|051650|310288|613805|790441|904873|077124|338406|614048|810072|918910|092527|360866|643730|814082|921085|159432|396913|672728|829463|923334|165747|403731|693465|831520|928852|186851|419426|702277|842733|939030|191526|454309|711382|850857|939653,026337|191184|413163|611146|882792|027687|195782|424104|635191|883644|034206|205181|438493|652630|889440|039133|211944|440546|684713|899878|084405|213411|443662|709101|903975|093589|213692|446634|714873|910577|094399|220865|451826|723490|915456|099196|226983|476533|752063|923210|122586|234143|486842|755656|926366|126292|254803|492745|757772|928746|131152|268372|550338|760860|928786|143377|272906|573431|778355|941891|149575|318154|586180|782072|944854|156404|334468|588557|797250|951542|157862|338864|590400|811104|960850|158908|342078|598770|817730|961140|164114|346943|598987|838064|963610|176155|348426|601373|840130|983931|185649|356279|604139|850376|998879|189488|390032|604933|852300|999316,True,https://myhora.com/lottery/result-30-12-2562.aspx,2019-12-30-BE2562.html
2019-12-16,ผลสลากกินแบ่งรัฐบาล งวดวันที่ 16 ธันวาคม 2562,2562,529924,6,555|665,97,529923|529925,,023945|270487|423855|440909|945659,132697|290056|460486|624585|925924|218711|327673|533651|922510|978094,001677|136904|402648|713212|892301|035371|177014|422219|715596|909363|050805|239998|436428|721470|911866|054402|268590|446814|737474|914769|056775|281462|495824|779206|925378|108562|310006|518349|792311|930141|111527|334320|632112|796300|934416|125179|379588|642619|803016|958122|126448|399864|668132|814141|981185|134872|402141|692546|887695|986020,004275|145587|361324|608564|833898|009471|147341|362094|625368|834311|014221|153383|382377|632108|836125|018637|155601|402069|633599|842041|049459|156041|408259|644463|846564|062646|166844|414607|652808|847933|063425|170489|415473|663268|851414|064147|202996|434668|669840|854312|067652|217790|457028|675531|857899|089808|222308|472456|704697|886848|091801|222871|474547|729729|895590|095378|264024|483409|733423|895678|106942|270874|486484|748153|903804|112470|282771|491854|773325|907636|120830|301116|513353|774469|908004|121014|301705|526900|775391|923180|125972|311063|533874|786664|939507|133557|317074|597634|791129|959293|139046|325226|598084|817852|983020|140547|356785|600377|827362|990529,True,https://myhora.com/lottery/result-16-12-2562.aspx,2019-12-16-BE2562.html
2019-12-01,ผลสลากกินแบ่งรัฐบาล งวดวันที่ 1 ธันวาคม 2562,2562,453522,6,013|457,81,453521|453523,,237087|378027|398640|505169|516117,038046|180619|285060|768028|935700|146155|213700|534143|786648|956356,047104|165016|370052|543754|777490|083164|169748|372745|546858|803765|090402|172600|390118|592742|804509|105127|220671|399317|661535|824001|117575|230584|412023|697396|839608|132498|235151|467603|720696|847780|139626|236296|477227|722992|886330|141632|281353|511595|744071|902264|146466|295485|519006|752445|993811|153805|314056|528910|753901|997845,004542|215312|412185|579639|803145|011881|216595|412491|580982|805934|020848|228621|415211|614455|828043|043916|229405|426576|621656|846795|058262|239982|439224|626955|852948|078513|240340|445079|638672|855410|079114|241836|445509|640020|863969|086928|242720|447211|666160|868301|087218|267615|450927|668807|874948|108532|274705|455931|685598|885322|119685|278211|486214|701359|901642|121843|313355|490960|721296|906201|145892|321467|496703|727633|912377|154298|332078|515299|731318|921333|157048|358071|528746|747103|926032|191956|366687|547255|756616|945500|195122|370066|552815|760273|947414|197405|383400|573463|784309|956464|197832|385052|574880|792177|985091|209587|406146|578497|799017|986555,True,https://myhora.com/lottery/result-01-12-2562.aspx,2019-12-01-BE2562.html
2019-11-16,ผลสลากกินแบ่งรัฐบาล งวดวันที่ 16 พฤศจิกายน 2562,2562,017223,6,085|194,32,017222|017224,,027192|589816|778298|848878|902680,009089|159068|327577|841062|909459|048948|207548|689685|873903|956379,017678|108679|322113|513221|733648|026563|109693|334178|514345|769206|033318|121948|371992|526215|775134|039524|144271|376444|546371|820492|054826|152439|391762|582171|832021|059525|184889|405511|627127|843567|087890|237258|412449|649078|853215|090477|241253|419208|662845|971684|092768|269819|446795|672903|976430|107659|299303|488445|707409|982979,010309|184837|384828|594379|764024|010435|217809|386591|607336|768421|020184|221880|400470|608890|776555|035408|248150|420829|616296|799145|038662|248544|421442|620253|805883|039529|252711|429257|637181|808297|050706|282045|430160|651220|813462|060624|296035|455496|652709|819195|062520|297879|459592|669314|831840|075688|309293|486027|684620|881441|084173|322646|488650|699383|887601|087495|338747|496235|702392|888842|108761|342615|496584|706409|896719|111914|345306|519165|711841|899563|116555|347346|541191|721808|908474|127646|349597|550492|724759|913889|128495|349815|569006|728453|938118|128744|354379|576445|732690|950753|149073|371336|590574|748323|957172|172439|380919|590588|758445|983251,True,https://myhora.com/lottery/result-16-11-2562.aspx,2019-11-16-BE2562.html
2019-11-01,ผลสลากกินแบ่งรัฐบาล งวดวันที่ 1 พฤศจิกายน 2562,2562,967375,6,021|206,79,967374|967376,,036499|128709|137339|334547|549203,262102|541186|828766|941960|971220|488298|743402|888178|947887|974841,011620|235529|367333|585282|857962|047311|242927|408921|585510|866309|063058|265990|440403|623411|869178|082463|272628|476496|630315|885927|110509|307598|494364|711333|888141|122942|329434|497854|732430|896641|159097|344884|518396|742458|903032|175156|348278|552476|782796|916465|193715|357482|575060|800143|947515|210199|367014|578162|827224|992486,003493|206709|400546|638033|822831|013343|217629|401452|648637|826688|014589|217990|403643|659899|836526|023730|230991|405302|663193|842449|024166|246867|413823|670142|843474|044897|246977|440561|675736|848411|071759|257612|446879|678665|869448|087910|258579|466018|683249|871835|092075|281506|486841|692168|882812|103415|309592|502616|693765|887628|109006|315948|524489|704190|887736|114053|319875|550691|728819|893522|123082|326719|562111|763716|911845|130055|349705|573675|772810|935166|137576|350317|577149|793473|947971|148292|365035|579178|798629|954917|153149|365107|583527|800434|962277|178016|371867|597123|809822|970411|180325|386331|609517|811825|986728|189677|397796|630347|818361|998242,True,https://myhora.com/lottery/result-01-11-2562.aspx,2019-11-01-BE2562.html
2019-10-16,ผลสลากกินแบ่งรัฐบาล งวดวันที่ 16 ตุลาคม 2562,2562,812564,6,132|598,15,812563|812565,,010810|389324|422672|685097|872569,184912|400722|498877|588913|792849|310103|482422|509278|634449|867144,003022|237547|373702|533579|857672|013024|240435|391754|550552|858949|045286|243236|412815|551285|882975|051309|245630|414324|589789|895330|053345|258018|428083|618124|931816|155360|266363|436220|782132|955921|155681|312560|465005|803175|960192|160664|326116|483577|804013|967983|206603|335992|489817|805436|981985|230220|370468|531099|848362|987179,003702|195339|344977|543969|760125|006716|206838|365823|547116|772419|025878|259875|371914|549687|778791|028206|260202|382825|558215|798582|030327|260457|398450|566744|831822|033043|265407|409550|568800|836234|039982|266783|431080|575341|844954|045891|268578|434722|578409|849736|050755|279811|454193|585679|855824|051952|282553|455269|586306|873219|081403|298102|455923|633171|881018|085651|303098|466330|637184|888691|085750|306124|475702|668149|890996|117010|308411|480010|673646|899923|133222|308807|484545|682848|904347|139259|311589|486629|687586|917535|151520|322444|513624|708439|931010|160304|326315|527190|716818|958682|163569|333931|533798|717015|969824|174513|344616|538038|755445|989669,True,https://myhora.com/lottery/result-16-10-2562.aspx,2019-10-16-BE2562.html
2019-10-01,ผลสลากกินแบ่งรัฐบาล งวดวันที่ 1 ตุลาคม 2562,2562,691197,6,606|797,59,691196|691198,,072716|154912|300478|524233|775606,114670|175533|419191|544000|865545|145780|364255|524324|615040|974267,011306|180363|321399|581877|829154|040211|195668|340864|612004|835168|042754|202086|389716|621911|856480|072307|217832|391784|630951|862967|073640|224625|458490|634163|863068|087011|237130|478723|704766|864097|107382|263106|511211|707969|923775|141478|292682|527004|774315|964943|144597|307419|538828|787166|986530|167220|312061|540902|821057|997079,019146|254454|434072|616337|778935|021967|258848|452729|621129|789409|030301|269680|462354|630521|807063|038811|270741|467189|631438|809720|050057|279250|468694|644556|817159|056840|287410|478820|663265|822012|057131|289025|481964|682878|823439|065160|292086|505068|683060|850584|070640|296283|519461|690891|880830|079922|305712|520214|703560|899668|120898|320080|533189|706704|926671|121007|332538|542696|721764|940143|123222|334619|547011|726944|949766|158194|335611|552306|727899|954623|159118|348366|557184|740457|958492|175621|416255|558423|754118|967147|185637|419080|565664|754139|968593|204926|425197|573068|772831|996129|237427|426284|574372|774824|997513|253511|432090|603185|777693|998663,True,https://myhora.com/lottery/result-01-10-2562.aspx,2019-10-01-BE2562.html
2019-09-16,ผลสลากกินแบ่งรัฐบาล งวดวันที่ 16 กันยายน 2562,2562,340388,6,925|939,85,340387|340389,,394807|403708|522822|607729|969958,111226|285554|501040|640916|744181|214686|462347|513233|742666|974506,011653|159536|368713|518211|851176|018737|169632|400061|549119|862726|026342|187719|409534|560343|875338|029715|231741|423375|604139|889029|068887|263041|448710|612400|914664|071847|264527|451934|627571|937500|106816|301998|462541|704109|952794|110630|318588|475875|712829|969016|128120|349153|484078|738071|969062|136080|364792|487554|845981|983264,008822|181453|347651|518465|762124|009313|195264|349956|520140|794838|017717|206668|365621|530201|805145|041675|225266|379911|532557|820750|050936|233478|387520|551229|824807|056570|237774|390532|565592|832387|067686|248237|402314|614322|835926|101502|256918|403187|624128|846298|117824|262743|406448|664854|855084|125445|281163|410314|673754|865894|125935|287904|422182|673933|898375|126590|288534|427490|675234|917756|129217|290540|430048|681516|928224|135441|291138|433179|693776|937381|147164|321556|466333|707676|943240|148116|323510|477457|709851|947206|154869|326297|497636|710244|951008|163316|329667|508329|725282|982696|166027|345127|510359|741790|991673|180591|347025|514891|760025|996900,True,https://myhora.com/lottery/result-16-09-2562.aspx,2019-09-16-BE2562.html
2019-09-01,ผลสลากกินแบ่งรัฐบาล งวดวันที่ 1 กันยายน 2562,2562,798787,6,274|439,20,798786|798788,,269951|294121|500876|710502|808720,049916|226845|399554|637613|653200|057429|305146|560883|640895|774482,051153|220609|405283|666830|878646|057185|227178|413971|707200|883027|068349|236367|432654|717699|884892|091224|242964|470186|735419|885483|119249|252804|518136|784969|890313|163623|335280|521169|811318|900366|173553|339435|524922|835070|917120|206526|341990|571601|838352|934110|209653|365474|640181|844816|958022|210327|397364|661009|850997|975960,000798|210558|435450|616945|750035|015753|236004|436834|618693|757921|021561|258261|440886|619502|785199|022669|260733|442609|619800|786332|032379|284662|462117|621453|805743|044057|301480|472585|622247|865616|046957|314546|488364|622581|869195|059910|324939|511476|627342|870716|084071|365698|512234|636950|872892|099148|366605|521683|646888|881062|122800|388771|523871|652316|912107|123113|392115|529185|660267|919934|133011|394840|530643|679761|922123|153676|396497|540181|689057|924385|160694|399776|558971|695911|938883|167707|408055|567527|708285|947298|172110|414337|572757|710506|951707|186376|417922|579286|722788|958275|189480|418517|586732|732899|964059|202691|427539|599641|742925|989853,True,https://myhora.com/lottery/result-01-09-2562.aspx,2019-09-01-BE2562.html
2019-08-16,ผลสลากกินแบ่งรัฐบาล งวดวันที่ 16 สิงหาคม 2562,2562,775476,6,563|580,89,775475|775477,,612953|622637|832339|842798|998783,075264|381862|565307|578345|776700|369605|448926|573781|612143|932528,001074|211474|414618|622746|825945|015988|240533|435683|625203|828558|032846|249743|481865|644213|834073|040475|256817|491578|657929|840996|045088|262597|507898|675874|842568|061897|296153|519409|695168|866336|080768|355646|561554|724456|875287|088551|388914|572098|764758|890480|120392|397295|585312|804113|897151|191791|411140|587091|806914|948332,002042|256740|417029|625752|793554|007289|257228|436190|646616|806530|011092|260089|455647|663285|816007|017818|261345|455796|685511|830060|023725|266298|457000|690838|839187|034994|273728|458155|699840|862859|059557|276090|460105|702710|874534|060014|281637|465208|716028|876431|069279|291948|472081|721369|877358|070966|296710|482102|741441|878506|113311|312880|489684|744661|901727|131838|316681|511639|747375|904896|151489|323537|515025|751359|928888|156350|374835|527621|759183|931065|166170|376160|530319|769243|940685|184892|380522|560182|769579|944586|187697|380831|577898|776072|946721|213166|388436|578773|778396|948643|230468|400273|607843|781314|954094|254389|401924|608209|793105|962360,True,https://myhora.com/lottery/result-16-08-2562.aspx,2019-08-16-BE2562.html
2019-08-01,ผลสลากกินแบ่งรัฐบาล งวดวันที่ 1 สิงหาคม 2562,2562,387006,6,562|795,58,387005|387007,,069992|107841|290368|413789|638591,078423|127888|332589|762698|878228|084208|232693|364946|862894|979689,030325|161071|446776|582391|832330|040864|197616|463803|587584|834640|055568|201247|476207|626672|845639|077710|204199|479249|653441|845733|079345|279251|515719|710344|891549|097091|308327|526700|757633|904475|124542|324061|530959|765986|921340|129700|360038|531380|785518|922185|131039|397385|539931|800901|930303|137934|414259|565235|803175|962222,000648|274108|429565|605697|822510|000874|275051|436844|612465|823053|021187|279753|446034|612883|828934|025485|297036|473100|678256|856395|037269|303110|474324|688831|857662|042644|303294|481952|694664|861356|082847|304514|488736|701337|861700|084925|322139|513799|701947|866026|097958|330499|518496|706098|869395|125761|347495|525327|716930|884903|136573|354809|526299|723397|899391|174485|354809|527614|724698|900920|185267|362451|540813|733917|913725|230995|372915|543527|736338|920388|237909|380696|548496|753986|930988|237993|400929|550575|768421|932057|244746|409658|555481|776434|940696|258407|416564|565076|791661|953259|263755|421047|567021|796095|972301|272205|422661|594564|807009|990022,True,https://myhora.com/lottery/result-01-08-2562.aspx,2019-08-01-BE2562.html
2019-07-15,ผลสลากกินแบ่งรัฐบาล งวดวันที่ 15 กรกฎาคม 2562,2562,369765,6,113|556,88,369764|369766,,122977|126152|276318|305888|529495,070287|152598|231348|538717|732093|101821|200512|383011|550263|914661,010895|260864|553160|726576|835825|025265|275364|555787|726589|841222|095246|284464|648610|735232|843259|103937|313427|652187|750904|867523|124905|326350|678517|776586|877124|141374|353897|687375|779074|889012|218644|377402|689867|782882|928831|219578|382473|713695|792625|954234|243826|423187|725915|812785|971735|250790|457802|726021|827477|995364,003980|200620|366948|544655|804896|004699|201204|369174|573113|807341|006275|210979|380495|581429|809152|016669|227315|400567|598143|809467|024926|244715|415778|617471|814969|025381|247672|418232|632626|823843|050843|257437|428184|641041|839485|071409|259834|443635|641584|842578|076352|266819|450816|658142|843411|109524|266959|466565|663199|850595|128363|270166|475271|696870|856128|140410|285490|477620|700547|888043|144635|290275|486625|726431|900972|146533|292099|490416|729962|922883|153655|294597|498444|741504|933836|154818|295255|499073|758029|939592|162883|297849|499525|770833|941893|167813|320948|515956|778574|964926|176826|342439|518365|789002|969114|196628|360164|529774|789886|976605,True,https://myhora.com/lottery/result-15-07-2562.aspx,2019-07-15-BE2562.html
2019-07-01,ผลสลากกินแบ่งรัฐบาล งวดวันที่ 1 กรกฎาคม 2562,2562,943647,6,006|375,86,943646|943648,,106229|185424|253669|565390|810086,148338|227382|659123|733242|799328|202532|362759|669011|749865|869733,053176|256551|440109|614613|766346|070039|261668|447493|621264|785491|081961|327955|463730|632287|836246|102978|331159|487812|652375|878382|108204|350841|489746|658569|908243|117265|381944|557122|725684|914939|153507|389068|557974|738893|933742|155747|389936|562322|750534|936664|228190|391952|588960|752400|938896|228339|436469|612859|757124|953080,022410|257453|431296|609770|793883|086111|280053|438330|614757|814279|106481|292002|475435|615282|827945|117685|317714|485702|620090|857189|119723|321352|486128|633702|866173|129096|323031|490152|638804|873618|137375|339987|495634|642502|878909|147998|340338|497935|645654|881397|160630|344772|500542|659838|910049|164709|360609|510860|669051|915669|177338|363904|519560|671709|924392|186776|364530|521521|673257|932294|188476|376844|541837|683912|934695|193235|379667|546838|704896|945272|196528|391014|556502|708140|948728|210270|406428|571746|725591|950436|213025|408587|574391|745758|951088|219677|425188|597363|750457|954837|231091|426314|597455|755659|985042|240537|431030|599648|772590|988819,True,https://myhora.com/lottery/result-01-07-2562.aspx,2019-07-01-BE2562.html
2019-06-16,ผลสลากกินแบ่งรัฐบาล งวดวันที่ 16 มิถุนายน 2562,2562,174055,6,127|800,29,174054|174056,,148954|255633|378246|470569|689035,150436|271290|350687|512414|601185|246499|280553|414799|594400|640268,000535|197479|391948|640923|822552|065665|228455|398076|651870|880729|076779|239653|421356|666647|908942|115251|244071|446475|692750|921552|148965|295720|456557|730697|940042|152538|300635|494186|755199|941212|153350|306923|509304|756626|954939|153682|337366|527489|776913|960992|154081|339011|594997|781527|994895|195527|378105|601620|815347|999677,031062|268508|457781|639503|789773|032458|296428|466539|644830|809997|034349|304641|478465|646885|814416|039829|339836|486217|683383|828660|072359|357724|487807|684834|834580|090101|366141|493578|694225|837078|091097|367582|509632|694571|844171|091859|372758|534804|697725|849534|103483|375387|545452|703010|858986|122003|376474|547757|713720|863739|133440|391523|563645|722644|868629|147220|392270|565358|731187|875823|151934|392283|568929|731693|884666|165083|407013|579806|733687|888557|180128|420982|590159|735280|889803|183685|430999|600547|752267|901355|198752|431464|601020|763274|933989|218740|433072|611883|764914|956850|246032|433455|616803|782820|971987|267098|434855|635983|785455|994970,True,https://myhora.com/lottery/result-16-06-2562.aspx,2019-06-16-BE2562.html
2019-06-01,ผลสลากกินแบ่งรัฐบาล งวดวันที่ 1 มิถุนายน 2562,2562,516461,6,215|560,46,516460|516462,,045167|313653|579938|691121|779015,023764|204495|239271|447071|684872|052007|206237|404858|528138|705286,048080|217943|314180|555173|835246|066028|220804|314943|561517|838948|074788|238075|317401|572626|853643|075819|244768|337005|610333|901585|094575|245303|388538|625986|912233|107087|250134|418580|681751|926303|174381|260009|433237|702614|933873|186800|302720|482054|759034|956662|205771|308577|485723|777491|964165|217712|313887|492781|787840|973717,010094|235572|427625|562582|774436|017530|240294|445220|588234|792533|020249|254393|450868|592124|793297|024134|266616|457849|603201|824783|034790|267620|462692|618288|854146|045430|275256|481913|627479|868099|060763|294269|482248|634184|877313|064260|296178|484276|647857|880029|068412|314348|492226|649149|907216|081422|316260|492414|655345|907466|083622|325757|504382|690950|923594|092921|332513|505203|697499|926274|097949|335773|505965|700389|935182|138515|339016|520417|715885|943306|140873|345450|524199|730200|965495|149988|357088|536947|748108|968520|154653|371012|537907|757481|973603|158131|377422|553637|757639|989459|183355|399253|555874|761763|990507|225200|419769|561976|773525|995009,True,https://myhora.com/lottery/result-01-06-2562.aspx,2019-06-01-BE2562.html
2019-05-16,ผลสลากกินแบ่งรัฐบาล งวดวันที่ 16 พฤษภาคม 2562,2562,962526,6,018|828,71,962525|962527,,112913|288844|329695|848549|912485,079770|218443|556729|757712|909220|086257|274126|717905|907699|992300,034050|234589|389618|613741|776057|035759|248621|407389|620769|781431|077449|250364|409477|626273|784002|121327|325302|424886|635466|855892|128454|328471|453220|654132|856991|133204|334394|480390|696619|935281|156378|350318|486553|716686|937941|156816|356983|506902|720792|945930|203226|369561|534019|721496|965885|206950|373509|561123|745637|968953,005654|174973|422640|597511|828697|008752|180569|427709|598389|835888|015957|208605|442598|661066|838769|024959|210237|453088|668551|846681|025415|219962|456318|705496|856296|042022|225752|467978|718892|860652|045641|231114|475777|720253|866478|053203|238310|489333|725448|867262|069985|250372|499901|727422|876825|071903|256492|506839|732236|877243|095594|275465|511535|735685|886003|097453|293453|512765|755806|919090|105914|298217|517302|763154|929419|111844|314048|531423|763472|939467|112476|317965|542460|783998|943472|115346|324675|555405|786837|961363|122442|335705|558207|788150|969322|147139|336897|570822|793867|985066|155527|373621|575071|796642|988481|161648|375494|595879|804591|995234,True,https://myhora.com/lottery/result-16-05-2562.aspx,2019-05-16-BE2562.html
2019-05-02,ผลสลากกินแบ่งรัฐบาล งวดวันที่ 2 พฤษภาคม 2562,2562,061324,6,374|699,25,061323|061325,,275266|546364|618474|731648|875090,067098|219180|308191|417523|597096|078151|281336|409474|448369|620716,002573|107024|226313|461721|686259|012374|116751|269667|468758|696183|018238|122388|305866|519089|719278|024744|124263|307799|572910|832700|049779|129473|335481|575937|835731|064327|169609|347861|628648|836038|073231|171923|390897|644456|852726|076422|182587|395329|673398|943945|091443|190459|405536|677693|962009|097966|217704|449832|685296|978113,008735|229961|377179|525738|744167|010769|236085|378339|527656|773375|036331|246365|395743|529330|776909|049057|256478|419526|547878|778103|072451|263173|420067|556377|781129|085858|283144|420768|582789|800993|109602|287668|439957|583211|802507|148923|293256|443137|587050|822550|151367|293417|453946|595775|824038|152971|295159|455012|607324|827035|165459|307487|456681|607474|844211|170848|308949|459581|608338|847859|174776|322493|461044|613982|851582|176811|324322|466914|632599|854954|180510|325494|470225|680175|872225|187297|334225|476503|680210|877225|188287|334412|495048|696405|904519|199283|336664|514010|713519|954384|202119|345610|524629|719195|967932|225753|374597|525003|726869|974809,True,https://myhora.com/lottery/result-02-05-2562.aspx,2019-05-02-BE2562.html
2019-04-16,ผลสลากกินแบ่งรัฐบาล งวดวันที่ 16 เมษายน 2562,2562,570331,6,966|968,23,570330|570332,,310772|573191|577692|629457|779270,003676|158947|284672|393268|576388|089337|179488|290952|397769|876211,048603|240533|481383|663636|802136|084624|258216|535478|665596|804162|118408|263469|540192|666644|806070|123010|268514|555229|673921|806336|127789|276288|568384|694176|861567|161306|339172|606301|717799|915023|178504|374270|622698|725228|917829|216582|385850|631676|733241|936372|223862|440158|639534|776505|944627|237516|446211|642568|780587|992480,020145|201236|424770|656988|841989|022862|205635|425047|664878|843339|032468|231011|428173|687573|846370|042882|252153|429023|688440|863296|053912|252509|432990|716479|889723|057756|291836|463406|725575|891063|068991|299172|479625|728890|899645|092161|300050|497394|744506|908132|105635|306188|499130|747273|934013|113771|313651|515388|753727|939044|125434|316026|526329|775866|944885|130557|321148|541235|783300|945253|146147|343082|555348|784946|947615|148038|365411|564935|785794|974976|151090|380105|591274|796980|978882|158800|390312|605526|807003|982308|160017|407894|625749|826279|983737|164077|420375|634144|831934|989436|169570|422438|643612|832838|993224|193674|424092|645991|834551|996459,True,https://myhora.com/lottery/result-16-04-2562.aspx,2019-04-16-BE2562.html
2019-04-01,ผลสลากกินแบ่งรัฐบาล งวดวันที่ 1 เมษายน 2562,2562,109767,6,403|975,52,109766|109768,,156598|225155|271398|629187|956166,183775|279641|499123|687279|809629|217812|390574|669403|693688|887554,077571|226627|490294|584121|821476|126199|239634|502894|591441|837428|132085|240189|505393|603674|853108|140287|261835|510202|635392|855795|143329|269597|554705|674809|863547|148035|275269|560981|688829|874620|153153|307756|572238|711397|888677|162546|384179|576431|734002|910371|186519|394025|578069|812154|942103|221169|462700|578623|817160|965303,018289|275351|419006|584434|778630|030434|280085|428180|597994|822887|037415|294528|428688|613219|829258|056174|295156|434819|625682|849366|072206|311187|434825|635923|863488|093825|314817|438066|661182|886728|093847|322690|447576|661846|887104|095762|336165|457593|664149|888613|097401|342915|472246|664436|891907|111796|347745|476053|669122|894690|112860|366549|490387|688184|900853|127636|378880|504655|698078|941390|138641|387478|512602|714418|946068|177074|390204|515210|716199|949860|190183|395633|516716|722539|951269|217603|412648|532965|727250|958866|222612|415366|550883|735631|965929|240926|415725|557719|765782|969662|245327|416240|567668|766357|990504|262033|417272|569879|768875|994543,True,https://myhora.com/lottery/result-01-04-2562.aspx,2019-04-01-BE2562.html
2019-03-16,ผลสลากกินแบ่งรัฐบาล งวดวันที่ 16 มีนาคม 2562,2562,724628,6,154|877,64,724627|724629,,023644|274318|666574|758539|878490,163910|217345|261214|332721|887147|202490|224170|269890|493531|995997,004456|292636|449253|556091|849648|046892|318366|454662|584915|880086|094390|334155|455523|587200|894766|102228|347509|466697|659002|906366|136452|350247|466825|659499|918959|179271|378046|469520|686602|924477|203521|403968|522101|701817|940342|236777|404937|533140|761855|941453|264612|428648|533321|813686|944581|288303|439478|534047|846326|976515,016022|297283|514324|734806|860573|031994|311986|514953|739792|864302|054071|312418|518330|741143|897882|056592|313632|519193|750279|899732|072349|316249|536345|768714|915848|103629|323022|552735|778949|925263|110155|370184|558142|780715|926204|158041|375847|565598|781611|930068|163741|376804|569893|786621|933616|201279|390368|589473|788870|935050|202554|394651|599793|793359|939958|203265|414116|616902|803228|945209|213346|423218|622038|804427|956864|221735|429574|647610|810931|957028|250307|437306|660854|828926|959308|251567|475792|682758|830317|984432|252403|477982|685876|835856|985881|262038|480938|688531|848092|992769|263363|494962|720425|858300|997780|280854|508580|721818|859913|998485,True,https://myhora.com/lottery/result-16-03-2562.aspx,2019-03-16-BE2562.html
2019-03-01,ผลสลากกินแบ่งรัฐบาล งวดวันที่ 1 มีนาคม 2562,2562,345650,6,830|837,65,345649|345651,,005635|066686|146602|432988|692107,012586|330076|704842|794658|827364|275705|580277|759856|798873|901763,000843|174635|415241|684929|836854|016032|175788|417417|689001|859558|023763|216153|426290|706405|886991|054453|223903|464057|718053|896335|059716|272940|554844|749848|898642|090642|282993|585359|767548|916788|105830|284421|586277|782939|917551|108095|329270|589640|802912|972134|132263|365141|592433|805217|973904|143992|405002|664034|818038|985034,015913|169289|335541|513486|825512|026145|182576|341283|559060|840559|029494|183725|364487|571196|844297|033088|211592|365345|575610|864500|052672|217517|380882|576247|870119|054304|246281|388137|587406|876347|067022|246879|395941|619283|884347|072461|249818|417944|647683|899382|076089|254302|439132|661496|910933|095170|280819|442041|665286|911358|103235|285800|449073|666223|921868|123957|287769|450216|697825|930924|129116|288052|451306|705221|931025|130206|294038|460842|720986|934639|139040|297615|466835|747222|957241|143777|309733|468829|750386|964315|146148|311825|474837|754220|965025|146976|312905|494503|774745|968298|159007|326932|494927|813207|972740|162202|334854|512976|815773|982455,True,https://myhora.com/lottery/result-01-03-2562.aspx,2019-03-01-BE2562.html
2019-02-16,ผลสลากกินแบ่งรัฐบาล งวดวันที่ 16 กุมภาพันธ์ 2562,2562,074824,6,612|879,56,074823|074825,,077816|100146|382946|780049|959518,189164|369800|478135|511546|892114|284080|458132|498627|529682|955182,011101|218919|396246|628669|777727|014153|221686|399004|638459|791180|018001|230708|414405|641457|802019|067857|231735|424574|649049|885226|077854|249852|460236|658949|899742|108644|279529|472162|676671|903124|131564|285815|546507|731251|909382|157343|336915|554197|748318|917115|190147|368273|567358|769570|920342|205063|393849|595082|776242|962784,014900|165051|382749|599963|801152|018538|167043|416626|603538|830739|023490|216741|420218|603960|831922|044485|225849|420363|624939|866445|048657|233518|436912|632966|872896|052019|249699|437905|637964|874822|062095|252597|440866|661879|891106|070026|270965|458822|675397|923885|073553|275217|459848|678848|931437|074605|285590|464207|683582|931445|075568|292546|467711|687186|935635|078469|298223|475116|696459|937113|097394|302273|489973|705651|949015|097757|312673|492673|711302|963428|106286|316575|498184|714072|965518|114120|337203|517938|725395|973588|122404|343431|526330|730700|977146|146096|345355|534445|750636|984239|158473|351270|546357|767290|991103|158580|367572|593086|781961|995795,True,https://myhora.com/lottery/result-16-02-2562.aspx,2019-02-16-BE2562.html
2019-02-01,ผลสลากกินแบ่งรัฐบาล งวดวันที่ 1 กุมภาพันธ์ 2562,2562,967134,6,197|948,04,967133|967135,,028581|206508|437256|730956|907234,177667|217893|380667|687327|804000|189708|338966|531597|729913|899764,009460|246386|440174|635591|858535|031766|259839|448776|639726|872235|069344|266597|449107|668416|882716|089459|267823|471743|685894|885774|110989|274222|488778|716763|912914|125673|335020|508346|720662|916707|132201|336560|522939|760122|930899|140190|364782|528949|765326|943748|175405|414697|615649|816955|962815|241789|431987|618389|823843|993136,004888|200292|384977|550536|861874|008073|218833|387822|559788|875903|042752|222688|397232|560106|882661|042993|226588|408925|604403|884376|059165|234330|411675|622925|888264|063879|236060|416138|635881|890307|064609|253409|421364|656782|897207|066793|255700|422172|709631|902346|075499|273221|434121|724734|906180|090869|284615|435111|753296|928714|095562|284926|438819|756685|937468|103403|304981|440982|760064|937888|115700|308402|443827|761798|952702|123305|329409|446939|788889|953490|125870|335231|467469|797578|962565|128575|339327|484371|808038|968895|143701|345661|489542|813156|981093|173375|350044|493628|832312|988375|174254|374391|522297|834203|994798|200114|383827|530669|855057|998612,True,https://myhora.com/lottery/result-01-02-2562.aspx,2019-02-01-BE2562.html
2019-01-17,ผลสลากกินแบ่งรัฐบาล งวดวันที่ 17 มกราคม 2562,2562,197079,6,127|660,65,197078|197080,,050524|199091|329036|374436|823248,105720|322305|426556|532829|830383|105929|330052|479139|762573|871171,000955|361491|531365|611926|828093|005060|376790|538597|620003|847995|051864|390823|548624|627516|852124|060930|426864|557183|681678|861815|094383|445923|558070|702430|873709|108623|473801|569493|724462|894729|132632|481149|576901|770861|908951|142915|496910|584160|805145|927349|230797|525378|585852|806447|933505|346128|527445|611243|816624|965293,002178|232048|447142|626754|839870|018728|236612|455608|641125|840999|019326|238116|461400|647207|843465|033379|240341|484832|654831|852740|037602|266024|495035|680298|865419|043384|271227|517494|685493|867901|068894|273328|521480|686165|881947|070670|273595|523749|716524|884372|094637|310201|526368|728622|894694|117467|327369|546084|744179|906707|134148|359818|551392|770865|914422|145123|363357|560410|779945|925530|162889|370376|561261|800266|936475|172067|376682|562333|800759|937668|179065|384508|580385|809713|941823|182842|389309|590757|812630|949072|196463|401721|604058|815585|961440|205993|405505|605002|816379|984465|215020|426707|619741|817953|992762|225806|431804|622030|829662|993653,True,https://myhora.com/lottery/result-17-01-2562.aspx,2019-01-17-BE2562.html
2018-12-30,ผลสลากกินแบ่งรัฐบาล งวดวันที่ 30 ธันวาคม 2561,2561,735867,6,701|884,02,735866|735868,,031880|466182|548097|838262|990824,049590|237012|348399|505873|790330|063523|259642|393875|619013|854304,018432|196152|346821|527656|867152|025422|219869|379926|537851|897648|049808|227554|383854|556221|903266|056211|237802|388285|594958|943811|094398|260728|412794|644732|953370|121783|268460|412948|646556|961883|148104|286869|449958|682687|964917|148638|288547|461152|731295|978357|150056|317267|474792|771266|983361|189221|320072|489937|840258|995186,015058|190866|426861|609415|795585|028293|225839|433739|616992|795779|028606|227691|437494|617281|807768|053976|231646|444284|632558|827729|057188|231912|444854|636087|831475|076979|241934|447606|648256|833686|086025|251830|449838|661753|839802|088404|278673|451979|669104|840137|114402|279372|455457|672017|845082|115726|281526|483172|687652|854427|123167|284837|491712|697383|855559|124132|293893|527546|702306|861761|144169|294604|555996|702607|872372|162592|294670|564587|708124|874608|164805|304360|565011|720464|880273|168795|314093|572138|722030|893374|169152|321218|579551|744770|913405|170811|335344|587670|775333|954538|179718|392746|599175|779634|961018|182023|401511|600249|785705|982520,True,https://myhora.com/lottery/result-30-12-2561.aspx,2018-12-30-BE2561.html
2018-12-16,ผลสลากกินแบ่งรัฐบาล งวดวันที่ 16 ธันวาคม 2561,2561,356564,6,297|369,62,356563|356565,,017905|141410|270111|415185|983262,254290|335573|540966|774605|809917|321835|483718|612154|806777|888381,000813|084107|383638|566167|779010|005805|096265|427423|588477|817071|010626|162514|481480|610523|829555|018312|189379|482882|677294|845743|027645|189761|486542|700756|858434|034754|209250|489343|705193|867905|051004|219660|534780|709231|886722|051850|231026|534974|749676|903951|065482|278693|538421|761344|927788|071705|324020|553453|764887|940373,015277|233729|443980|648264|848948|036373|235035|446254|649163|851202|041227|245526|457362|653249|861445|046502|267201|468154|665055|870364|085059|272209|473557|675518|894559|092098|279641|475128|686674|896417|094047|288604|491641|696047|900587|101720|291800|524693|729505|904073|112100|294519|527701|731479|906189|119901|298775|539785|731911|935327|148169|318668|550030|736901|936585|148227|320180|552398|755522|946268|169366|329880|556503|777558|961735|191877|354555|559371|778013|963157|193843|373472|559923|786501|963392|197665|378180|561972|811832|966308|212181|404776|569729|825621|974996|225603|406476|608544|839814|981787|226473|430554|629536|844483|996000|228501|443925|646338|845037|997440,True,https://myhora.com/lottery/result-16-12-2561.aspx,2018-12-16-BE2561.html
2018-12-01,ผลสลากกินแบ่งรัฐบาล งวดวันที่ 1 ธันวาคม 2561,2561,021840,6,561|988,67,021839|021841,,062948|127470|288347|548436|628614,270065|473504|575061|952634|989425|464017|530912|770249|988694|995541,016086|242734|397740|611618|876942|116226|256039|401668|633252|883662|124870|283334|404330|636183|898711|129956|301910|407257|637833|947046|169205|336526|438263|690892|971620|182461|352184|473839|709491|987205|187910|362582|576342|730042|988277|189146|382852|585200|731791|992200|205144|394749|594545|755978|995247|207414|394958|603363|792456|995971,013109|255504|546498|674943|852630|024421|257666|553767|682070|856027|026991|262364|555761|690240|856216|031643|273440|559922|694936|857880|050657|305286|560040|709212|869371|058926|310466|563302|713159|873773|069749|334375|588125|714334|875098|071412|339161|593122|720766|876651|076515|345423|594897|765748|917189|080316|353899|601621|766906|932242|092905|360663|618166|770412|934569|096928|363981|620234|774771|935834|111764|364818|623563|783683|936538|137488|373331|627915|785299|937265|210276|381198|629906|797030|944402|216370|395963|634940|803837|958246|218749|421785|641039|804359|971100|235889|428210|641321|817707|987737|244712|437231|667984|840520|988424|250170|529822|670679|852313|993708,True,https://myhora.com/lottery/result-01-12-2561.aspx,2018-12-01-BE2561.html
2018-11-16,ผลสลากกินแบ่งรัฐบาล งวดวันที่ 16 พฤศจิกายน 2561,2561,989903,6,140|876,16,989902|989904,,252090|446476|735286|757257|791223,222327|231106|330914|545750|938932|226811|295203|511236|851309|984511,005511|188409|372685|591944|883644|021695|287321|373520|642692|884593|028167|305721|487311|680063|903939|042387|305805|491886|717411|921067|052883|311118|495895|734303|925918|075104|329611|520052|804819|956606|102170|340357|534380|813985|960173|125934|345304|545963|817775|972819|146035|350798|563348|828635|975750|146778|360774|582254|855184|982153,000327|222843|376484|531627|799707|024944|224509|377307|548480|803352|028517|247558|378612|584624|815086|036826|249327|392255|586094|820591|042577|252842|412472|589529|823071|044466|258847|416745|608653|825656|084566|293525|419106|624300|869572|090461|295731|429151|634157|873883|115680|307961|435961|640270|874448|117886|320219|444389|644271|881174|125639|325699|472953|651208|890919|131174|335825|473491|651649|908683|132410|346835|488518|665108|911224|134479|350104|497698|672229|930881|140933|355804|499305|709405|936898|149077|356060|504650|733803|953207|149508|363902|505896|750637|968258|156352|368124|507669|767071|980256|159260|374464|510194|768872|981516|205183|376267|527134|791004|989603,True,https://myhora.com/lottery/result-16-11-2561.aspx,2018-11-16-BE2561.html
2018-11-01,ผลสลากกินแบ่งรัฐบาล งวดวันที่ 1 พฤศจิกายน 2561,2561,149840,6,046|509,58,149839|149841,,047382|102766|226125|682104|872244,024675|167422|248790|365750|760081|160886|184333|349855|725735|883143,000799|143709|292615|459491|670915|012011|145637|292892|468207|685895|032089|146366|318736|504327|732883|037432|155203|339063|508117|774811|057964|158121|352762|510277|851904|058643|203146|360255|531899|855101|060974|208696|385469|569624|875239|087749|255526|409908|580463|875616|106857|275691|421242|611484|935270|138222|285929|436947|656368|992254,005076|199139|374162|555392|766591|005140|204748|374551|563973|778000|033028|210824|377068|570480|784089|034920|218116|384493|587387|784557|042197|222962|397002|598999|802868|046001|224488|403187|621502|804121|047559|248991|422653|622156|809430|054222|254088|434394|628429|812296|065226|259949|435200|630281|825051|070056|265651|445147|632056|857342|071804|286786|447821|652325|873058|103175|287575|451237|665376|883286|107122|290605|453306|687809|883889|114106|294180|454497|696570|886591|136363|303028|491815|697677|898763|152495|306356|496886|730935|921572|159021|310505|506023|732475|952981|161490|313387|508395|752874|953482|164376|350648|518190|757550|965459|174195|352506|553828|763772|965827,True,https://myhora.com/lottery/result-01-11-2561.aspx,2018-11-01-BE2561.html
2018-10-16,ผลสลากกินแบ่งรัฐบาล งวดวันที่ 16 ตุลาคม 2561,2561,200515,6,192|212,93,200514|200516,,010567|111722|435353|555401|891384,078870|195049|334835|599649|681101|122170|289458|387228|675944|904683,005570|216455|436033|569911|776032|052642|253049|439067|576058|788288|059328|254923|482349|610902|830510|070937|301475|493929|641228|842350|076987|308537|494645|655635|867069|078511|315264|527349|658467|892158|175643|321403|529452|673790|916902|184921|324425|530931|694883|983992|189657|361142|550626|702877|987019|211728|390489|558163|771902|992289,001074|165245|379156|661604|806684|001713|165779|403286|664880|816880|008285|173477|422111|667944|823893|017917|186453|479595|675006|826259|034534|208305|481681|683455|853359|036799|216219|482011|683605|856999|042179|229168|496955|687958|884014|043875|233290|499317|695612|891261|051674|234567|526361|696715|900000|060345|240024|538003|703385|908454|082175|244319|540400|710887|918597|127232|253713|540508|725194|939050|131277|272207|550443|728833|942291|132768|276090|550760|742340|944502|137706|287132|564393|768059|965915|148190|291909|578806|770681|978773|159471|321886|603838|779941|980833|160331|329599|609168|786365|983256|160718|359294|627427|797158|989794|165179|367398|638470|805233|997101,True,https://myhora.com/lottery/result-16-10-2561.aspx,2018-10-16-BE2561.html
2018-10-01,ผลสลากกินแบ่งรัฐบาล งวดวันที่ 1 ตุลาคม 2561,2561,452643,6,561|810,99,452642|452644,,261071|350893|616843|875042|964263,021460|315781|363881|646313|833145|239381|361943|515278|789706|926170,024616|239364|375684|596314|757978|095763|243807|409815|613438|767916|096588|267138|435613|625995|773550|119401|267721|435767|635941|788925|135245|267794|497281|668464|791133|138012|275009|501183|695497|835172|195796|308736|535288|709078|908302|206620|318306|560734|712333|910121|218130|359598|568361|712377|915583|234174|372075|586472|716744|941533,012750|207389|402284|620718|826922|012830|209760|433038|638470|837572|043988|215034|447183|642914|839666|050066|224661|448772|655828|867385|071432|231086|449946|664678|873239|078113|239315|453948|668851|879870|095873|244204|466907|669465|885714|102111|252876|469629|670521|898814|108061|275478|477951|673518|904083|113159|280008|482750|676271|908709|114574|282591|496065|677137|916389|156509|284999|510811|688585|919823|157098|285458|536184|702516|924258|168785|343429|538578|708623|943633|178011|343778|546006|716077|946777|179901|350864|547079|727348|947799|182081|359504|559394|739145|959193|184654|363063|560601|744029|986702|189095|375716|563458|746978|986939|203323|385996|577837|826085|993047,True,https://myhora.com/lottery/result-01-10-2561.aspx,2018-10-01-BE2561.html
2018-09-16,ผลสลากกินแบ่งรัฐบาล งวดวันที่ 16 กันยายน 2561,2561,149760,6,155|297,79,149759|149761,,036225|273728|604412|803424|992599,097155|135161|295656|577033|773339|100133|228065|302512|643211|897925,018394|277193|438990|649305|816942|018893|298178|439980|661496|821529|040714|298608|447440|687161|882711|088248|335404|461833|710575|896225|091358|343420|468862|732292|916259|094270|350594|491884|757762|937341|101861|371433|530522|771951|941184|130716|384354|552888|798223|947989|203103|399307|607338|798811|951296|229321|429048|615705|815527|972974,024728|247450|429592|636413|793546|068909|271674|442843|638308|794258|079188|280690|444558|643781|820114|080385|298483|446928|645017|821475|089883|308630|447863|648848|839966|102691|312114|451541|651104|849828|125764|314172|454157|651447|864120|129720|318649|459154|662905|868251|135829|320219|459401|675255|872644|140520|323877|464065|676201|877775|146228|324576|466200|696632|930291|164303|331885|477145|697381|938536|190626|337549|481469|700795|939384|198607|348912|544619|702991|951318|200030|350269|549839|711296|955489|206713|373075|570555|725255|956947|208603|377360|583496|745659|963916|239170|388305|603877|753586|981770|239340|397209|615753|754451|986841|242208|422445|619306|776038|994359,True,https://myhora.com/lottery/result-16-09-2561.aspx,2018-09-16-BE2561.html
2018-09-01,ผลสลากกินแบ่งรัฐบาล งวดวันที่ 1 กันยายน 2561,2561,734510,6,097|202,26,734509|734511,,000678|365367|498951|654852|709720,044373|424190|499646|636558|809866|205766|443433|580404|670563|820931,069409|277656|450564|650347|747105|087716|291609|472703|655956|761973|112917|295034|473623|671357|768920|127448|319633|477072|672338|823536|148179|325367|515374|678039|849436|158485|357775|520083|682628|875566|160532|365898|537513|689524|927370|230623|392423|583748|711405|929152|234617|445353|600759|711432|972161|255533|449486|645200|720936|986443,027968|180303|365683|606710|853132|037029|180976|379112|611654|869017|039342|196705|400808|622699|875323|059451|199226|405914|631934|877043|061680|199959|409030|639491|884871|065993|205991|412373|662074|895574|074239|221575|446485|675201|900259|074255|226964|455357|688611|901025|077723|229288|467801|703806|903698|093352|231031|485548|705542|910781|099022|236502|525238|711752|924779|107905|240354|527169|715261|931498|114632|241560|536062|716603|943253|121175|249422|538824|734724|950801|134251|268006|541454|739508|951693|138240|284493|545260|741512|959046|159744|294776|550714|750942|974048|173757|298865|587517|795624|978640|176139|308162|600060|802472|987476|178388|332916|600468|833538|992069,True,https://myhora.com/lottery/result-01-09-2561.aspx,2018-09-01-BE2561.html
2018-08-16,ผลสลากกินแบ่งรัฐบาล งวดวันที่ 16 สิงหาคม 2561,2561,586117,6,591|815,10,586116|586118,,014603|363633|879702|880841|925785,181921|422807|636004|856785|930489|298069|446039|733519|882683|980945,012895|244230|396742|567397|726947|044063|282352|426513|579109|752647|052227|305446|433049|591031|781058|079464|323352|462518|612164|804268|100086|350128|471021|612255|882676|114944|351488|480808|616290|914758|151009|355765|492162|686841|928269|155135|369055|520908|688768|931620|222199|379691|542509|697045|959479|228828|381987|556343|701750|969095,010276|194025|340394|646491|793340|010289|200632|344657|675598|802425|027073|200684|378590|678640|816414|030493|223979|384990|687857|816480|038436|235574|419988|693960|831979|058633|237874|444641|697602|855439|063296|247887|446101|698267|859338|071701|249940|478671|705037|863220|076600|260504|489938|709010|865902|080446|260793|519428|726783|872687|092123|276974|528128|733961|880009|102523|279932|531864|734318|885253|108480|280736|535921|737286|888919|111492|300115|549063|737322|893085|113156|315285|553499|744156|934176|117389|322283|562901|766030|935279|135911|328631|594718|771773|948180|187078|333253|632032|776312|961394|190449|333307|633357|784413|997411|191778|333638|633368|787834|997772,True,https://myhora.com/lottery/result-16-08-2561.aspx,2018-08-16-BE2561.html
2018-08-01,ผลสลากกินแบ่งรัฐบาล งวดวันที่ 1 สิงหาคม 2561,2561,386602,6,549|726,78,386601|386603,,117390|214522|368625|923496|924776,027588|306797|454354|545356|687112|123422|321307|520096|622345|706530,009331|253124|474544|611036|839907|070773|323800|545001|694179|852660|082634|356068|552276|701415|864424|101862|359089|556491|724110|877876|104244|393120|560951|777287|896107|108610|408420|564934|786187|910377|143516|423449|576701|797696|914261|159835|451148|592407|802724|937564|163622|457270|608880|815892|942276|179332|461979|610360|816777|981282,006871|224812|448224|605219|771113|016875|242324|449245|616375|775149|022281|250401|467720|618960|790388|026887|270030|477732|646825|798745|027966|275657|480961|649940|808240|028927|290451|482355|662556|813396|034717|297295|486384|668561|813797|048137|298973|486633|673811|831894|051303|317965|494693|675170|871982|059045|326475|502313|684704|873636|060474|347042|502721|684756|894496|067425|353472|550022|694792|895961|110610|383141|550121|702822|902342|151105|409607|559039|721551|924840|158984|412700|562973|723029|927954|184357|413909|565209|737858|929623|191831|424196|581731|745699|942586|197742|434641|583184|751886|944625|213160|439237|584456|765491|952602|220623|443107|601201|770305|960646,True,https://myhora.com/lottery/result-01-08-2561.aspx,2018-08-01-BE2561.html
2018-07-16,ผลสลากกินแบ่งรัฐบาล งวดวันที่ 16 กรกฎาคม 2561,2561,596324,6,138|362,27,596323|596325,,179445|624930|778978|803437|926273,022958|052496|262219|371291|723767|041875|189416|324787|432988|758674,019565|253683|451663|648611|767276|072315|258381|490802|659852|787377|083286|263328|531096|661738|816467|141973|310200|547260|694143|838979|155017|326083|552091|695723|841119|167970|329986|561309|697899|846882|174084|376047|563513|707383|879308|182245|401893|612315|720054|881719|220061|418605|627844|731782|963481|251993|439140|639411|738519|999955,004493|250963|493356|636403|877825|011789|257752|506165|642434|878134|038580|263780|507172|645149|880808|042076|265089|511345|667325|881096|052651|291894|514451|670969|886928|063009|303849|514454|689879|887493|073919|321838|516302|719154|901272|083088|330208|523012|724754|914255|107748|334865|523497|727234|929994|111684|351304|546462|740501|933168|140136|361671|547094|749801|949689|144426|375250|550502|764786|961022|150503|414961|577960|770414|965529|153606|422368|579943|770775|968860|155713|424995|587193|822914|970953|182156|430251|587340|850126|980934|191443|442433|589138|850529|995178|198400|443426|611810|850776|996011|206577|471196|624909|857942|998513|208456|492271|625242|873543|999363,True,https://myhora.com/lottery/result-16-07-2561.aspx,2018-07-16-BE2561.html
2018-07-01,ผลสลากกินแบ่งรัฐบาล งวดวันที่ 1 กรกฎาคม 2561,2561,963623,6,210|217,83,963622|963624,,004337|089341|432445|444719|526243,100472|291532|518746|783943|868692|208087|487994|750864|811554|913428,003187|308872|433278|602146|762358|071791|334312|436254|604860|784926|085532|342335|464556|621304|791663|121603|345757|468064|627834|794981|167229|369050|494094|649014|884312|170559|377013|502132|672943|897908|202972|380006|537788|698391|906326|210140|407284|544275|734254|936658|225026|408253|553884|759801|942145|262402|429395|595660|760471|970506,003581|180321|432343|599891|790894|005756|180580|442795|610783|795896|018186|188643|443040|626502|799577|023552|203839|443958|628375|804863|025816|218255|454079|635476|805704|036107|220173|486238|651313|808012|045031|225697|489910|658661|827045|048651|252321|501288|680994|843853|053952|299428|512931|682432|867468|070399|300021|518157|683655|885355|071411|305128|530846|705576|892646|080213|324742|540774|712058|927654|080548|327851|545279|722198|939145|125613|339218|551639|723718|942694|129794|348886|554498|729904|964925|142962|353949|565196|731401|966927|146302|404357|566630|764302|970060|148664|405706|567049|766582|973247|165184|409282|569614|769190|989605|175370|410767|583524|775176|989648,True,https://myhora.com/lottery/result-01-07-2561.aspx,2018-07-01-BE2561.html
2018-06-16,ผลสลากกินแบ่งรัฐบาล งวดวันที่ 16 มิถุนายน 2561,2561,223131,6,132|868,46,223130|223132,,058710|376227|457165|472890|875944,100942|260111|496534|688560|861431|143387|484636|534970|837270|987433,033754|232917|414841|529252|798556|064312|264033|423859|531702|802277|071115|268998|427997|552814|832538|095124|319032|431448|566376|841597|137503|327705|435218|566492|863408|165618|368409|464267|590710|883276|171523|404093|481795|615917|924747|186937|405425|495993|637627|950957|228751|412819|516478|710193|953560|231258|413223|521381|748372|965964,004965|214013|454084|628436|824673|014815|250828|457920|660176|829344|023079|283104|459658|664282|860336|038910|283430|462342|665710|864105|043890|296303|469007|678242|878740|044828|305925|469309|680706|881837|049404|306071|475069|681697|885439|056342|311257|482445|708371|888174|073783|320600|491690|714703|906993|074375|325199|502179|723261|907011|075076|336483|511615|728231|908465|088913|364784|513256|739159|911032|101418|375804|516569|739748|912414|112242|392218|565898|749602|915321|123830|405925|571943|756777|916957|134574|406203|579995|762889|917349|153846|412092|594408|766440|917840|181896|419283|594420|795677|930614|182919|422600|596774|813556|976564|210872|435916|613235|821085|978119,True,https://myhora.com/lottery/result-16-06-2561.aspx,2018-06-16-BE2561.html
2018-06-01,ผลสลากกินแบ่งรัฐบาล งวดวันที่ 1 มิถุนายน 2561,2561,988117,6,248|650,95,988116|988118,,331728|497522|550794|637992|694302,035084|273002|509924|636516|775783|073985|352674|605427|764354|902638,046009|189402|487859|684780|750731|050953|283149|534180|687847|849175|079090|283572|540143|690235|887879|083147|300994|563881|698186|893855|087450|347539|567864|705347|924502|100426|355419|599644|707107|933319|130839|370718|622409|717383|941821|136086|375189|645047|731859|961138|143786|447861|668248|743815|976163|178267|455343|681835|744710|981815,001358|268260|381930|546958|773764|018847|270223|387069|598838|776296|021344|280915|390403|618311|782236|088169|288611|392254|621551|793145|093911|291041|392769|626540|794651|102070|295588|405971|628733|797821|102528|295722|412051|645514|805183|122266|314056|412309|662513|810378|122339|314271|427652|664638|838245|134170|322764|445566|668827|872008|143217|333278|447916|680320|911378|149094|336119|449030|691695|930503|159751|341410|466934|697474|941312|178992|348560|485716|699173|954902|219397|351429|499474|699359|962634|221612|356049|511601|701314|966442|230705|363158|512428|701714|972141|252832|370784|525481|738888|978722|254476|371974|535177|752900|986181|264811|373917|535869|760042|993865,True,https://myhora.com/lottery/result-01-06-2561.aspx,2018-06-01-BE2561.html
2018-05-16,ผลสลากกินแบ่งรัฐบาล งวดวันที่ 16 พฤษภาคม 2561,2561,075629,6,047|506,20,075628|075630,,203990|230697|405298|522716|848061,007281|258521|491101|733558|764684|228983|406294|703747|744144|768131,001115|180719|353739|584169|813660|026618|205225|386801|628514|836746|028551|213791|402467|653036|849108|028632|225225|410625|667960|855935|076740|249720|427514|709924|881331|085902|256331|469885|772757|885369|096366|297679|484094|776321|934541|106250|306721|500025|783189|945562|114031|330685|519079|789800|966872|135212|348113|568553|808230|992376,011812|163833|331079|562323|697794|015899|164318|346985|567870|713051|022073|168714|352480|575635|719274|023183|169298|361253|585436|756595|033671|174247|362589|589153|778500|038980|178737|375309|590408|811706|054013|186542|380510|591047|836279|080817|205578|389974|597618|840575|084045|220178|401309|605840|844037|096683|238317|406069|609104|887323|107885|245380|426929|610240|893773|113075|251608|430781|631225|902162|115421|259308|458230|638711|918136|130113|266637|465158|640672|933854|130939|270206|475243|649928|947582|135154|283228|508043|659669|951949|144842|293761|510772|661162|966200|144982|297340|511431|667891|971215|154301|306635|524144|676382|974388|163246|324208|547312|680102|981062,True,https://myhora.com/lottery/result-16-05-2561.aspx,2018-05-16-BE2561.html
2018-05-02,ผลสลากกินแบ่งรัฐบาล งวดวันที่ 2 พฤษภาคม 2561,2561,248038,6,225|602,85,248037|248039,,185527|641391|841673|855399|921737,001362|249340|329279|552438|848383|097365|304210|528294|772027|932701,042063|194424|370042|511639|862294|048956|222527|384343|534131|882129|050134|248814|386716|598041|890055|051888|256603|399186|627020|893967|057591|269942|407877|645153|897211|072753|281278|416581|681187|900725|083306|299877|418170|723741|911866|161824|312294|453143|770271|949705|182874|313034|466646|810242|953890|193155|363615|486183|836085|957031,003799|176265|403568|598200|809105|007458|183679|407570|600588|812143|030846|192371|432693|614853|819906|038617|196002|443514|619118|823979|061060|240082|463154|619848|835323|065931|243564|463434|669236|864059|073020|253161|486360|671041|878432|076795|268730|496219|693830|891952|091184|278174|506383|701289|893174|119566|285086|516606|711398|904427|126883|299032|526983|723554|909822|128951|333943|527014|740187|912684|130964|334239|532548|769400|927990|132415|365434|547675|779214|932251|149627|372519|550067|780435|938440|154023|373934|555769|785578|940839|156333|377317|558162|785769|944009|168497|378049|569806|791444|947240|174491|395494|589168|800475|973090|175856|401883|593307|807253|997119,True,https://myhora.com/lottery/result-02-05-2561.aspx,2018-05-02-BE2561.html
2018-04-16,ผลสลากกินแบ่งรัฐบาล งวดวันที่ 16 เมษายน 2561,2561,739229,6,076|526,60,739228|739230,,004343|255410|484069|729318|752707,031824|484283|596118|635275|775373|093588|504806|629281|728582|900658,033644|272530|400976|618693|765870|053691|275180|475398|623429|795858|054683|288010|476501|624250|818134|079396|306952|503792|641803|827121|105888|330018|514189|653732|855600|176714|336590|519273|655259|858286|181129|346945|529582|659331|911543|236015|352462|559309|665438|917019|243002|375652|612739|681610|979826|260685|388862|616173|697169|984556,002977|192754|401866|654364|826604|004717|199175|417119|667308|829547|006466|199451|421020|669905|829934|010223|217504|423032|676994|868640|064942|238094|427164|688349|874364|080965|242762|449801|700322|881092|083488|262522|473417|722788|883593|084470|277461|510007|726693|895224|086572|285384|524817|738106|902984|086937|293069|528000|757338|911829|093959|296444|538285|757351|912087|099817|296545|543929|771855|912332|130721|299719|569008|790416|939485|131088|306035|583104|791987|952445|131846|308616|624916|792171|955162|138560|313152|629214|792299|961613|144199|340700|638533|798649|972249|146765|349760|639401|800756|983932|151087|376286|643179|819204|992853|165061|400981|652354|820713|999810,True,https://myhora.com/lottery/result-16-04-2561.aspx,2018-04-16-BE2561.html
2018-04-01,ผลสลากกินแบ่งรัฐบาล งวดวันที่ 1 เมษายน 2561,2561,412073,6,638|924,85,412072|412074,,051910|249823|391099|427106|467257,101094|188987|359609|466229|690617|130951|353775|383759|503647|820723,004470|239639|435575|595493|825985|024254|242964|465889|619515|853688|026024|267289|474030|624317|869005|067337|335596|485230|638624|920851|133202|360168|514808|647586|928416|143734|373326|515212|671130|938481|147436|375055|528780|680821|968128|164485|381104|530413|790229|980957|170994|400087|533853|791545|984999|236527|432673|535322|807600|987410,012733|241563|463729|580610|851637|046217|266274|465497|583070|852001|046540|281768|473938|637720|867611|066444|291316|488365|639815|867872|080323|294304|503272|639819|867992|093002|299987|507671|645600|873299|096373|317078|510605|660546|878569|097831|328990|512356|696113|880524|110460|362439|514347|698519|886610|113749|368277|515046|698553|896317|114613|371861|515827|705800|907896|146727|372582|519499|706870|913717|169829|381572|520252|709304|914087|170207|383686|540986|727646|914512|173691|412270|544271|734384|939671|184176|417124|547624|767999|947246|189915|435876|554678|797387|966477|193216|436444|561460|813890|985425|205475|449369|561638|819525|991458|223882|455373|565242|823232|994281,True,https://myhora.com/lottery/result-01-04-2561.aspx,2018-04-01-BE2561.html
2018-03-16,ผลสลากกินแบ่งรัฐบาล งวดวันที่ 16 มีนาคม 2561,2561,218559,6,205|489,82,218558|218560,,197966|452512|525852|599382|713887,047089|264692|320270|858618|959641|058213|275487|542603|954249|998667,010284|228393|420979|668514|852772|023687|240414|486615|669767|905960|046879|252833|490412|670891|914697|059973|263834|506888|691128|932920|061273|284760|512015|705023|933590|066411|336176|533791|719319|959190|122303|356569|539621|726702|965041|133665|382494|589223|752498|971561|161193|385972|602218|801765|971965|217580|392325|607793|836402|994214,003995|187148|375660|594262|839474|038248|191534|379333|601391|842980|046175|195727|402471|603196|850618|048236|197316|406089|627233|860336|063084|209261|416077|635455|866627|063231|220323|419750|664219|888783|084533|227768|423530|673485|907240|094212|246602|436415|678950|913350|106984|250174|461583|697554|940177|119200|253830|461795|698057|943362|132184|253863|473788|700054|944017|132463|255937|488035|705726|944933|147417|255995|489226|726760|952827|152020|292784|523076|758013|963151|158910|292954|524798|766904|963153|160483|326430|537587|770729|969425|166838|332866|539757|771567|978383|169960|343873|549910|793530|979567|181040|361719|558854|802980|983723|184657|373748|582041|805470|987982,True,https://myhora.com/lottery/result-16-03-2561.aspx,2018-03-16-BE2561.html
2018-03-02,ผลสลากกินแบ่งรัฐบาล งวดวันที่ 2 มีนาคม 2561,2561,759415,6,589|723,29,759414|759416,,349580|512224|741654|847817|968589,051847|315630|425611|581582|863360|193810|321385|460143|601005|930214,015727|185029|371568|621758|839204|026981|210847|390835|693441|851159|045867|240111|398479|698784|864696|070712|273514|430068|716490|894536|076002|287832|443322|750865|910272|102417|296806|478639|779849|933947|103979|303960|498313|784313|954660|126074|327692|503459|785915|983573|152334|352995|544791|801754|990151|169125|361494|554295|835924|994306,004981|200418|428060|633033|832527|014457|209754|434244|638841|835575|024682|220381|434842|645336|838127|033463|228411|467021|649458|842461|038047|238839|472058|663095|860866|055924|269176|480166|672259|891309|061679|295378|489883|708698|897474|062141|297330|492351|710373|898484|068241|300371|497518|746684|900803|075465|303591|501558|746951|903575|077812|316252|512784|746954|910988|085405|328938|526177|752628|918245|094672|330559|529317|790901|937239|097708|342789|569966|798339|945681|143457|346820|580596|806804|967730|149945|352349|586403|807790|968658|159934|375417|612687|809022|970069|160420|395440|625162|809742|976427|176100|398210|625434|812475|985027|194019|413416|628783|824971|991249,True,https://myhora.com/lottery/result-02-03-2561.aspx,2018-03-02-BE2561.html
2018-02-16,ผลสลากกินแบ่งรัฐบาล งวดวันที่ 16 กุมภาพันธ์ 2561,2561,309915,6,230|748,39,309914|309916,,008653|172414|476523|897483|978335,073826|214038|446034|692602|769017|138750|237810|571080|720737|836929,006546|240891|341578|506481|781332|008176|254285|359128|511968|846292|070802|270953|387780|518292|860946|080759|272091|390889|528250|887485|125617|273402|394149|528848|942760|145726|300155|443230|575425|951008|156460|303965|445970|575621|965251|169112|305531|454644|579234|973668|214678|329795|462474|604811|974053|233921|331896|506415|687564|995439,008067|171483|333402|616216|845285|010239|173928|341583|617222|853277|017346|175058|364699|620165|856535|043161|178178|393484|639766|862485|046848|180101|402020|641809|877513|056317|181156|409530|658512|878100|059822|185151|410508|663398|885444|061762|194284|418779|673396|887186|064890|200694|421883|686580|920600|066156|214140|426796|718655|932911|097066|227199|432021|727044|934584|109571|231901|469348|732405|943071|124012|265766|470792|740830|962087|124575|269728|475398|744276|969370|129078|276774|480994|758963|969899|139113|296607|543875|771767|972082|154872|301026|550374|772038|972301|161522|304520|571281|787628|972303|164411|305081|572845|818097|994609|171324|316789|611619|831228|995916,True,https://myhora.com/lottery/result-16-02-2561.aspx,2018-02-16-BE2561.html
2018-02-01,ผลสลากกินแบ่งรัฐบาล งวดวันที่ 1 กุมภาพันธ์ 2561,2561,026853,6,181|519,31,026852|026854,,176248|625633|669525|713539|958517,083574|209320|637456|740707|866388|116158|252942|665506|850651|911157,035066|262149|327547|490390|754469|062514|263933|346759|505822|772657|088350|283149|389349|535689|812978|096137|302894|391398|607463|835069|096266|306935|405023|650057|849628|181677|307705|428730|675117|898403|200461|311011|428958|691245|915501|204752|318215|438466|704455|935137|220478|318606|447299|727732|960051|229527|325759|482662|737580|960960,006005|221989|428345|612449|771426|031284|229276|437208|620902|772856|049109|256455|443273|630488|781037|049196|257581|475423|631541|800724|058017|259693|479950|636961|805474|059231|260540|499368|643520|817195|065098|294128|507825|656321|827587|077032|309661|510979|670003|886577|079112|342654|515188|671801|887141|080159|354820|517164|673111|896225|084349|357612|519335|683640|913936|084626|367346|535995|699599|923582|088951|375677|575388|703792|926633|089228|385593|583338|711901|927106|100324|386828|587958|722232|958319|104221|392450|595636|723933|970760|136559|394001|597950|731917|985643|138769|398047|600933|739645|985723|178417|401239|604742|753310|996189|211688|414925|607708|759686|997298,True,https://myhora.com/lottery/result-01-02-2561.aspx,2018-02-01-BE2561.html
2018-01-17,ผลสลากกินแบ่งรัฐบาล งวดวันที่ 17 มกราคม 2561,2561,203823,6,236|397,50,203822|203824,,116718|343155|483289|824233|975112,109826|193892|371726|771571|968571|147219|215855|540866|879177|990812,005086|247328|488038|606338|876795|042081|258249|521081|608561|884165|058036|261991|521346|610908|891101|103702|267270|526004|632038|918475|106980|275712|543694|695445|920832|158218|304004|559366|784103|934107|175431|319123|567648|785377|938869|176723|381234|572864|824700|947781|210039|401179|598930|841338|964234|211806|446195|600686|875401|975455,001199|219175|411747|565276|799958|008087|220272|423949|568179|825132|014898|225529|432513|572672|861991|018216|229409|448901|577660|876267|036819|245350|462708|581415|892189|048563|251032|464249|607616|895133|052294|268700|471565|613964|903873|068031|269685|474572|654135|909881|069074|272184|489156|655078|926672|087804|274365|492228|678269|928508|088435|276769|495403|686054|934688|089065|279510|499049|692723|939654|106221|306722|502545|719826|939803|136148|311937|511367|722215|949992|177009|331999|518931|739890|953829|199481|335836|530300|747278|969613|209065|353106|530341|752874|975410|217039|366759|547186|768497|978432|219000|391353|557662|770904|982798|219023|395528|562788|793940|991039,True,https://myhora.com/lottery/result-17-01-2561.aspx,2018-01-17-BE2561.html
2017-12-30,ผลสลากกินแบ่งรัฐบาล งวดวันที่ 30 ธันวาคม 2560,2560,911234,6,504|953,98,911233|911235,,086171|514304|758601|856803|872227,010001|118009|124051|785457|889258|046314|119676|394820|884944|999853,017728|205580|426466|601965|872978|058862|229426|434788|619041|881435|113199|243035|443394|641979|912745|141303|261970|447530|662122|916152|153397|280255|462934|686078|920367|155718|318926|467229|697624|924811|156524|329926|484993|702858|928243|171440|333479|583919|750098|932067|176009|382571|592800|807403|943983|201301|424268|598427|830399|961704,032894|247617|468376|647925|772180|048896|253246|472667|653836|799194|067655|257574|477421|663461|819977|070841|272644|489304|663587|821080|072551|273107|492150|674132|823527|076266|283852|511914|676077|827941|116247|287446|512140|684430|841028|125255|295794|517245|684839|850297|130000|301209|520896|690517|853720|133298|302592|535860|694216|855061|136369|319141|542443|701825|859371|150611|348094|544909|721167|864622|167510|360371|563933|721367|868228|180229|374131|570029|723836|882232|180958|411924|572291|727680|901594|190544|412925|596198|729884|908899|207706|415012|614414|730523|937839|214305|449752|617970|745063|945083|215753|454012|638386|760321|949138|228278|459777|643180|760803|988216,True,https://myhora.com/lottery/result-30-12-2560.aspx,2017-12-30-BE2560.html
2017-12-16,ผลสลากกินแบ่งรัฐบาล งวดวันที่ 16 ธันวาคม 2560,2560,955596,6,290|938,89,955595|955597,,176375|427257|536303|655903|900849,018285|425831|469455|695859|828161|235552|432883|612820|765964|896598,025656|206830|314111|396649|748334|026171|212972|314292|396713|781817|031609|218540|318166|401034|804097|031644|226284|327833|408075|809197|038409|251949|328794|507205|831087|099019|255779|342548|508622|842344|106241|272844|345277|511429|851193|114362|273411|354956|517131|864720|129595|286943|377763|629193|977518|165676|311142|385782|675122|992128,000080|152972|398541|592143|821365|021581|153659|410655|595629|825306|056261|173506|417891|653905|826557|058623|197154|420512|664508|830865|062352|204946|426367|664901|836897|065158|207927|426449|669804|848205|069655|209308|434746|670923|871865|076643|214468|436100|680967|880521|078315|226938|442709|684607|885530|079035|229310|473504|689483|909607|081890|244897|476373|704454|910486|082423|271978|491519|706964|918083|089940|281860|492126|720050|918281|098892|286351|494225|721153|929482|101550|289548|501321|765586|929838|115024|291381|506712|804944|935883|134797|292521|511539|809359|944016|135639|335286|517240|809618|949887|146037|343563|532147|814312|962196|147914|348198|548165|814745|987989,True,https://myhora.com/lottery/result-16-12-2560.aspx,2017-12-16-BE2560.html
2017-12-01,ผลสลากกินแบ่งรัฐบาล งวดวันที่ 1 ธันวาคม 2560,2560,451005,6,257|601,33,451004|451006,,012591|039045|448892|477450|932501,037832|135938|428682|650144|880676|091100|201592|584632|762782|912321,024010|147671|471342|619509|855057|026677|167413|475297|666149|861751|038018|187624|500325|716442|884099|057130|213972|500500|731969|904599|060106|242096|512451|750927|910732|078033|257622|530910|761457|910781|079707|286951|559491|787329|942497|104111|332735|564423|815570|943759|114416|397699|565704|818521|974840|126736|432456|565721|836315|985846,002067|131651|369621|608621|830525|011438|144069|391062|620463|830973|017368|146685|412771|622245|844399|038276|183603|413631|628884|850515|041274|195203|414258|650962|861386|043553|202825|424966|657935|861909|046610|211896|444286|667726|875550|048038|249765|449860|675716|879960|054706|266684|457455|681400|887640|055623|268883|467441|702373|894715|061128|275200|476223|702745|908663|062157|287127|486648|731624|926736|069972|294397|495665|738383|935523|081836|303755|525983|742283|948083|082470|312191|535453|766006|953238|097162|312203|538073|767692|963118|119589|321183|563770|792429|975093|121729|327689|583219|793746|982618|128211|352219|590187|794068|990031|131524|358856|600905|802693|995571,True,https://myhora.com/lottery/result-01-12-2560.aspx,2017-12-01-BE2560.html
2017-11-16,ผลสลากกินแบ่งรัฐบาล งวดวันที่ 16 พฤศจิกายน 2560,2560,292391,6,477|628,98,292390|292392,,021700|135424|357956|642849|803665,073181|228437|263038|312411|666338|168344|248877|309007|592098|687418,043852|306091|583735|654880|843736|077406|323268|583903|692971|873963|101685|351935|590052|715607|885485|112661|392581|600828|721771|899073|113126|415566|608794|724388|930909|136984|418208|611952|761758|950736|162108|457484|612774|773574|969400|210673|505130|624395|796973|974831|263683|527734|644405|811839|986391|299353|561729|650026|814596|999667,015218|176169|424234|641872|814789|025147|220511|445210|658210|833506|065767|233329|460255|665445|834542|085407|243962|466901|679592|844899|093394|254388|468042|686727|876094|096070|261511|468182|691884|888594|103903|278663|474126|711955|889521|108318|297622|493735|734355|901235|114164|310942|499981|744232|910145|120277|367290|503076|761140|925550|124903|370281|516697|762745|927312|130065|372925|517595|764627|933811|133507|374623|540387|765114|953426|133968|379050|587732|772325|963251|136913|379836|600995|773734|970163|147516|379983|601748|774653|973141|150620|404753|606080|776336|974059|162438|408627|617959|784913|977374|167432|413182|620572|793698|985180|172433|423662|626012|807242|992814,True,https://myhora.com/lottery/result-16-11-2560.aspx,2017-11-16-BE2560.html
2017-11-01,ผลสลากกินแบ่งรัฐบาล งวดวันที่ 1 พฤศจิกายน 2560,2560,533726,6,036|485,85,533725|533727,,207204|440879|497237|617980|951035,195866|271632|356817|643292|852509|221435|331751|578206|824536|965400,001263|216680|428264|570718|773706|009858|227663|450928|575848|775833|070880|240610|469579|607203|788521|104008|247967|473765|622114|834022|124404|268386|501283|696245|873762|125838|281155|521350|698919|877149|129205|302041|540510|712207|889479|145388|379756|543337|724415|926624|156493|383075|556546|738140|931437|203055|411755|557169|764510|956856,006555|210554|424320|615441|857793|007883|229044|429901|617283|867177|017809|230161|456938|618915|873490|019293|235006|463861|640249|878860|038276|252163|467003|647038|892015|044624|260500|485599|670524|899309|047020|266801|489312|695390|901466|051909|269421|512292|698328|911913|070407|279935|522529|713448|924447|095244|298608|525959|730669|928129|098597|324029|528172|741700|929052|106578|329876|528280|765199|932719|113286|364734|537719|780694|942028|122017|372221|542591|798210|945762|145821|396723|544322|826783|952213|150996|399108|548390|830187|954310|154176|400566|554191|843336|957227|187116|401648|568991|845846|966534|194007|406118|573434|849567|972987|203781|410462|574226|855583|975753,True,https://myhora.com/lottery/result-01-11-2560.aspx,2017-11-01-BE2560.html
2017-10-16,ผลสลากกินแบ่งรัฐบาล งวดวันที่ 16 ตุลาคม 2560,2560,413494,6,128|287,86,413493|413495,,113700|192717|523302|626487|846800,046495|204205|357001|569159|624020|134024|318373|414157|600826|803589,017024|292027|463294|613846|763565|056921|307089|480177|646381|776484|058280|313446|497524|652287|817179|099681|323864|497893|664593|823930|101306|327633|524699|702438|836619|116496|328027|540594|702727|860365|129820|348507|547664|725252|899615|137073|361895|595201|725822|934745|226748|391310|604164|741664|992771|260248|432105|612382|748495|994690,008099|241766|457786|635206|857184|013532|248040|462609|640086|862625|014638|253847|475450|652379|867268|076957|254124|478565|656705|875810|084137|256289|478979|662356|900414|084909|268359|479308|665463|902792|087753|294885|488979|688176|908647|091763|296516|507750|701090|910924|096318|319542|509636|701409|912311|105723|331634|519246|707301|915849|109938|338312|529647|726611|928109|137909|346955|543026|750503|935412|143805|368619|545636|756877|938536|149733|384767|558721|763875|940476|188677|400620|597263|793759|940481|192860|409226|609776|796049|949770|205546|419310|616743|806778|961345|208042|426871|621337|817897|977679|214379|429806|621605|828549|982492|230647|451438|626879|837413|984770,True,https://myhora.com/lottery/result-16-10-2560.aspx,2017-10-16-BE2560.html
2017-10-01,ผลสลากกินแบ่งรัฐบาล งวดวันที่ 1 ตุลาคม 2560,2560,880714,6,462|952,52,880713|880715,,132325|442603|769598|799449|872750,067352|223485|277129|455352|721341|068861|244469|293449|653688|915956,016757|239340|374089|523809|769585|046802|239552|413609|533743|785443|053548|250290|419171|608244|806705|067255|278420|436947|657464|812277|069335|305891|456661|716399|823532|091101|306402|460979|734920|827533|143243|311443|463021|738722|837274|178984|343936|479702|739000|849589|215973|353967|479752|745284|860536|232802|359143|515527|756557|896393,009597|223975|424983|631473|805899|020567|228796|439969|638833|814126|026157|229680|466868|641873|820713|030173|234389|470379|642414|832389|030972|241043|471669|655113|834983|038022|249647|487496|673070|858899|096214|259257|508174|684217|872663|102573|261417|518469|686008|878612|114170|265192|526712|688135|879716|116708|327101|532141|715360|902344|119720|329918|551488|721891|920536|122424|330342|570742|724419|927540|123199|340984|581463|730554|931097|160934|345964|589155|738915|940121|161139|348732|595697|739700|940706|163600|352327|598683|762339|942423|206765|364062|604440|766746|946601|209519|378225|614841|776965|967761|210405|407999|618115|781684|978997|220049|420863|624880|789054|982501,True,https://myhora.com/lottery/result-01-10-2560.aspx,2017-10-01-BE2560.html
2017-09-16,ผลสลากกินแบ่งรัฐบาล งวดวันที่ 16 กันยายน 2560,2560,170143,6,340|388,71,170142|170144,,018054|359597|424930|633909|814198,311763|492957|732656|845351|919578|368554|619755|838566|898510|976015,010652|172358|319283|581625|790098|034287|185927|363110|585038|799779|057316|208639|376567|606631|849299|084097|215731|421948|667988|856499|089972|228474|428931|676280|872650|100914|233563|457909|692439|876510|108775|242281|479376|722639|927090|121377|249609|482409|757039|930832|146840|264721|561200|763518|957353|150646|314037|580833|779779|991662,000199|166595|329287|523385|782920|000224|172410|349523|533317|805431|014237|180959|355469|589355|808154|018724|203817|363266|592669|809304|028772|216381|383688|616185|809334|042576|218896|388891|625019|840942|042913|237157|399907|643314|855421|057887|249962|409605|652376|856170|068017|252789|424970|676486|856582|071022|261533|425140|686311|861538|077850|276743|425191|696009|900202|103379|281638|431777|708340|902742|110162|286084|436793|709831|903177|125714|287258|455271|720045|908896|136671|291304|455615|722206|932279|144556|293555|481463|726217|944165|147545|297208|488010|728757|948613|151375|305851|489004|739345|981149|151542|315862|498352|747133|981704|158549|320024|516692|769123|999232,True,https://myhora.com/lottery/result-16-09-2560.aspx,2017-09-16-BE2560.html
2017-09-01,ผลสลากกินแบ่งรัฐบาล งวดวันที่ 1 กันยายน 2560,2560,143224,6,195|278,65,143223|143225,,245802|591396|686809|694048|730988,084754|223213|264096|412056|570083|154083|226983|366909|524767|641037,004091|190735|337757|542288|724593|037907|213034|339064|550530|752724|043342|224166|407884|582554|781347|083483|240677|418005|582915|791879|085791|256149|424238|651508|876629|095967|263371|427786|660776|882196|108037|283928|428022|664109|899124|134119|285013|451347|715977|933793|157433|287071|461658|720988|939668|170226|319172|476426|722345|953063,029387|220952|430679|602934|809584|039617|224496|440043|621012|819918|040383|225783|444190|632388|820149|106709|232178|446812|634279|821040|109142|241680|451844|637488|855850|114121|251839|466654|640391|857416|128873|281286|477569|678964|860838|132281|291472|488953|680779|866711|133823|293261|503113|681010|889223|138484|311789|503613|687937|907397|138867|321995|516639|692765|915019|154937|348030|518366|698233|923179|156894|358273|519033|698907|930913|159741|362734|526414|701402|948796|167230|364259|561157|709595|950266|180564|370800|563189|736853|975773|183329|376110|576236|739132|982952|208758|410952|576524|756700|983542|211600|415995|580849|769267|985237|213836|430317|602298|807695|987139,True,https://myhora.com/lottery/result-01-09-2560.aspx,2017-09-01-BE2560.html
2017-08-16,ผลสลากกินแบ่งรัฐบาล งวดวันที่ 16 สิงหาคม 2560,2560,715431,6,253|945,37,715430|715432,,050755|160502|333699|780589|831514,052996|250641|449343|595146|726484|225617|405059|536750|692474|730077,004485|212628|390517|706379|806567|022824|221340|432642|729865|817787|055909|230363|453205|738435|832863|077788|239136|543939|773262|834982|134941|266094|574494|779529|865922|150289|283410|599179|787856|872000|156238|300187|600815|800093|916450|171206|341919|608804|803794|932568|175538|344030|666395|804463|940765|185177|351288|701423|805108|998017,005199|252637|405647|566943|787316|027485|264422|410869|585959|792228|031706|276589|414351|586501|803617|041922|283333|415073|590351|803618|047402|289988|416008|594712|806724|050640|306448|420039|595576|823160|074261|329587|428697|597312|833795|077895|332900|429215|616334|834830|084107|353080|443902|618547|839419|088088|355276|474669|622539|860626|153681|357422|492291|634070|873826|162776|365052|499170|636534|884166|215481|365344|507588|660122|884504|216619|373700|508266|691014|905625|219113|380484|509465|709020|909725|226572|386971|524382|711941|935058|227804|394092|537852|714663|937441|229390|395287|553298|743270|947786|232305|399093|561896|766356|956462|249779|404049|563600|767254|966447,True,https://myhora.com/lottery/result-16-08-2560.aspx,2017-08-16-BE2560.html
2017-08-01,ผลสลากกินแบ่งรัฐบาล งวดวันที่ 1 สิงหาคม 2560,2560,756519,6,787|989,36,756518|756520,,041938|042845|062174|173091|219884,007796|267271|395048|569285|878635|083769|275503|484725|632363|946999,020121|138420|420988|618387|854714|039972|163593|459671|661963|892798|041809|167502|468365|662429|902349|057379|179457|491283|673149|929369|062733|251024|506953|681124|930813|069686|325835|516477|682387|935699|093823|331560|520884|713643|946172|131825|344126|551240|752516|959667|134990|359454|563783|799366|965006|137645|382981|571436|837031|988721,007542|204511|438244|629873|785644|010147|206021|443565|638123|791628|054209|210536|445313|642022|795262|059828|220342|485463|668434|802362|061881|275428|507291|668513|807351|065139|280009|508349|679839|829636|082194|287935|509567|685955|833125|082779|292585|512441|692935|833531|089115|317127|536854|698212|833905|094111|323603|550918|712284|840855|109888|328828|557057|712843|850989|114932|351045|572490|726550|863341|149705|355296|576528|730527|878853|162885|357270|591519|736364|883974|163973|370208|601114|743123|898319|166751|371905|609875|743496|900336|169235|404835|610782|747385|903764|182409|420506|615146|750766|913713|185188|421124|617811|753076|924989|189725|430714|627599|765988|975039,True,https://myhora.com/lottery/result-01-08-2560.aspx,2017-08-01-BE2560.html
2017-07-16,ผลสลากกินแบ่งรัฐบาล งวดวันที่ 16 กรกฎาคม 2560,2560,820327,6,390|823,87,820326|820328,,222770|531543|621393|773338|993082,051784|200954|319735|469187|623850|123834|272422|403163|496299|759630,002351|188840|391936|610585|809930|093815|214284|419364|623886|814512|096284|235843|464286|636642|840057|106966|280954|516079|669536|869812|114617|288408|523624|670565|894115|133896|296432|524513|677274|894736|137417|315288|543856|734672|925574|142427|315864|546778|741024|928047|146311|334019|551291|757494|951729|173410|388917|585480|800077|980831,014058|234019|453067|689824|809678|033912|234379|464931|698046|812788|061418|244933|492954|710858|822803|079198|254527|500608|712482|842211|080928|256991|500610|713518|854177|082445|263487|516227|716428|876261|093704|269784|521813|719424|916254|101343|283097|527807|745834|927209|112500|297301|533079|750990|927263|120016|313650|549415|751642|938317|123350|337268|552860|751865|942995|137483|359126|554198|755065|945767|164761|372508|557406|759604|948652|172412|380060|563398|762144|953977|181182|399099|582970|769655|957117|182638|410815|602771|772016|965347|202337|417908|610177|781615|975172|224418|427320|641495|792628|976519|225278|430079|658854|799157|993413|227350|443403|674692|804427|994704,True,https://myhora.com/lottery/result-16-07-2560.aspx,2017-07-16-BE2560.html
2017-07-01,ผลสลากกินแบ่งรัฐบาล งวดวันที่ 1 กรกฎาคม 2560,2560,112360,6,005|688,26,112359|112361,,139531|150906|370407|560877|711250,100448|166103|433940|551506|752676|105853|233511|446690|730453|876750,001747|204864|389301|633843|764975|054349|209928|390060|638006|766652|079709|223072|407832|659013|787747|085749|255398|442569|696619|807771|087524|292896|447184|702856|847061|089330|307305|452553|707053|849142|095907|309289|486912|742359|860977|174769|345739|520175|744536|938127|185658|351272|530263|748806|989233|202006|355300|617826|757438|989388,013042|201824|337070|562785|780279|017371|201830|349497|571513|782044|019148|206488|352209|579023|789347|028294|213847|364074|583809|796912|029229|226363|373376|587245|827974|035361|229187|389956|613137|838906|055098|229234|400849|623393|845860|060508|232906|417362|627014|874745|066399|246649|429766|637745|876354|080013|266405|437709|657983|880556|088664|270252|451175|661480|881222|090007|278313|455022|667930|884432|093838|279638|469555|690104|886542|105736|288153|470768|692698|912517|110880|297141|472230|703651|917022|130471|309877|483363|707027|946022|134925|314205|498779|713256|952753|159612|316528|505668|718495|956895|167484|319920|520961|735793|978271|188941|327723|526053|774819|999744,True,https://myhora.com/lottery/result-01-07-2560.aspx,2017-07-01-BE2560.html
2017-06-16,ผลสลากกินแบ่งรัฐบาล งวดวันที่ 16 มิถุนายน 2560,2560,943142,6,373|740,47,943141|943143,,132638|468073|569856|741768|783352,074200|185966|281764|758373|964747|176203|274366|359895|934554|970026,095717|255433|422932|629695|782134|108104|264908|424533|637458|797530|118584|271063|432049|651415|824043|145610|303631|505836|652973|842539|150857|337356|525232|660813|860826|173990|343690|559675|685040|898855|208843|353051|589117|711750|902544|216100|355049|603456|719963|942270|246220|362623|625240|721893|982319|250253|394935|627508|774959|998471,012156|222141|388731|537136|784982|022474|224547|397516|540048|785881|043195|235554|411126|561059|809111|058445|253129|411786|563295|815799|073322|255899|418328|568822|817561|082821|256158|419738|573304|818635|086892|261854|439403|595561|819460|098192|277744|444743|596039|827703|103466|283068|445296|623484|841782|109013|292056|446054|632801|850973|110671|316164|448072|635589|853699|111525|337602|451569|644961|870690|119785|346659|467035|655745|883861|144383|349128|469178|658454|925137|147582|349199|473346|660085|937225|151734|356110|484640|680066|940924|164599|357822|487485|700273|945051|165418|358387|518900|715511|946010|169072|379191|528423|723775|990100|203988|381086|535340|727592|990168,True,https://myhora.com/lottery/result-16-06-2560.aspx,2017-06-16-BE2560.html
2017-06-01,ผลสลากกินแบ่งรัฐบาล งวดวันที่ 1 มิถุนายน 2560,2560,053630,6,581|881,61,053629|053631,,289856|300558|525252|555938|629977,063756|175213|290274|657661|707525|135635|252583|599637|695937|999340,024875|294266|437535|549189|773214|071708|309249|447690|551583|778595|091076|325448|448202|561589|802858|126579|350435|452587|576543|849767|143166|368262|473210|594238|853120|174218|388875|486717|660729|883851|196728|408872|492358|708675|886914|201757|410919|493455|744339|905119|260469|431672|493520|747835|973095|270229|433989|499318|773193|987271,000643|155810|388968|603765|828136|014525|162155|391729|610310|832180|023177|193821|397422|618725|832387|026358|203236|403194|648902|832452|030019|207254|411029|653254|833238|034296|211376|419467|665960|847977|039149|221165|434249|669892|849099|040982|248456|438489|671069|856321|050358|266703|443587|673752|865634|071525|268066|457478|682456|899325|075921|291253|486776|689135|909403|079360|309257|489973|693421|940604|083027|315477|490425|717826|943919|093372|368332|519002|733207|955586|096443|368703|523490|745085|955863|102007|373123|556536|748353|957561|110044|373752|558157|761134|959382|119436|378497|563228|770267|963286|127358|379704|563769|782717|970592|128070|388274|563851|797355|999315,True,https://myhora.com/lottery/result-01-06-2560.aspx,2017-06-01-BE2560.html
2017-05-16,ผลสลากกินแบ่งรัฐบาล งวดวันที่ 16 พฤษภาคม 2560,2560,454891,6,490|603,53,454890|454892,,014043|028075|352789|399990|556970,016710|071382|416989|738897|876920|048974|346751|617849|838958|898168,009267|168687|412819|638158|818227|018622|212675|434990|643765|819284|028334|236585|503498|645051|837011|032000|296232|549683|672946|861100|067140|313339|553995|684787|875974|083412|315807|555104|733941|906871|085290|322106|559947|756198|914701|102944|359029|579539|770436|945780|127676|370449|583360|806807|963812|138951|404962|613479|810454|967686,030903|224701|440666|626252|815982|054268|226309|460960|632208|820355|071997|230756|463535|633362|824295|087235|237966|468595|644097|832607|089414|239358|489529|652511|841030|089744|247647|491476|684238|845396|096092|252187|537553|707770|853823|100001|266888|537656|718842|855243|120242|279377|539327|736835|873937|137662|309873|554505|755603|896548|145612|322942|560887|758119|909501|164297|338794|561582|761486|935958|182104|344269|562344|766786|942014|186466|357422|577997|767561|946550|186574|364085|585124|775450|946651|203269|373237|590843|776384|948528|207533|401173|590895|783881|957679|210348|422268|593348|788981|959724|213106|433112|595661|799460|987781|215740|434404|597349|809197|991460,True,https://myhora.com/lottery/result-16-05-2560.aspx,2017-05-16-BE2560.html
2017-05-02,ผลสลากกินแบ่งรัฐบาล งวดวันที่ 2 พฤษภาคม 2560,2560,008656,6,773|923,35,008655|008657,,370525|395118|657205|713652|915073,084806|428119|691883|828072|976504|348209|652360|734913|872140|978058,002402|226805|458857|697837|866179|009566|228954|474260|712804|874483|039516|258264|504814|715361|885363|040979|348987|533451|752076|887063|044431|365344|561919|767133|936038|094752|367716|577007|781211|939226|148943|399027|577947|797932|944849|186052|441525|590783|808470|957680|204569|446648|619747|808719|980393|205478|456685|643854|811199|984480,019542|201632|384669|580631|779536|026798|214855|398540|590119|779932|042733|216623|408729|595060|793894|059442|223470|408955|601032|801180|061882|224564|411618|607886|811962|066652|231824|423679|627292|820498|079305|234432|423727|657326|830204|082089|236792|448415|660861|844561|104594|251586|459522|671502|851782|115759|256015|464416|672867|852732|127032|270734|490246|683619|853517|127196|295940|496500|694454|905196|132822|301719|503074|706691|911899|144468|321390|507234|709668|916492|147717|332784|518877|715382|916699|149780|358529|545623|715514|932131|166688|359422|554765|730932|959253|172735|366208|559527|759388|962243|192338|370226|568852|770421|965667|194186|383439|578617|775081|970698,True,https://myhora.com/lottery/result-02-05-2560.aspx,2017-05-02-BE2560.html
2017-04-16,ผลสลากกินแบ่งรัฐบาล งวดวันที่ 16 เมษายน 2560,2560,816729,6,241|807,40,816728|816730,,034902|061512|105092|334230|367514,072551|176907|222300|634739|855288|150780|195645|577598|836559|982445,014348|337517|506917|659960|844066|088302|389109|524120|676991|863318|107405|400765|526074|679725|923047|118186|405547|573195|684600|927174|118917|421438|574555|768401|927233|131438|423379|587367|787269|930586|269574|471261|601577|799522|939053|298813|478474|624889|802187|989116|313743|486400|625495|802596|991492|321054|491498|650103|826744|993346,042100|151152|432361|663415|822004|046012|202627|448878|665115|824878|051158|205465|457093|674971|829351|051502|211101|467123|676580|830303|052452|225030|469096|716825|860456|062234|226552|509685|720061|875524|065067|228024|510314|724352|879701|066011|243540|534717|740759|887742|070541|262485|542418|743190|904703|074440|275653|567643|743604|910110|083830|289552|578483|751679|917741|094750|295826|579726|758967|935736|098077|310082|586512|763417|935811|101798|321368|596445|766841|949869|104463|344546|611976|775329|951580|105957|353874|622725|786781|963036|123040|371535|622849|806224|966680|132835|405423|636048|811113|978078|134665|418263|639215|815588|984360|137024|422632|657596|817216|993191,True,https://myhora.com/lottery/result-16-04-2560.aspx,2017-04-16-BE2560.html
2017-04-01,ผลสลากกินแบ่งรัฐบาล งวดวันที่ 1 เมษายน 2560,2560,392785,6,500|709,80,392784|392786,,023171|250471|337404|492573|931296,029559|082428|181267|449379|912742|082228|178593|218499|861898|985319,049776|270076|456580|585585|748616|069465|291502|500740|638921|776385|070701|298910|508895|660377|822271|109404|314291|520226|660396|885763|154672|315794|531935|687748|907653|156154|331292|535567|688040|931518|161101|384137|546040|705590|932409|174727|428196|548498|711912|950713|187331|445917|565185|716353|952480|243883|453711|572058|746234|956376,003776|141600|323229|518868|809005|007764|144988|325082|520800|810563|019075|145099|325625|529080|814613|019583|146313|336476|554406|817144|048074|167974|337706|588313|823760|051327|204123|350937|593194|825286|053635|211027|372136|595131|827632|056380|214691|386547|600894|842934|057503|217828|396571|612209|848066|058718|224804|401340|629366|856455|060524|242491|451710|664243|869403|062646|252738|455690|669151|901194|070031|269694|455899|674313|928704|073541|273601|482493|695180|938222|080639|276618|482502|707707|949035|101532|283522|485444|727469|958778|118945|284378|493638|729090|977463|119360|287470|513189|741489|977924|128079|301612|514166|756100|988772|137276|320170|518072|789053|988976,True,https://myhora.com/lottery/result-01-04-2560.aspx,2017-04-01-BE2560.html
2017-03-16,ผลสลากกินแบ่งรัฐบาล งวดวันที่ 16 มีนาคม 2560,2560,273863,6,694|941,92,273862|273864,,245075|347668|373330|434977|944551,015381|185541|494763|616578|861003|077325|425646|554080|684176|954856,010881|277797|466309|630660|869211|040133|303210|472422|632418|890483|112703|347509|473544|634383|909111|113324|361777|474592|709399|914541|126171|371740|509011|736867|925314|174975|374970|520501|754423|933557|215762|391458|545883|785986|939295|262457|392133|597466|787998|949154|267497|426349|600503|788565|993324|269782|434127|628384|807336|995901,004402|187480|369432|538480|831799|010410|199143|387505|545186|833621|015825|207014|395977|565256|858040|017220|220906|410833|618507|865660|017380|222507|413805|624988|867911|026734|226787|420784|659371|875606|031282|237465|436394|670807|879946|070210|251495|448852|684341|887381|113656|256084|452284|685965|901826|116407|256147|480661|697426|903521|143215|256180|486902|722764|913723|146224|267144|490616|736523|913998|148528|271825|498049|753658|923385|151699|284407|501762|756979|940597|156112|290865|509288|762085|952089|157333|297663|510672|774002|969761|163031|303645|513204|800631|983048|164031|308084|525015|801481|984260|172474|356845|531531|804211|990707|172681|358101|531667|818402|995553,True,https://myhora.com/lottery/result-16-03-2560.aspx,2017-03-16-BE2560.html
2017-03-01,ผลสลากกินแบ่งรัฐบาล งวดวันที่ 1 มีนาคม 2560,2560,978453,6,052|577,78,978452|978454,,113335|136076|689306|822223|946618,004358|150099|297827|320327|737650|122732|158848|309517|566068|760482,010530|328193|487502|680148|838019|021651|329440|511351|695145|862106|050293|370902|514943|702888|943844|090371|398696|528969|713359|961910|090964|401271|556581|722155|966275|093499|406211|569050|757242|972419|134423|437246|571130|808317|972841|144482|440339|588689|808405|974384|202947|461525|634907|811374|981232|290454|474014|645397|823273|981687,006037|230471|425705|571851|781432|008680|236910|434726|575800|785889|013143|239922|437857|581763|788045|032502|243064|438254|595551|838256|035820|256840|441622|596144|838612|043214|257022|447496|630020|855353|082756|260264|453112|635258|861479|087971|291695|454142|666212|865965|089975|295481|464687|672437|870205|108544|317072|476848|677603|893788|117793|322581|480487|677939|905405|151922|328942|499283|704020|912932|158511|350350|502030|710474|915789|187219|367717|514120|717130|916230|189260|372159|516798|717334|916290|196503|383350|525864|731190|926544|197947|401006|537345|739720|938105|216678|418805|540231|747572|963500|226784|420363|548870|752713|972260|229461|421965|560166|767667|982153,True,https://myhora.com/lottery/result-01-03-2560.aspx,2017-03-01-BE2560.html
2017-02-16,ผลสลากกินแบ่งรัฐบาล งวดวันที่ 16 กุมภาพันธ์ 2560,2560,229116,6,375|953,14,229115|229117,,180722|243550|354053|690334|706247,163153|374238|612553|823475|961307|314197|557362|723617|845080|980260,007825|300688|445101|614669|794182|017114|303793|453512|615102|795404|028078|307799|460976|634906|808318|028608|324540|509370|686705|811385|109806|341844|521797|686796|816350|154834|362273|548462|691103|828148|195215|385453|553800|724886|847263|212985|387343|569273|731617|857114|250491|428555|590931|767520|945749|262883|443387|598302|779413|977788,002923|113058|320657|562088|780701|006969|114036|328526|562312|781809|014066|120969|353392|563392|794262|014818|138417|370782|567810|807638|020438|149037|373374|638639|816354|022317|154108|390324|650356|822540|027724|155686|396677|653277|842014|041726|172108|405183|654601|863535|045611|178563|417095|668602|866728|046985|194962|425164|671247|876493|061729|198606|432864|679416|890107|068078|227183|461911|683720|897277|068093|237560|477305|684590|909358|075191|254439|494022|688959|937801|076359|271060|499162|695242|943983|082223|286061|517355|699754|963870|087567|293350|539608|747773|971153|092512|294378|540632|761960|974934|097381|295827|557127|769959|978601|104662|303480|557598|775919|987256,True,https://myhora.com/lottery/result-16-02-2560.aspx,2017-02-16-BE2560.html
2017-02-01,ผลสลากกินแบ่งรัฐบาล งวดวันที่ 1 กุมภาพันธ์ 2560,2560,054672,6,426|628,42,054671|054673,,001024|099921|201426|261877|856652,049209|242207|350633|604264|830032|218194|247481|602819|828244|999774,029840|163668|357481|505216|695046|041968|173550|433401|510056|789882|043067|217102|441568|536604|803054|050472|237482|445463|546997|816821|059884|240720|447517|560428|819580|065548|247840|450730|598336|830883|065946|276406|473310|636369|918055|069013|298579|473719|646501|927600|093084|311222|480458|663555|964029|093991|332466|504983|689623|975994,003833|259773|498182|600781|845257|080353|266432|513796|602466|873545|086329|266682|520652|652669|890077|100676|277460|533674|668195|898450|101616|307441|538034|676899|904876|112430|314674|538162|681104|911233|128799|325258|550210|688193|912524|149924|346185|552789|690106|920856|158667|357746|556353|717083|933899|170736|378906|558309|740357|954610|174090|402797|563957|751565|958522|186209|439666|564141|754069|960891|192350|441789|564530|776769|964986|199909|441972|568371|778497|974501|217091|464397|572171|787409|974620|223182|470323|575166|787700|979018|229470|471425|580345|794551|992520|236669|477261|589546|802268|995175|250170|479331|591642|821520|996269|253852|494066|597540|835278|997731,True,https://myhora.com/lottery/result-01-02-2560.aspx,2017-02-01-BE2560.html
2017-01-17,ผลสลากกินแบ่งรัฐบาล งวดวันที่ 17 มกราคม 2560,2560,145157,6,516|836,25,145156|145158,,132600|271249|533664|597584|872933,057227|155028|491694|609692|966554|146352|444609|586183|610096|989663,004706|169308|301890|512673|729201|011805|179116|304431|523629|770824|059663|189124|319218|523774|772397|064672|203214|351255|548195|852517|065751|203427|412833|592568|861826|077653|208976|417030|640290|865111|091939|226774|489498|647409|876426|115223|239220|493726|677204|911331|143923|266210|497492|684813|914217|162727|299815|508703|715120|989644,002294|197330|431697|638683|820668|014662|210538|453759|642182|825348|020483|246495|458261|647375|835682|030666|248461|475454|678814|845059|043587|252289|480373|684047|848337|052669|264686|503248|686477|857613|057938|290525|504037|694888|866263|058935|295395|563360|709521|869093|068032|295868|565738|709735|869185|088180|319035|569579|715060|895553|092052|331457|570022|723000|916620|100604|350918|574992|750949|921613|106903|355723|585540|790098|930668|117999|357728|589001|801263|947134|118289|376222|589958|801542|952460|142162|384194|604153|804858|955748|179782|397598|606918|806624|960679|181066|407424|611001|808474|963586|190822|417612|615183|809668|986519|194627|420300|632556|816762|997729,True,https://myhora.com/lottery/result-17-01-2560.aspx,2017-01-17-BE2560.html
